rule_id,source_id,source_path,source_start_line,source_end_line,treatment,target_rule_id,principle_ids,retirement_reason,conflict_status
RULE-W0-001,SRC-W0-001,docs/W0-intake/00-main.md,9,9,merge,TOPIC-SELECTION-TRIGGER,,,
RULE-W0-002,SRC-W0-001,docs/W0-intake/00-main.md,9,9,merge,TOPIC-SELECTION-TRIGGER,,,
RULE-W0-003,SRC-W0-001,docs/W0-intake/00-main.md,9,9,merge,TOPIC-SELECTION-TRIGGER,,,
RULE-W0-004,SRC-W0-001,docs/W0-intake/00-main.md,9,9,merge,TOPIC-SELECTION-TRIGGER,,,
RULE-W0-005,SRC-W0-001,docs/W0-intake/00-main.md,15,15,merge,TOPIC-SELECTION-TRIGGER,,,
RULE-W0-006,SRC-W0-001,docs/W0-intake/00-main.md,16,16,merge,TOPIC-SELECTION-TRIGGER,,,
RULE-W0-007,SRC-W0-001,docs/W0-intake/00-main.md,17,17,merge,TOPIC-SELECTION-TRIGGER,,,
RULE-W0-008,SRC-W0-001,docs/W0-intake/00-main.md,18,18,merge,TOPIC-SELECTION-TRIGGER,,,
RULE-W0-009,SRC-W0-001,docs/W0-intake/00-main.md,19,19,merge,TOPIC-SELECTION-TRIGGER,,,
RULE-W0-010,SRC-W0-001,docs/W0-intake/00-main.md,23,23,merge,TOPIC-SELECTION-FAST-PATH,,,
RULE-W0-011,SRC-W0-001,docs/W0-intake/00-main.md,24,24,merge,TOPIC-SELECTION-FAST-PATH,,,
RULE-W0-012,SRC-W0-001,docs/W0-intake/00-main.md,25,25,merge,TOPIC-SELECTION-FAST-PATH,,,
RULE-W0-013,SRC-W0-001,docs/W0-intake/00-main.md,26,26,rewrite,VERIFY-EVIDENCE-W0-001-L026,,,
RULE-W0-014,SRC-W0-001,docs/W0-intake/00-main.md,30,30,merge,TOPIC-DECISION-RECORD,,,
RULE-W0-015,SRC-W0-001,docs/W0-intake/00-main.md,47,47,rewrite,PLAN-SINGLE-RECORD-DEFAULT,ITEM-PLANNING-001,,
RULE-W0-016,SRC-W0-001,docs/W0-intake/00-main.md,51,51,merge,TOPIC-PROBLEM-FIRST,CATEGORY-INITIATION-001;ITEM-SELECTION-001,,
RULE-W0-017,SRC-W0-001,docs/W0-intake/00-main.md,51,51,merge,TOPIC-PROBLEM-FIRST,ITEM-SELECTION-001,,
RULE-W0-018,SRC-W0-001,docs/W0-intake/00-main.md,52,52,merge,TOPIC-CANDIDATE-COMPARISON,,,
RULE-W0-019,SRC-W0-001,docs/W0-intake/00-main.md,53,53,merge,TOPIC-CANDIDATE-COMPARISON,,,
RULE-W0-020,SRC-W0-001,docs/W0-intake/00-main.md,53,53,merge,TOPIC-CANDIDATE-COMPARISON,,,
RULE-W0-021,SRC-W0-001,docs/W0-intake/00-main.md,53,53,merge,TOPIC-CANDIDATE-COMPARISON,,,
RULE-W0-022,SRC-W0-001,docs/W0-intake/00-main.md,53,53,merge,TOPIC-CANDIDATE-COMPARISON,,,
RULE-W0-023,SRC-W0-001,docs/W0-intake/00-main.md,53,53,merge,TOPIC-CANDIDATE-COMPARISON,,,
RULE-W0-024,SRC-W0-001,docs/W0-intake/00-main.md,54,54,merge,TOPIC-WIP-DISPLACEMENT,,,
RULE-W0-025,SRC-W0-001,docs/W0-intake/00-main.md,54,54,merge,TOPIC-WIP-DISPLACEMENT,,,
RULE-W0-026,SRC-W0-001,docs/W0-intake/00-main.md,55,55,merge,TOPIC-NON-SELECTION-RECORD,,,
RULE-W0-027,SRC-W0-001,docs/W0-intake/00-main.md,56,56,rewrite,TOPIC-SELECTED-CONTEXT,,,
RULE-W0-028,SRC-W0-001,docs/W0-intake/00-main.md,56,56,merge,IMPL-SELECTED-STANDARD-HIGH-RISK-CHANGE,,,
RULE-W0-029,SRC-W0-001,docs/W0-intake/00-main.md,58,58,merge,TOPIC-DECISION-AUTOMATION-BOUNDARY,,,
RULE-W0-030,SRC-W0-001,docs/W0-intake/00-main.md,58,58,merge,TOPIC-DECISION-AUTOMATION-BOUNDARY,,,
RULE-W0-031,SRC-W0-001,docs/W0-intake/00-main.md,58,58,merge,TOPIC-DECISION-AUTOMATION-BOUNDARY,,,
RULE-W0-032,SRC-W0-001,docs/W0-intake/00-main.md,62,62,merge,DEFINITION-HUMAN-PRODUCT-DECISION,,,
RULE-W0-033,SRC-W0-001,docs/W0-intake/00-main.md,63,63,rewrite,TECH-157-BILLING-ENTITLEMENT-PRICING-S01,,,
RULE-W0-034,SRC-W0-001,docs/W0-intake/00-main.md,64,64,rewrite,TOPIC-EXTERNAL-COMMITMENT,,,
RULE-W0-035,SRC-W0-001,docs/W0-intake/00-main.md,65,65,rewrite,VERIFY-EVIDENCE-W0-001-L065,,,
RULE-W0-036,SRC-W0-001,docs/W0-intake/00-main.md,66,66,rewrite,TOPIC-HIGH-IMPACT-SCOPE-REDUCTION,,,
RULE-W0-037,SRC-W0-001,docs/W0-intake/00-main.md,68,68,merge,TOPIC-DECISION-AUTOMATION-BOUNDARY,,,
RULE-W0-038,SRC-W0-001,docs/W0-intake/00-main.md,68,68,merge,TOPIC-DECISION-AUTOMATION-BOUNDARY,,,
RULE-W0-039,SRC-W0-001,docs/W0-intake/00-main.md,68,68,merge,TOPIC-DECISION-AUTOMATION-BOUNDARY,,,
RULE-W0-040,SRC-W0-001,docs/W0-intake/00-main.md,68,68,merge,TOPIC-DECISION-AUTOMATION-BOUNDARY,,,
RULE-W0-041,SRC-W0-001,docs/W0-intake/00-main.md,72,72,merge,TOPIC-GOVERNANCE-EXTENSION,,,
RULE-W0-042,SRC-W0-001,docs/W0-intake/00-main.md,74,74,merge,TOPIC-GOVERNANCE-EXTENSION,,,
RULE-W0-043,SRC-W0-001,docs/W0-intake/00-main.md,75,75,merge,TOPIC-GOVERNANCE-EXTENSION,,,
RULE-W0-044,SRC-W0-001,docs/W0-intake/00-main.md,76,76,rewrite,EXPERIENCE-FOCUS-REVIEW-TRIGGER,,,
RULE-W0-045,SRC-W0-001,docs/W0-intake/00-main.md,77,77,merge,TOPIC-GOVERNANCE-EXTENSION,,,
RULE-W0-046,SRC-W0-001,docs/W0-intake/00-main.md,78,78,merge,TOPIC-GOVERNANCE-EXTENSION,,,
RULE-W0-047,SRC-W0-001,docs/W0-intake/00-main.md,80,80,merge,TOPIC-GOVERNANCE-EXTENSION,,,
RULE-W0-048,SRC-W0-001,docs/W0-intake/00-main.md,80,80,rewrite,VERIFY-WORKFLOW-GATE-W0-001-L080,,,
RULE-W0-049,SRC-W0-001,docs/W0-intake/00-main.md,84,84,merge,RESEARCH-DECISION-HANDOFF,,,
RULE-W0-050,SRC-W0-001,docs/W0-intake/00-main.md,84,84,merge,RESEARCH-DECISION-HANDOFF,,,
RULE-W0-051,SRC-W0-001,docs/W0-intake/00-main.md,84,84,merge,RESEARCH-DECISION-HANDOFF,,,
RULE-W0-052,SRC-W0-001,docs/W0-intake/00-main.md,84,84,merge,RESEARCH-DECISION-HANDOFF,,,
RULE-W0-053,SRC-W0-001,docs/W0-intake/00-main.md,84,84,merge,TOPIC-NON-SELECTION-RECORD,,,
RULE-W0-054,SRC-W0-001,docs/W0-intake/00-main.md,88,88,merge,TOPIC-GOVERNANCE-RETIREMENT,,,
RULE-W0-055,SRC-W0-001,docs/W0-intake/00-main.md,89,89,rewrite,EVALUATION-ARTIFACT-001,,,
RULE-W0-056,SRC-W0-001,docs/W0-intake/00-main.md,90,90,merge,TOPIC-GOVERNANCE-RETIREMENT,,,
RULE-W0-057,SRC-W0-001,docs/W0-intake/00-main.md,91,91,merge,TOPIC-GOVERNANCE-RETIREMENT,,,
RULE-W0-058,SRC-W0-001,docs/W0-intake/00-main.md,92,92,merge,TOPIC-GOVERNANCE-RETIREMENT,,,
RULE-W0-059,SRC-W0-001,docs/W0-intake/00-main.md,3,3,merge,TOPIC-NORM-PRECEDENCE,,,
RULE-W0-060,SRC-W0-001,docs/W0-intake/00-main.md,33,33,merge,TOPIC-DECISION-RECORD,,,
RULE-W0-061,SRC-W0-001,docs/W0-intake/00-main.md,34,34,merge,TOPIC-DECISION-RECORD,,,
RULE-W0-062,SRC-W0-001,docs/W0-intake/00-main.md,35,35,merge,TOPIC-DECISION-RECORD,,,
RULE-W0-063,SRC-W0-001,docs/W0-intake/00-main.md,36,36,merge,TOPIC-DECISION-RECORD,,,
RULE-W0-064,SRC-W0-001,docs/W0-intake/00-main.md,37,37,rewrite,VERIFY-EVIDENCE-W0-001-L037,,,
RULE-W0-065,SRC-W0-001,docs/W0-intake/00-main.md,38,38,merge,TOPIC-DECISION-RECORD,,,
RULE-W0-066,SRC-W0-001,docs/W0-intake/00-main.md,39,39,merge,TOPIC-DECISION-RECORD,,,
RULE-W0-067,SRC-W0-001,docs/W0-intake/00-main.md,40,40,merge,TOPIC-DECISION-RECORD,,,
RULE-W0-068,SRC-W0-001,docs/W0-intake/00-main.md,41,41,merge,TOPIC-DECISION-RECORD,,,
RULE-W0-069,SRC-W0-001,docs/W0-intake/00-main.md,42,42,merge,TOPIC-DECISION-RECORD,,,
RULE-W0-070,SRC-W0-001,docs/W0-intake/00-main.md,43,43,merge,TOPIC-DECISION-RECORD,,,
RULE-W0-071,SRC-W0-001,docs/W0-intake/00-main.md,44,44,merge,TOPIC-DECISION-RECORD,,,
RULE-W1-001,SRC-W1-001,docs/W1-discovery/00-main.md,9,9,rewrite,TOPIC-RESEARCH-PRIORITY-BOUNDARY,,,
RULE-W1-002,SRC-W1-001,docs/W1-discovery/00-main.md,9,9,rewrite,TOPIC-RESEARCH-SPEC-BOUNDARY,,,
RULE-W1-003,SRC-W1-001,docs/W1-discovery/00-main.md,9,9,rewrite,VERIFY-AI-EVAL-FIXTURE-W1-001-L009,,,
RULE-W1-004,SRC-W1-001,docs/W1-discovery/00-main.md,9,9,merge,IMPL-DISCOVERY-AND-SPEC-BOUNDARY,,,
RULE-W1-005,SRC-W1-001,docs/W1-discovery/00-main.md,9,9,supersede,RELEASE-SCOPE-001,,,
RULE-W1-006,SRC-W1-001,docs/W1-discovery/00-main.md,13,13,merge,RESEARCH-PREIMPLEMENTATION-GATE,,,
RULE-W1-007,SRC-W1-001,docs/W1-discovery/00-main.md,15,15,merge,DEFINITION-PRODUCT-BET,,,
RULE-W1-008,SRC-W1-001,docs/W1-discovery/00-main.md,16,16,merge,RESEARCH-REAL-WORLD-EVIDENCE,,,
RULE-W1-009,SRC-W1-001,docs/W1-discovery/00-main.md,17,17,rewrite,RESEARCH-FOCUSED-OUTCOME,,,
RULE-W1-010,SRC-W1-001,docs/W1-discovery/00-main.md,18,18,merge,RESEARCH-VALUE-METRIC-AUTHORITY,,,
RULE-W1-011,SRC-W1-001,docs/W1-discovery/00-main.md,18,18,merge,DEFINITION-GUARDRAIL-METRICS,,,
RULE-W1-012,SRC-W1-001,docs/W1-discovery/00-main.md,19,19,merge,TOPIC-INVESTMENT-EVIDENCE-GATE,,,
RULE-W1-013,SRC-W1-001,docs/W1-discovery/00-main.md,21,21,merge,IMPL-USER-VISIBLE-LONG-WORK-ENTRY,,,
RULE-W1-014,SRC-W1-001,docs/W1-discovery/00-main.md,21,21,merge,IMPL-USER-VISIBLE-LONG-WORK-ENTRY,,,
RULE-W1-015,SRC-W1-001,docs/W1-discovery/00-main.md,21,21,merge,IMPL-USER-VISIBLE-LONG-WORK-ENTRY,,,
RULE-W1-016,SRC-W1-001,docs/W1-discovery/00-main.md,21,21,merge,RESEARCH-PREIMPLEMENTATION-GATE,,,
RULE-W1-017,SRC-W1-001,docs/W1-discovery/00-main.md,21,21,merge,IMPL-USER-VISIBLE-LONG-WORK-ENTRY,,,
RULE-W1-018,SRC-W1-001,docs/W1-discovery/00-main.md,27,27,merge,RESEARCH-DISCOVERY-APPLICABILITY,,,
RULE-W1-019,SRC-W1-001,docs/W1-discovery/00-main.md,28,28,merge,RESEARCH-DISCOVERY-APPLICABILITY,,,
RULE-W1-020,SRC-W1-001,docs/W1-discovery/00-main.md,29,29,merge,RESEARCH-REAL-WORLD-EVIDENCE,,,
RULE-W1-021,SRC-W1-001,docs/W1-discovery/00-main.md,33,33,rewrite,VERIFY-WORKFLOW-GATE-W1-001-L033,,,
RULE-W1-022,SRC-W1-001,docs/W1-discovery/00-main.md,34,34,rewrite,RESEARCH-INTERNAL-WORK-EXCLUSION,,,
RULE-W1-023,SRC-W1-001,docs/W1-discovery/00-main.md,35,35,merge,RESEARCH-INCIDENT-SEQUENCING,,,
RULE-W1-024,SRC-W1-001,docs/W1-discovery/00-main.md,35,35,merge,RESEARCH-INCIDENT-SEQUENCING,,,
RULE-W1-025,SRC-W1-001,docs/W1-discovery/00-main.md,39,39,rewrite,RESEARCH-CAPABILITY-IDENTITY,,,
RULE-W1-028,SRC-W1-001,docs/W1-discovery/00-main.md,54,54,merge,RESEARCH-REAL-WORLD-EVIDENCE,,,
RULE-W1-029,SRC-W1-001,docs/W1-discovery/00-main.md,54,54,rewrite,VERIFY-EVIDENCE-W1-001-L054,,,
RULE-W1-031,SRC-W1-001,docs/W1-discovery/00-main.md,56,56,rewrite,VERIFY-EVIDENCE-W1-001-L056,,,
RULE-W1-032,SRC-W1-001,docs/W1-discovery/00-main.md,56,56,merge,RESEARCH-EVIDENCE-BASED-DECISION,CATEGORY-INITIATION-001;ITEM-RESEARCH-001,,
RULE-W1-033,SRC-W1-001,docs/W1-discovery/00-main.md,60,60,rewrite,RESEARCH-LOW-RISK-AUTOMATION,,,
RULE-W1-034,SRC-W1-001,docs/W1-discovery/00-main.md,64,64,merge,DEFINITION-HUMAN-PRODUCT-DECISION,,,
RULE-W1-035,SRC-W1-001,docs/W1-discovery/00-main.md,65,65,merge,RESEARCH-VALUE-METRIC-AUTHORITY,,,
RULE-W1-036,SRC-W1-001,docs/W1-discovery/00-main.md,66,66,merge,RESEARCH-REAL-USER-EXPERIMENT-APPROVAL,,,
RULE-W1-037,SRC-W1-001,docs/W1-discovery/00-main.md,67,67,merge,TOPIC-INVESTMENT-EVIDENCE-GATE,,,
RULE-W1-038,SRC-W1-001,docs/W1-discovery/00-main.md,68,68,merge,RESEARCH-PRIVACY-ANALYTICS-APPROVAL,,,
RULE-W1-039,SRC-W1-001,docs/W1-discovery/00-main.md,69,69,merge,RESEARCH-EVIDENCE-BASED-DECISION,CATEGORY-INITIATION-001;ITEM-RESEARCH-001,,
RULE-W1-040,SRC-W1-001,docs/W1-discovery/00-main.md,74,74,rewrite,RESEARCH-PROPORTIONAL-ARTIFACTS,,,
RULE-W1-041,SRC-W1-001,docs/W1-discovery/00-main.md,83,83,rewrite,TOPIC-EVIDENCE-DEFICIT,,,
RULE-W1-042,SRC-W1-001,docs/W1-discovery/00-main.md,84,84,merge,RESEARCH-DEFINITION-HANDOFF,,,
RULE-W1-043,SRC-W1-001,docs/W1-discovery/00-main.md,84,84,merge,RESEARCH-DEFINITION-HANDOFF,,,
RULE-W1-044,SRC-W1-001,docs/W1-discovery/00-main.md,85,85,rewrite,VERIFY-AI-EVAL-FIXTURE-W1-001-L085,,,
RULE-W1-045,SRC-W1-001,docs/W1-discovery/00-main.md,86,86,rewrite,VERIFY-EVIDENCE-W1-001-L086,,,
RULE-W1-046,SRC-W1-001,docs/W1-discovery/00-main.md,87,87,rewrite,VERIFY-EVIDENCE-W1-001-L087,,,
RULE-W1-047,SRC-W1-001,docs/W1-discovery/00-main.md,88,88,merge,RESEARCH-EVIDENCE-BASED-DECISION,,,
RULE-W1-048,SRC-W1-001,docs/W1-discovery/00-main.md,88,88,merge,TOPIC-LEARNING-REASSESSMENT,,,
RULE-W1-049,SRC-W1-002,docs/W1-discovery/01-product-analytics-experiment-standard.md,7,7,merge,VERIFY-DATA-QUALITY,,,
RULE-W1-050,SRC-W1-002,docs/W1-discovery/01-product-analytics-experiment-standard.md,9,9,merge,DEFINITION-PRODUCT-ROUTING,,,
RULE-W1-051,SRC-W1-002,docs/W1-discovery/01-product-analytics-experiment-standard.md,15,15,rewrite,TECH-173-COST-VENDOR-S01,,,
RULE-W1-052,SRC-W1-002,docs/W1-discovery/01-product-analytics-experiment-standard.md,15,15,rewrite,TECH-191-TRACKING-PLAN-PRODUCTION-GATE,,,
RULE-W1-053,SRC-W1-002,docs/W1-discovery/01-product-analytics-experiment-standard.md,15,15,merge,RELEASE-GATE-001,,,
RULE-W1-054,SRC-W1-002,docs/W1-discovery/01-product-analytics-experiment-standard.md,36,36,merge,RESEARCH-ANALYTICS-APPLICABILITY,,,
RULE-W1-055,SRC-W1-002,docs/W1-discovery/01-product-analytics-experiment-standard.md,37,37,merge,RESEARCH-ANALYTICS-APPLICABILITY,,,
RULE-W1-056,SRC-W1-002,docs/W1-discovery/01-product-analytics-experiment-standard.md,38,38,merge,DEFINITION-GUARDRAIL-METRICS,,,
RULE-W1-057,SRC-W1-002,docs/W1-discovery/01-product-analytics-experiment-standard.md,39,39,merge,RESEARCH-ANALYTICS-APPLICABILITY,,,
RULE-W1-058,SRC-W1-002,docs/W1-discovery/01-product-analytics-experiment-standard.md,40,40,merge,RESEARCH-ANALYTICS-APPLICABILITY,,,
RULE-W1-059,SRC-W1-002,docs/W1-discovery/01-product-analytics-experiment-standard.md,44,44,merge,RESEARCH-ANALYTICS-EXCLUSIONS,,,
RULE-W1-060,SRC-W1-002,docs/W1-discovery/01-product-analytics-experiment-standard.md,45,45,merge,RESEARCH-ANALYTICS-EXCLUSIONS,,,
RULE-W1-061,SRC-W1-002,docs/W1-discovery/01-product-analytics-experiment-standard.md,46,46,merge,RESEARCH-ANALYTICS-EXCLUSIONS,,,
RULE-W1-062,SRC-W1-002,docs/W1-discovery/01-product-analytics-experiment-standard.md,47,47,merge,RESEARCH-ANALYTICS-EXCLUSIONS,,,
RULE-W1-063,SRC-W1-002,docs/W1-discovery/01-product-analytics-experiment-standard.md,51,51,rewrite,RESEARCH-ANALYTICS-TARGET-IDENTITY,,,
RULE-W1-064,SRC-W1-002,docs/W1-discovery/01-product-analytics-experiment-standard.md,64,64,rewrite,TECH-191-TRACKING-PLAN-BOUNDARY,,,
RULE-W1-066,SRC-W1-002,docs/W1-discovery/01-product-analytics-experiment-standard.md,67,67,merge,TECH-191-TRACKING-PLAN-BOUNDARY,,,
RULE-W1-067,SRC-W1-002,docs/W1-discovery/01-product-analytics-experiment-standard.md,68,68,rewrite,IMPL-ANALYTICS-DESTINATIONS,,,
RULE-W1-069,SRC-W1-002,docs/W1-discovery/01-product-analytics-experiment-standard.md,70,70,rewrite,RESEARCH-TRACKING-IDENTITY-POLICY,,,
RULE-W1-071,SRC-W1-002,docs/W1-discovery/01-product-analytics-experiment-standard.md,72,72,merge,TECH-191-TRACKING-PLAN-BOUNDARY,,,
RULE-W1-072,SRC-W1-002,docs/W1-discovery/01-product-analytics-experiment-standard.md,73,73,rewrite,IMPL-ANALYTICS-IMPLEMENTATION-LINKS,,,
RULE-W1-073,SRC-W1-002,docs/W1-discovery/01-product-analytics-experiment-standard.md,74,74,rewrite,TECH-214-GOVERNANCE-PRODUCT-ANALYTICS-EXPERIMENT-S01,,,
RULE-W1-074,SRC-W1-002,docs/W1-discovery/01-product-analytics-experiment-standard.md,75,75,rewrite,TECH-214-GOVERNANCE-PRODUCT-ANALYTICS-EXPERIMENT-S02,,,
RULE-W1-075,SRC-W1-002,docs/W1-discovery/01-product-analytics-experiment-standard.md,76,76,rewrite,TECH-214-GOVERNANCE-PRODUCT-ANALYTICS-EXPERIMENT-S03,,,
RULE-W1-076,SRC-W1-002,docs/W1-discovery/01-product-analytics-experiment-standard.md,80,80,rewrite,TECH-191-EVENT-NAMING,,,
RULE-W1-077,SRC-W1-002,docs/W1-discovery/01-product-analytics-experiment-standard.md,81,81,merge,TECH-191-EVENT-NAMING,,,
RULE-W1-078,SRC-W1-002,docs/W1-discovery/01-product-analytics-experiment-standard.md,82,82,rewrite,TECH-252-SCHEMA-DATA-PRODUCT-ANALYTICS-EXPERIMENT-S01,,,
RULE-W1-079,SRC-W1-002,docs/W1-discovery/01-product-analytics-experiment-standard.md,83,83,rewrite,TECH-191-EVENT-PROPERTY-SENSITIVITY,,,
RULE-W1-080,SRC-W1-002,docs/W1-discovery/01-product-analytics-experiment-standard.md,84,84,rewrite,TECH-191-TRUSTED-OUTCOME-EVENT-SOURCE,,,
RULE-W1-081,SRC-W1-002,docs/W1-discovery/01-product-analytics-experiment-standard.md,84,84,rewrite,TECH-191-FRONTEND-EVENT-SCOPE,,,
RULE-W1-082,SRC-W1-002,docs/W1-discovery/01-product-analytics-experiment-standard.md,85,85,rewrite,TECH-191-EVENT-PURPOSE,,,
RULE-W1-083,SRC-W1-002,docs/W1-discovery/01-product-analytics-experiment-standard.md,85,85,merge,TECH-191-EVENT-PURPOSE,,,
RULE-W1-084,SRC-W1-002,docs/W1-discovery/01-product-analytics-experiment-standard.md,89,89,merge,DEFINITION-METRICS-MAP,,,
RULE-W1-086,SRC-W1-002,docs/W1-discovery/01-product-analytics-experiment-standard.md,92,92,merge,DEFINITION-METRICS-MAP,,,
RULE-W1-087,SRC-W1-002,docs/W1-discovery/01-product-analytics-experiment-standard.md,93,93,merge,DEFINITION-METRICS-MAP,,,
RULE-W1-088,SRC-W1-002,docs/W1-discovery/01-product-analytics-experiment-standard.md,94,94,merge,DEFINITION-METRICS-MAP,,,
RULE-W1-089,SRC-W1-002,docs/W1-discovery/01-product-analytics-experiment-standard.md,95,95,merge,DEFINITION-METRICS-MAP,,,
RULE-W1-091,SRC-W1-002,docs/W1-discovery/01-product-analytics-experiment-standard.md,97,97,merge,DEFINITION-METRICS-MAP,,,
RULE-W1-092,SRC-W1-002,docs/W1-discovery/01-product-analytics-experiment-standard.md,98,98,merge,DEFINITION-METRICS-MAP,,,
RULE-W1-093,SRC-W1-002,docs/W1-discovery/01-product-analytics-experiment-standard.md,99,99,merge,DEFINITION-METRICS-MAP,,,
RULE-W1-094,SRC-W1-002,docs/W1-discovery/01-product-analytics-experiment-standard.md,100,100,merge,DEFINITION-METRICS-MAP,,,
RULE-W1-095,SRC-W1-002,docs/W1-discovery/01-product-analytics-experiment-standard.md,101,101,merge,DEFINITION-METRICS-MAP,,,
RULE-W1-096,SRC-W1-002,docs/W1-discovery/01-product-analytics-experiment-standard.md,105,105,merge,RESEARCH-VALUE-METRIC-AUTHORITY,,,
RULE-W1-097,SRC-W1-002,docs/W1-discovery/01-product-analytics-experiment-standard.md,106,106,merge,DEFINITION-METRIC-SPECIFICATION,,,
RULE-W1-098,SRC-W1-002,docs/W1-discovery/01-product-analytics-experiment-standard.md,106,106,rewrite,VERIFY-EVIDENCE-W1-002-L106,,,
RULE-W1-100,SRC-W1-002,docs/W1-discovery/01-product-analytics-experiment-standard.md,108,108,merge,DEFINITION-METRIC-SPECIFICATION,,,
RULE-W1-101,SRC-W1-002,docs/W1-discovery/01-product-analytics-experiment-standard.md,108,108,merge,DEFINITION-METRIC-SPECIFICATION,,,
RULE-W1-102,SRC-W1-002,docs/W1-discovery/01-product-analytics-experiment-standard.md,109,109,rewrite,DEFINITION-DASHBOARD-QUESTIONS,,,
RULE-W1-103,SRC-W1-002,docs/W1-discovery/01-product-analytics-experiment-standard.md,113,113,merge,RESEARCH-EXPERIMENT-RECORD,,,
RULE-W1-105,SRC-W1-002,docs/W1-discovery/01-product-analytics-experiment-standard.md,116,116,merge,RESEARCH-EXPERIMENT-RECORD,,,
RULE-W1-106,SRC-W1-002,docs/W1-discovery/01-product-analytics-experiment-standard.md,117,117,merge,RESEARCH-EXPERIMENT-RECORD,,,
RULE-W1-107,SRC-W1-002,docs/W1-discovery/01-product-analytics-experiment-standard.md,118,118,merge,RESEARCH-EXPERIMENT-RECORD,,,
RULE-W1-108,SRC-W1-002,docs/W1-discovery/01-product-analytics-experiment-standard.md,119,119,merge,RESEARCH-EXPERIMENT-RECORD,,,
RULE-W1-109,SRC-W1-002,docs/W1-discovery/01-product-analytics-experiment-standard.md,120,120,merge,RESEARCH-EXPERIMENT-RECORD,,,
RULE-W1-110,SRC-W1-002,docs/W1-discovery/01-product-analytics-experiment-standard.md,121,121,merge,RESEARCH-EXPERIMENT-RECORD,,,
RULE-W1-111,SRC-W1-002,docs/W1-discovery/01-product-analytics-experiment-standard.md,122,122,merge,RESEARCH-EXPERIMENT-RECORD,,,
RULE-W1-112,SRC-W1-002,docs/W1-discovery/01-product-analytics-experiment-standard.md,123,123,merge,RESEARCH-EXPERIMENT-RECORD,,,
RULE-W1-113,SRC-W1-002,docs/W1-discovery/01-product-analytics-experiment-standard.md,124,124,merge,RESEARCH-EXPERIMENT-RECORD,,,
RULE-W1-114,SRC-W1-002,docs/W1-discovery/01-product-analytics-experiment-standard.md,125,125,merge,RESEARCH-EXPERIMENT-RECORD,,,
RULE-W1-115,SRC-W1-002,docs/W1-discovery/01-product-analytics-experiment-standard.md,126,126,merge,RESEARCH-EXPERIMENT-RECORD,,,
RULE-W1-116,SRC-W1-002,docs/W1-discovery/01-product-analytics-experiment-standard.md,127,127,merge,RESEARCH-EXPERIMENT-RECORD,,,
RULE-W1-117,SRC-W1-002,docs/W1-discovery/01-product-analytics-experiment-standard.md,128,128,merge,RESEARCH-EXPERIMENT-RECORD,,,
RULE-W1-118,SRC-W1-002,docs/W1-discovery/01-product-analytics-experiment-standard.md,129,129,merge,RESEARCH-EXPERIMENT-RECORD,,,
RULE-W1-119,SRC-W1-002,docs/W1-discovery/01-product-analytics-experiment-standard.md,130,130,merge,RESEARCH-EXPERIMENT-RECORD,,,
RULE-W1-120,SRC-W1-002,docs/W1-discovery/01-product-analytics-experiment-standard.md,131,131,merge,RESEARCH-EXPERIMENT-RECORD,,,
RULE-W1-121,SRC-W1-002,docs/W1-discovery/01-product-analytics-experiment-standard.md,132,132,merge,RESEARCH-EXPERIMENT-RECORD,,,
RULE-W1-122,SRC-W1-002,docs/W1-discovery/01-product-analytics-experiment-standard.md,133,133,merge,RESEARCH-EXPERIMENT-RECORD,,,
RULE-W1-123,SRC-W1-002,docs/W1-discovery/01-product-analytics-experiment-standard.md,137,137,merge,RESEARCH-LOW-TRAFFIC-METHOD,,,
RULE-W1-124,SRC-W1-002,docs/W1-discovery/01-product-analytics-experiment-standard.md,137,137,merge,RESEARCH-LOW-TRAFFIC-METHOD,,,
RULE-W1-125,SRC-W1-002,docs/W1-discovery/01-product-analytics-experiment-standard.md,138,138,merge,RESEARCH-ASSIGNMENT-ISOLATION,,,
RULE-W1-126,SRC-W1-002,docs/W1-discovery/01-product-analytics-experiment-standard.md,138,138,merge,RESEARCH-ASSIGNMENT-ISOLATION,,,
RULE-W1-127,SRC-W1-002,docs/W1-discovery/01-product-analytics-experiment-standard.md,139,139,merge,OPERATION-EXPERIMENT-001,,,
RULE-W1-128,SRC-W1-002,docs/W1-discovery/01-product-analytics-experiment-standard.md,139,139,merge,OPERATION-EXPERIMENT-001,,,
RULE-W1-130,SRC-W1-002,docs/W1-discovery/01-product-analytics-experiment-standard.md,141,141,merge,RESEARCH-EARLY-STOP-CHECKPOINT,,,
RULE-W1-131,SRC-W1-002,docs/W1-discovery/01-product-analytics-experiment-standard.md,141,141,merge,RESEARCH-EARLY-STOP-CHECKPOINT,,,
RULE-W1-132,SRC-W1-002,docs/W1-discovery/01-product-analytics-experiment-standard.md,142,142,rewrite,VERIFY-EVIDENCE-W1-002-L142,,,
RULE-W1-133,SRC-W1-002,docs/W1-discovery/01-product-analytics-experiment-standard.md,146,146,rewrite,TECH-255-SECURITY-PRIVACY-S01,,,
RULE-W1-134,SRC-W1-002,docs/W1-discovery/01-product-analytics-experiment-standard.md,148,148,rewrite,TECH-255-SECURITY-PRIVACY-S02,,,
RULE-W1-135,SRC-W1-002,docs/W1-discovery/01-product-analytics-experiment-standard.md,149,149,rewrite,TECH-255-SECURITY-PRIVACY-S03,,,
RULE-W1-136,SRC-W1-002,docs/W1-discovery/01-product-analytics-experiment-standard.md,150,150,rewrite,TECH-255-SECURITY-PRIVACY-S04,,,
RULE-W1-137,SRC-W1-002,docs/W1-discovery/01-product-analytics-experiment-standard.md,151,151,rewrite,TECH-255-SECURITY-PRIVACY-S05,,,
RULE-W1-138,SRC-W1-002,docs/W1-discovery/01-product-analytics-experiment-standard.md,152,152,rewrite,TECH-255-SECURITY-PRIVACY-S06,,,
RULE-W1-139,SRC-W1-002,docs/W1-discovery/01-product-analytics-experiment-standard.md,153,153,rewrite,TECH-255-SECURITY-PRIVACY-S07,,,
RULE-W1-140,SRC-W1-002,docs/W1-discovery/01-product-analytics-experiment-standard.md,154,154,rewrite,TECH-255-SECURITY-PRIVACY-S08,,,
RULE-W1-141,SRC-W1-002,docs/W1-discovery/01-product-analytics-experiment-standard.md,155,155,rewrite,TECH-255-SECURITY-PRIVACY-S09,,,
RULE-W1-142,SRC-W1-002,docs/W1-discovery/01-product-analytics-experiment-standard.md,156,156,rewrite,TECH-255-SECURITY-PRIVACY-S10,,,
RULE-W1-143,SRC-W1-002,docs/W1-discovery/01-product-analytics-experiment-standard.md,157,157,rewrite,TECH-255-SECURITY-PRIVACY-S11,,,
RULE-W1-144,SRC-W1-002,docs/W1-discovery/01-product-analytics-experiment-standard.md,158,158,rewrite,TECH-255-SECURITY-PRIVACY-S12,,,
RULE-W1-145,SRC-W1-002,docs/W1-discovery/01-product-analytics-experiment-standard.md,159,159,rewrite,TECH-255-SECURITY-PRIVACY-S13,,,
RULE-W1-146,SRC-W1-002,docs/W1-discovery/01-product-analytics-experiment-standard.md,160,160,rewrite,TECH-255-SECURITY-PRIVACY-S14,,,
RULE-W1-147,SRC-W1-002,docs/W1-discovery/01-product-analytics-experiment-standard.md,164,164,rewrite,TECH-214-GOVERNANCE-PRODUCT-ANALYTICS-EXPERIMENT-S04,,,
RULE-W1-148,SRC-W1-002,docs/W1-discovery/01-product-analytics-experiment-standard.md,165,165,rewrite,TECH-230-PLANNING-GOVERNANCE-ROUTING-S01,,,
RULE-W1-149,SRC-W1-002,docs/W1-discovery/01-product-analytics-experiment-standard.md,166,166,rewrite,TECH-214-GOVERNANCE-PRODUCT-ANALYTICS-EXPERIMENT-S05,,,
RULE-W1-151,SRC-W1-002,docs/W1-discovery/01-product-analytics-experiment-standard.md,167,167,rewrite,TECH-214-GOVERNANCE-PRODUCT-ANALYTICS-EXPERIMENT-S06,,,
RULE-W1-152,SRC-W1-002,docs/W1-discovery/01-product-analytics-experiment-standard.md,167,167,rewrite,TECH-230-PLANNING-GOVERNANCE-ROUTING-S02,,,
RULE-W1-153,SRC-W1-002,docs/W1-discovery/01-product-analytics-experiment-standard.md,171,171,rewrite,VERIFY-EVIDENCE-W1-002-L171,,,
RULE-W1-154,SRC-W1-002,docs/W1-discovery/01-product-analytics-experiment-standard.md,173,173,merge,EVALUATION-DATA-001,,,
RULE-W1-155,SRC-W1-002,docs/W1-discovery/01-product-analytics-experiment-standard.md,174,174,merge,EVALUATION-DATA-001,,,
RULE-W1-156,SRC-W1-002,docs/W1-discovery/01-product-analytics-experiment-standard.md,175,175,merge,EVALUATION-DATA-001,,,
RULE-W1-157,SRC-W1-002,docs/W1-discovery/01-product-analytics-experiment-standard.md,176,176,merge,EVALUATION-DATA-001,,,
RULE-W1-158,SRC-W1-002,docs/W1-discovery/01-product-analytics-experiment-standard.md,177,177,merge,EVALUATION-DATA-001,,,
RULE-W1-159,SRC-W1-002,docs/W1-discovery/01-product-analytics-experiment-standard.md,178,178,merge,EVALUATION-DATA-001,,,
RULE-W1-160,SRC-W1-002,docs/W1-discovery/01-product-analytics-experiment-standard.md,179,179,merge,EVALUATION-DATA-001,,,
RULE-W1-161,SRC-W1-002,docs/W1-discovery/01-product-analytics-experiment-standard.md,180,180,merge,EVALUATION-DATA-001,,,
RULE-W1-162,SRC-W1-002,docs/W1-discovery/01-product-analytics-experiment-standard.md,181,181,merge,EVALUATION-DATA-001,,,
RULE-W1-163,SRC-W1-002,docs/W1-discovery/01-product-analytics-experiment-standard.md,182,182,merge,EVALUATION-DATA-001,,,
RULE-W1-164,SRC-W1-002,docs/W1-discovery/01-product-analytics-experiment-standard.md,183,183,merge,EVALUATION-DATA-001,,,
RULE-W1-165,SRC-W1-002,docs/W1-discovery/01-product-analytics-experiment-standard.md,184,184,merge,EVALUATION-DATA-001,,,
RULE-W1-166,SRC-W1-002,docs/W1-discovery/01-product-analytics-experiment-standard.md,188,188,merge,VERIFY-EVIDENCE-W1-002-L188,,,
RULE-W1-167,SRC-W1-002,docs/W1-discovery/01-product-analytics-experiment-standard.md,188,188,merge,VERIFY-EVIDENCE-W1-002-L188,,,
RULE-W1-168,SRC-W1-002,docs/W1-discovery/01-product-analytics-experiment-standard.md,189,189,merge,VERIFY-DATA-QUALITY,,,
RULE-W1-169,SRC-W1-002,docs/W1-discovery/01-product-analytics-experiment-standard.md,190,190,rewrite,VERIFY-EVIDENCE-W1-002-L190,,,
RULE-W1-170,SRC-W1-002,docs/W1-discovery/01-product-analytics-experiment-standard.md,194,194,rewrite,IMPL-CENTRAL-OUTCOME-EVENT-EMISSION,,,
RULE-W1-171,SRC-W1-002,docs/W1-discovery/01-product-analytics-experiment-standard.md,194,194,rewrite,TECH-191-BACKEND-EVENT-CONSTRUCTION,,,
RULE-W1-173,SRC-W1-002,docs/W1-discovery/01-product-analytics-experiment-standard.md,196,196,rewrite,TECH-076-API-CONTRACT-ERROR-MODEL-S01,,,
RULE-W1-174,SRC-W1-002,docs/W1-discovery/01-product-analytics-experiment-standard.md,196,196,rewrite,TECH-076-API-CONTRACT-ERROR-MODEL-S02,,,
RULE-W1-176,SRC-W1-002,docs/W1-discovery/01-product-analytics-experiment-standard.md,198,198,rewrite,TECH-191-BUSINESS-OUTCOME-EMISSION,,,
RULE-W1-178,SRC-W1-002,docs/W1-discovery/01-product-analytics-experiment-standard.md,199,199,rewrite,TECH-238-RETRY-FALLBACK-RESILIENCE-S01,,,
RULE-W1-179,SRC-W1-002,docs/W1-discovery/01-product-analytics-experiment-standard.md,203,203,rewrite,TECH-191-TYPED-ANALYTICS-CLIENT,,,
RULE-W1-180,SRC-W1-002,docs/W1-discovery/01-product-analytics-experiment-standard.md,203,203,rewrite,TECH-173-COST-VENDOR-S02,,,
RULE-W1-181,SRC-W1-002,docs/W1-discovery/01-product-analytics-experiment-standard.md,204,204,rewrite,TECH-168-CONFIG-FLAGS-S01,,,
RULE-W1-182,SRC-W1-002,docs/W1-discovery/01-product-analytics-experiment-standard.md,204,204,rewrite,TECH-255-SECURITY-PRIVACY-S15,,,
RULE-W1-183,SRC-W1-002,docs/W1-discovery/01-product-analytics-experiment-standard.md,205,205,rewrite,TECH-168-CONFIG-FLAGS-S02,,,
RULE-W1-184,SRC-W1-002,docs/W1-discovery/01-product-analytics-experiment-standard.md,205,205,rewrite,VERIFY-EVIDENCE-W1-002-L205,,,
RULE-W1-185,SRC-W1-002,docs/W1-discovery/01-product-analytics-experiment-standard.md,206,206,rewrite,TECH-026-AI-PROMPT-ARTIFACT-S01,,,
RULE-W1-187,SRC-W1-002,docs/W1-discovery/01-product-analytics-experiment-standard.md,207,207,merge,RESEARCH-ANALYTICS-INTERFACE-QUALITY,,,
RULE-W1-190,SRC-W1-002,docs/W1-discovery/01-product-analytics-experiment-standard.md,213,213,rewrite,TECH-055-AI-TOOL-PERMISSION-S01,,,
RULE-W1-191,SRC-W1-002,docs/W1-discovery/01-product-analytics-experiment-standard.md,214,214,rewrite,VERIFY-AI-EVAL-FIXTURE-W1-002-L214,,,
RULE-W1-192,SRC-W1-002,docs/W1-discovery/01-product-analytics-experiment-standard.md,214,214,merge,DEFINITION-GUARDRAIL-METRICS,,,
RULE-W1-193,SRC-W1-002,docs/W1-discovery/01-product-analytics-experiment-standard.md,215,215,rewrite,VERIFY-PRODUCT-ANALYTICS-EXPERIMENT-W1-002-L215,,,
RULE-W1-194,SRC-W1-002,docs/W1-discovery/01-product-analytics-experiment-standard.md,215,215,rewrite,VERIFY-EVIDENCE-W1-002-L215,,,
RULE-W1-195,SRC-W1-002,docs/W1-discovery/01-product-analytics-experiment-standard.md,221,221,merge,RESEARCH-PRIVACY-ANALYTICS-APPROVAL,,,
RULE-W1-196,SRC-W1-002,docs/W1-discovery/01-product-analytics-experiment-standard.md,222,222,merge,RESEARCH-PRIVACY-ANALYTICS-APPROVAL,,,
RULE-W1-197,SRC-W1-002,docs/W1-discovery/01-product-analytics-experiment-standard.md,223,223,merge,RESEARCH-VALUE-METRIC-AUTHORITY,,,
RULE-W1-198,SRC-W1-002,docs/W1-discovery/01-product-analytics-experiment-standard.md,224,224,merge,RESEARCH-REAL-USER-EXPERIMENT-APPROVAL,,,
RULE-W1-199,SRC-W1-002,docs/W1-discovery/01-product-analytics-experiment-standard.md,225,225,rewrite,TECH-255-SECURITY-PRIVACY-S16,,,
RULE-W1-200,SRC-W1-002,docs/W1-discovery/01-product-analytics-experiment-standard.md,226,226,rewrite,RESEARCH-HIGH-IMPACT-DASHBOARD-USE,,,
RULE-W1-201,SRC-W1-002,docs/W1-discovery/01-product-analytics-experiment-standard.md,228,228,rewrite,VERIFY-EVIDENCE-W1-002-L228,,,
RULE-W1-202,SRC-W1-001,docs/W1-discovery/00-main.md,3,3,merge,TOPIC-NORM-PRECEDENCE,,,
RULE-W1-203,SRC-W1-002,docs/W1-discovery/01-product-analytics-experiment-standard.md,3,3,merge,TOPIC-NORM-PRECEDENCE,,,
RULE-W1-204,SRC-W1-001,docs/W1-discovery/00-main.md,52,52,merge,DEFINITION-PRODUCT-BET,,,
RULE-W1-205,SRC-W1-001,docs/W1-discovery/00-main.md,52,52,merge,DEFINITION-PRODUCT-BET,,,
RULE-W1-206,SRC-W1-001,docs/W1-discovery/00-main.md,52,52,merge,DEFINITION-PRODUCT-BET,,,
RULE-W1-207,SRC-W1-001,docs/W1-discovery/00-main.md,52,52,merge,DEFINITION-PRODUCT-BET,,,
RULE-W1-208,SRC-W1-001,docs/W1-discovery/00-main.md,52,52,merge,DEFINITION-PRODUCT-BET,,,
RULE-W1-209,SRC-W1-001,docs/W1-discovery/00-main.md,52,52,merge,DEFINITION-PRODUCT-BET,,,
RULE-W1-210,SRC-W1-001,docs/W1-discovery/00-main.md,52,52,merge,DEFINITION-PRODUCT-BET,,,
RULE-W1-211,SRC-W1-001,docs/W1-discovery/00-main.md,52,52,merge,DEFINITION-PRODUCT-BET,,,
RULE-W1-212,SRC-W1-001,docs/W1-discovery/00-main.md,52,52,merge,DEFINITION-PRODUCT-BET,,,
RULE-W1-213,SRC-W1-001,docs/W1-discovery/00-main.md,53,53,merge,RESEARCH-METRICS-RECORD,,,
RULE-W1-214,SRC-W1-001,docs/W1-discovery/00-main.md,53,53,merge,RESEARCH-METRICS-RECORD,,,
RULE-W1-215,SRC-W1-001,docs/W1-discovery/00-main.md,53,53,merge,RESEARCH-METRICS-RECORD,,,
RULE-W1-216,SRC-W1-001,docs/W1-discovery/00-main.md,53,53,merge,RESEARCH-METRICS-RECORD,,,
RULE-W1-217,SRC-W1-001,docs/W1-discovery/00-main.md,53,53,merge,RESEARCH-METRICS-RECORD,,,
RULE-W1-218,SRC-W1-001,docs/W1-discovery/00-main.md,55,55,merge,RESEARCH-PRODUCT-EXPERIMENT-SUMMARY,,,
RULE-W1-219,SRC-W1-001,docs/W1-discovery/00-main.md,55,55,merge,RESEARCH-PRODUCT-EXPERIMENT-SUMMARY,,,
RULE-W1-220,SRC-W1-001,docs/W1-discovery/00-main.md,55,55,merge,RESEARCH-PRODUCT-EXPERIMENT-SUMMARY,,,
RULE-W1-221,SRC-W1-001,docs/W1-discovery/00-main.md,55,55,merge,RESEARCH-PRODUCT-EXPERIMENT-SUMMARY,,,
RULE-W1-222,SRC-W1-001,docs/W1-discovery/00-main.md,55,55,merge,RESEARCH-PRODUCT-EXPERIMENT-SUMMARY,,,
RULE-W1-223,SRC-W1-001,docs/W1-discovery/00-main.md,55,55,merge,RESEARCH-PRODUCT-EXPERIMENT-SUMMARY,,,
RULE-W1-224,SRC-W1-001,docs/W1-discovery/00-main.md,55,55,merge,RESEARCH-PRODUCT-EXPERIMENT-SUMMARY,,,
RULE-W1-225,SRC-W1-002,docs/W1-discovery/01-product-analytics-experiment-standard.md,66,66,rewrite,TECH-214-GOVERNANCE-PRODUCT-ANALYTICS-EXPERIMENT-S07,,,
RULE-W1-226,SRC-W1-002,docs/W1-discovery/01-product-analytics-experiment-standard.md,66,66,merge,TECH-214-GOVERNANCE-PRODUCT-ANALYTICS-EXPERIMENT-S07,,,
RULE-W1-227,SRC-W1-002,docs/W1-discovery/01-product-analytics-experiment-standard.md,66,66,merge,TECH-214-GOVERNANCE-PRODUCT-ANALYTICS-EXPERIMENT-S07,,,
RULE-W1-228,SRC-W1-002,docs/W1-discovery/01-product-analytics-experiment-standard.md,69,69,rewrite,TECH-191-TRACKING-PLAN-EVENT-SCHEMA,,,
RULE-W1-229,SRC-W1-002,docs/W1-discovery/01-product-analytics-experiment-standard.md,69,69,merge,TECH-191-TRACKING-PLAN-EVENT-SCHEMA,,,
RULE-W1-230,SRC-W1-002,docs/W1-discovery/01-product-analytics-experiment-standard.md,69,69,merge,TECH-191-TRACKING-PLAN-EVENT-SCHEMA,,,
RULE-W1-231,SRC-W1-002,docs/W1-discovery/01-product-analytics-experiment-standard.md,69,69,merge,TECH-191-TRACKING-PLAN-EVENT-SCHEMA,,,
RULE-W1-232,SRC-W1-002,docs/W1-discovery/01-product-analytics-experiment-standard.md,69,69,merge,TECH-191-TRACKING-PLAN-EVENT-SCHEMA,,,
RULE-W1-233,SRC-W1-002,docs/W1-discovery/01-product-analytics-experiment-standard.md,69,69,rewrite,TECH-255-SECURITY-PRIVACY-S17,,,
RULE-W1-234,SRC-W1-002,docs/W1-discovery/01-product-analytics-experiment-standard.md,69,69,merge,TECH-191-TRACKING-PLAN-EVENT-SCHEMA,,,
RULE-W1-235,SRC-W1-002,docs/W1-discovery/01-product-analytics-experiment-standard.md,69,69,merge,TECH-191-TRACKING-PLAN-EVENT-SCHEMA,,,
RULE-W1-236,SRC-W1-002,docs/W1-discovery/01-product-analytics-experiment-standard.md,71,71,rewrite,TECH-252-SCHEMA-DATA-PRODUCT-ANALYTICS-EXPERIMENT-S02,,,
RULE-W1-237,SRC-W1-002,docs/W1-discovery/01-product-analytics-experiment-standard.md,71,71,merge,TECH-252-SCHEMA-DATA-PRODUCT-ANALYTICS-EXPERIMENT-S02,,,
RULE-W1-238,SRC-W1-002,docs/W1-discovery/01-product-analytics-experiment-standard.md,71,71,merge,TECH-252-SCHEMA-DATA-PRODUCT-ANALYTICS-EXPERIMENT-S02,,,
RULE-W1-239,SRC-W1-002,docs/W1-discovery/01-product-analytics-experiment-standard.md,71,71,merge,TECH-252-SCHEMA-DATA-PRODUCT-ANALYTICS-EXPERIMENT-S02,,,
RULE-W1-240,SRC-W1-002,docs/W1-discovery/01-product-analytics-experiment-standard.md,71,71,merge,TECH-252-SCHEMA-DATA-PRODUCT-ANALYTICS-EXPERIMENT-S02,,,
RULE-W1-241,SRC-W1-002,docs/W1-discovery/01-product-analytics-experiment-standard.md,91,91,merge,DEFINITION-METRICS-MAP,,,
RULE-W1-242,SRC-W1-002,docs/W1-discovery/01-product-analytics-experiment-standard.md,91,91,merge,DEFINITION-METRICS-MAP,,,
RULE-W1-243,SRC-W1-002,docs/W1-discovery/01-product-analytics-experiment-standard.md,96,96,merge,DEFINITION-METRIC-SPECIFICATION,,,
RULE-W1-244,SRC-W1-002,docs/W1-discovery/01-product-analytics-experiment-standard.md,96,96,merge,DEFINITION-METRIC-SPECIFICATION,,,
RULE-W1-245,SRC-W1-002,docs/W1-discovery/01-product-analytics-experiment-standard.md,96,96,merge,DEFINITION-METRIC-SPECIFICATION,,,
RULE-W1-246,SRC-W1-002,docs/W1-discovery/01-product-analytics-experiment-standard.md,96,96,merge,DEFINITION-METRIC-SPECIFICATION,,,
RULE-W1-247,SRC-W1-002,docs/W1-discovery/01-product-analytics-experiment-standard.md,96,96,merge,DEFINITION-METRIC-SPECIFICATION,,,
RULE-W1-248,SRC-W1-002,docs/W1-discovery/01-product-analytics-experiment-standard.md,96,96,merge,DEFINITION-METRIC-SPECIFICATION,,,
RULE-W1-249,SRC-W1-002,docs/W1-discovery/01-product-analytics-experiment-standard.md,96,96,merge,DEFINITION-METRIC-SPECIFICATION,,,
RULE-W1-250,SRC-W1-002,docs/W1-discovery/01-product-analytics-experiment-standard.md,107,107,merge,DEFINITION-GUARDRAIL-METRICS,,,
RULE-W1-251,SRC-W1-002,docs/W1-discovery/01-product-analytics-experiment-standard.md,107,107,merge,DEFINITION-GUARDRAIL-METRICS,,,
RULE-W1-252,SRC-W1-002,docs/W1-discovery/01-product-analytics-experiment-standard.md,107,107,merge,DEFINITION-GUARDRAIL-METRICS,,,
RULE-W1-253,SRC-W1-002,docs/W1-discovery/01-product-analytics-experiment-standard.md,107,107,merge,DEFINITION-GUARDRAIL-METRICS,,,
RULE-W1-254,SRC-W1-002,docs/W1-discovery/01-product-analytics-experiment-standard.md,107,107,merge,DEFINITION-GUARDRAIL-METRICS,,,
RULE-W1-255,SRC-W1-002,docs/W1-discovery/01-product-analytics-experiment-standard.md,107,107,merge,DEFINITION-GUARDRAIL-METRICS,,,
RULE-W1-256,SRC-W1-002,docs/W1-discovery/01-product-analytics-experiment-standard.md,107,107,merge,DEFINITION-GUARDRAIL-METRICS,,,
RULE-W1-257,SRC-W1-002,docs/W1-discovery/01-product-analytics-experiment-standard.md,115,115,merge,RESEARCH-EXPERIMENT-RECORD,,,
RULE-W1-258,SRC-W1-002,docs/W1-discovery/01-product-analytics-experiment-standard.md,115,115,merge,RESEARCH-EXPERIMENT-RECORD,,,
RULE-W1-259,SRC-W1-002,docs/W1-discovery/01-product-analytics-experiment-standard.md,140,140,merge,VERIFY-EVIDENCE-W1-002-L140,,,
RULE-W1-260,SRC-W1-002,docs/W1-discovery/01-product-analytics-experiment-standard.md,140,140,merge,VERIFY-EVIDENCE-W1-002-L140,,,
RULE-W1-261,SRC-W1-002,docs/W1-discovery/01-product-analytics-experiment-standard.md,140,140,merge,VERIFY-EVIDENCE-W1-002-L140,,,
RULE-W1-262,SRC-W1-002,docs/W1-discovery/01-product-analytics-experiment-standard.md,140,140,merge,VERIFY-EVIDENCE-W1-002-L140,,,
RULE-W1-263,SRC-W1-002,docs/W1-discovery/01-product-analytics-experiment-standard.md,140,140,rewrite,VERIFY-EXPERIMENT-TRUSTWORTHINESS-CHECKS,,,
RULE-W1-264,SRC-W1-002,docs/W1-discovery/01-product-analytics-experiment-standard.md,166,166,rewrite,TECH-214-GOVERNANCE-PRODUCT-ANALYTICS-EXPERIMENT-S08,,,
RULE-W1-265,SRC-W1-002,docs/W1-discovery/01-product-analytics-experiment-standard.md,166,166,merge,TECH-214-GOVERNANCE-PRODUCT-ANALYTICS-EXPERIMENT-S08,,,
RULE-W1-266,SRC-W1-002,docs/W1-discovery/01-product-analytics-experiment-standard.md,166,166,merge,TECH-214-GOVERNANCE-PRODUCT-ANALYTICS-EXPERIMENT-S08,,,
RULE-W1-267,SRC-W1-002,docs/W1-discovery/01-product-analytics-experiment-standard.md,195,195,rewrite,TECH-076-STABLE-EVENT-ENVELOPE-SCHEMA,,,
RULE-W1-268,SRC-W1-002,docs/W1-discovery/01-product-analytics-experiment-standard.md,195,195,merge,TECH-076-STABLE-EVENT-ENVELOPE-SCHEMA,,,
RULE-W1-269,SRC-W1-002,docs/W1-discovery/01-product-analytics-experiment-standard.md,195,195,merge,TECH-076-STABLE-EVENT-ENVELOPE-SCHEMA,,,
RULE-W1-270,SRC-W1-002,docs/W1-discovery/01-product-analytics-experiment-standard.md,195,195,merge,TECH-076-STABLE-EVENT-ENVELOPE-SCHEMA,,,
RULE-W1-271,SRC-W1-002,docs/W1-discovery/01-product-analytics-experiment-standard.md,195,195,merge,TECH-076-STABLE-EVENT-ENVELOPE-SCHEMA,,,
RULE-W1-272,SRC-W1-002,docs/W1-discovery/01-product-analytics-experiment-standard.md,195,195,merge,TECH-076-STABLE-EVENT-ENVELOPE-SCHEMA,,,
RULE-W1-273,SRC-W1-002,docs/W1-discovery/01-product-analytics-experiment-standard.md,195,195,merge,TECH-076-STABLE-EVENT-ENVELOPE-SCHEMA,,,
RULE-W1-274,SRC-W1-002,docs/W1-discovery/01-product-analytics-experiment-standard.md,195,195,merge,TECH-076-STABLE-EVENT-ENVELOPE-SCHEMA,,,
RULE-W1-275,SRC-W1-002,docs/W1-discovery/01-product-analytics-experiment-standard.md,195,195,merge,TECH-076-STABLE-EVENT-ENVELOPE-SCHEMA,,,
RULE-W1-276,SRC-W1-002,docs/W1-discovery/01-product-analytics-experiment-standard.md,195,195,merge,TECH-076-STABLE-EVENT-ENVELOPE-SCHEMA,,,
RULE-W1-277,SRC-W1-002,docs/W1-discovery/01-product-analytics-experiment-standard.md,195,195,merge,TECH-076-STABLE-EVENT-ENVELOPE-SCHEMA,,,
RULE-W1-278,SRC-W1-002,docs/W1-discovery/01-product-analytics-experiment-standard.md,197,197,rewrite,TECH-180-DATABASE-TABLE-SCHEMA-S01,,,
RULE-W1-279,SRC-W1-002,docs/W1-discovery/01-product-analytics-experiment-standard.md,197,197,merge,TECH-180-DATABASE-TABLE-SCHEMA-S01,,,
RULE-W1-280,SRC-W1-002,docs/W1-discovery/01-product-analytics-experiment-standard.md,197,197,merge,TECH-180-DATABASE-TABLE-SCHEMA-S01,,,
RULE-W1-281,SRC-W1-002,docs/W1-discovery/01-product-analytics-experiment-standard.md,197,197,merge,TECH-180-DATABASE-TABLE-SCHEMA-S01,,,
RULE-W1-282,SRC-W1-002,docs/W1-discovery/01-product-analytics-experiment-standard.md,197,197,merge,TECH-180-DATABASE-TABLE-SCHEMA-S01,,,
RULE-W1-283,SRC-W1-002,docs/W1-discovery/01-product-analytics-experiment-standard.md,199,199,rewrite,TECH-238-RETRY-FALLBACK-RESILIENCE-S02,,,
RULE-W1-284,SRC-W1-002,docs/W1-discovery/01-product-analytics-experiment-standard.md,199,199,merge,TECH-238-RETRY-FALLBACK-RESILIENCE-S02,,,
RULE-W1-285,SRC-W1-002,docs/W1-discovery/01-product-analytics-experiment-standard.md,199,199,merge,TECH-238-RETRY-FALLBACK-RESILIENCE-S02,,,
RULE-W1-286,SRC-W1-002,docs/W1-discovery/01-product-analytics-experiment-standard.md,199,199,merge,TECH-238-RETRY-FALLBACK-RESILIENCE-S02,,,
RULE-W1-287,SRC-W1-002,docs/W1-discovery/01-product-analytics-experiment-standard.md,199,199,merge,TECH-238-RETRY-FALLBACK-RESILIENCE-S02,,,
RULE-W1-288,SRC-W1-002,docs/W1-discovery/01-product-analytics-experiment-standard.md,207,207,merge,RESEARCH-ANALYTICS-INTERFACE-QUALITY,,,
RULE-W1-289,SRC-W1-002,docs/W1-discovery/01-product-analytics-experiment-standard.md,207,207,merge,RESEARCH-ANALYTICS-INTERFACE-QUALITY,,,
RULE-W1-290,SRC-W1-002,docs/W1-discovery/01-product-analytics-experiment-standard.md,208,208,rewrite,TECH-191-FRONTEND-EVENT-CORRELATION,,,
RULE-W1-291,SRC-W1-002,docs/W1-discovery/01-product-analytics-experiment-standard.md,208,208,rewrite,TECH-013-AI-MODEL-ROUTING-S01,,,
RULE-W1-292,SRC-W1-002,docs/W1-discovery/01-product-analytics-experiment-standard.md,208,208,rewrite,TECH-162-CONFIG-FLAG-RUNTIME-ROUTING-S01,,,
RULE-W1-293,SRC-W1-002,docs/W1-discovery/01-product-analytics-experiment-standard.md,208,208,merge,TECH-191-FRONTEND-EVENT-CORRELATION,,,
RULE-W1-294,SRC-W1-002,docs/W1-discovery/01-product-analytics-experiment-standard.md,208,208,merge,TECH-191-FRONTEND-EVENT-CORRELATION,,,
RULE-W1-295,SRC-W1-002,docs/W1-discovery/01-product-analytics-experiment-standard.md,212,212,rewrite,TECH-191-AI-PRODUCT-EVENT-DEFAULTS,,,
RULE-W1-296,SRC-W1-002,docs/W1-discovery/01-product-analytics-experiment-standard.md,212,212,rewrite,TECH-026-AI-PROMPT-ARTIFACT-S02,,,
RULE-W1-297,SRC-W1-002,docs/W1-discovery/01-product-analytics-experiment-standard.md,212,212,rewrite,TECH-013-AI-MODEL-ROUTING-S02,,,
RULE-W1-298,SRC-W1-002,docs/W1-discovery/01-product-analytics-experiment-standard.md,212,212,rewrite,TECH-055-AI-TOOL-PERMISSION-S02,,,
RULE-W1-299,SRC-W1-002,docs/W1-discovery/01-product-analytics-experiment-standard.md,212,212,merge,TECH-191-AI-PRODUCT-EVENT-DEFAULTS,,,
RULE-W1-300,SRC-W1-002,docs/W1-discovery/01-product-analytics-experiment-standard.md,212,212,merge,TECH-191-AI-PRODUCT-EVENT-DEFAULTS,,,
RULE-W1-301,SRC-W1-002,docs/W1-discovery/01-product-analytics-experiment-standard.md,212,212,rewrite,TECH-173-COST-VENDOR-S03,,,
RULE-W1-302,SRC-W1-002,docs/W1-discovery/01-product-analytics-experiment-standard.md,212,212,merge,TECH-191-AI-PRODUCT-EVENT-DEFAULTS,,,
RULE-W1-303,SRC-W1-002,docs/W1-discovery/01-product-analytics-experiment-standard.md,212,212,merge,TECH-191-AI-PRODUCT-EVENT-DEFAULTS,,,
RULE-W1-304,SRC-W1-002,docs/W1-discovery/01-product-analytics-experiment-standard.md,212,212,merge,TECH-191-AI-PRODUCT-EVENT-DEFAULTS,,,
RULE-W2-001,SRC-W2-001,docs/W2-openspec-risk/00-main.md,9,9,merge,IMPL-DISCOVERY-AND-SPEC-BOUNDARY,,,
RULE-W2-002,SRC-W2-001,docs/W2-openspec-risk/00-main.md,9,9,rewrite,TECH-209-GOVERNANCE-MAIN-S01,,,
RULE-W2-003,SRC-W2-001,docs/W2-openspec-risk/00-main.md,9,9,rewrite,TECH-209-GOVERNANCE-MAIN-S02,,,
RULE-W2-004,SRC-W2-001,docs/W2-openspec-risk/00-main.md,9,9,rewrite,TECH-231-PLANNING-GOVERNANCE-ROUTING-S01,,,
RULE-W2-005,SRC-W2-001,docs/W2-openspec-risk/00-main.md,13,13,merge,IMPL-SELECTED-STANDARD-HIGH-RISK-CHANGE,,,
RULE-W2-006,SRC-W2-001,docs/W2-openspec-risk/00-main.md,13,13,rewrite,PLAN-RISK-ROUTE-NOT-DURATION,,,
RULE-W2-007,SRC-W2-001,docs/W2-openspec-risk/00-main.md,15,15,rewrite,DEFINITION-PRODUCT-SCOPE,CATEGORY-PRODUCT-DESIGN-001;ITEM-DEFINITION-001,,
RULE-W2-008,SRC-W2-001,docs/W2-openspec-risk/00-main.md,16,16,rewrite,TECH-077-CHANGE-IMPACT-SURFACE,,,
RULE-W2-009,SRC-W2-001,docs/W2-openspec-risk/00-main.md,17,17,rewrite,VERIFY-EVIDENCE-W2-001-L017,,,
RULE-W2-010,SRC-W2-001,docs/W2-openspec-risk/00-main.md,18,18,rewrite,VERIFY-EVIDENCE-W2-001-L018,,,
RULE-W2-011,SRC-W2-001,docs/W2-openspec-risk/00-main.md,19,19,merge,TOPIC-RISK-EXIT,,,
RULE-W2-012,SRC-W2-001,docs/W2-openspec-risk/00-main.md,21,21,merge,DEFINITION-IMPLEMENTATION-READINESS,,,
RULE-W2-013,SRC-W2-001,docs/W2-openspec-risk/00-main.md,21,21,merge,DEFINITION-IMPLEMENTATION-READINESS,,,
RULE-W2-014,SRC-W2-001,docs/W2-openspec-risk/00-main.md,21,21,merge,DEFINITION-IMPLEMENTATION-READINESS,,,
RULE-W2-015,SRC-W2-001,docs/W2-openspec-risk/00-main.md,21,21,merge,DEFINITION-OPENSPEC-CONTROL,,,
RULE-W2-016,SRC-W2-001,docs/W2-openspec-risk/00-main.md,21,21,merge,DEFINITION-OPENSPEC-CONTROL,,,
RULE-W2-017,SRC-W2-001,docs/W2-openspec-risk/00-main.md,21,21,merge,DEFINITION-OPENSPEC-CONTROL,,,
RULE-W2-018,SRC-W2-001,docs/W2-openspec-risk/00-main.md,27,27,rewrite,TECH-131-AUTH-TENANT-PERMISSION-S01,,,
RULE-W2-019,SRC-W2-001,docs/W2-openspec-risk/00-main.md,28,28,rewrite,TECH-256-TECH-DATA-SECURITY-COST-TRUST-SCOPE,,,
RULE-W2-020,SRC-W2-001,docs/W2-openspec-risk/00-main.md,29,29,rewrite,PLAN-TRACKED-BATCH-APPLICABILITY,ITEM-PLANNING-001,,
RULE-W2-021,SRC-W2-001,docs/W2-openspec-risk/00-main.md,33,33,rewrite,TECH-209-GOVERNANCE-MAIN-S03,,,
RULE-W2-022,SRC-W2-001,docs/W2-openspec-risk/00-main.md,34,34,merge,DEFINITION-PRODUCT-ROUTING,,,
RULE-W2-023,SRC-W2-001,docs/W2-openspec-risk/00-main.md,35,35,rewrite,PLAN-OPERATIONS-WORK-EXCLUSION,,,
RULE-W2-024,SRC-W2-001,docs/W2-openspec-risk/00-main.md,51,51,merge,DEFINITION-OPENSPEC-CONTROL,,,
RULE-W2-025,SRC-W2-001,docs/W2-openspec-risk/00-main.md,52,52,rewrite,VERIFY-EVIDENCE-W2-001-L052,,,
RULE-W2-026,SRC-W2-001,docs/W2-openspec-risk/00-main.md,53,53,rewrite,TECH-209-GOVERNANCE-MAIN-S04,,,
RULE-W2-027,SRC-W2-001,docs/W2-openspec-risk/00-main.md,54,54,rewrite,VERIFY-EVIDENCE-W2-001-L054,,,
RULE-W2-028,SRC-W2-001,docs/W2-openspec-risk/00-main.md,58,58,rewrite,TECH-105-ARCHITECTURE-BOUNDARY-S01,,,
RULE-W2-029,SRC-W2-001,docs/W2-openspec-risk/00-main.md,59,59,rewrite,DEFINITION-CONTRACT-ARTIFACTS,,,
RULE-W2-030,SRC-W2-001,docs/W2-openspec-risk/00-main.md,60,60,rewrite,TECH-256-SECURITY-PRIVACY-ARTIFACT-TRIGGERS,,,
RULE-W2-031,SRC-W2-001,docs/W2-openspec-risk/00-main.md,61,61,rewrite,VERIFY-EVIDENCE-W2-001-L061,,,
RULE-W2-032,SRC-W2-001,docs/W2-openspec-risk/00-main.md,62,62,merge,DEFINITION-AI-VENDOR-COST-ARTIFACTS,,,
RULE-W2-033,SRC-W2-001,docs/W2-openspec-risk/00-main.md,63,63,rewrite,TECH-209-GOVERNANCE-MAIN-S05,,,
RULE-W2-034,SRC-W2-001,docs/W2-openspec-risk/00-main.md,64,64,merge,DEFINITION-AI-VENDOR-COST-ARTIFACTS,,,
RULE-W2-035,SRC-W2-001,docs/W2-openspec-risk/00-main.md,65,65,merge,DEFINITION-IP-RISK,,,
RULE-W2-036,SRC-W2-001,docs/W2-openspec-risk/00-main.md,66,66,rewrite,TECH-209-GOVERNANCE-MAIN-S06,,,
RULE-W2-037,SRC-W2-001,docs/W2-openspec-risk/00-main.md,70,70,merge,DEFINITION-LOW-RISK-AUTOMATION,,,
RULE-W2-038,SRC-W2-001,docs/W2-openspec-risk/00-main.md,74,74,merge,DEFINITION-COMMERCIAL-BOUNDARY,,,
RULE-W2-039,SRC-W2-001,docs/W2-openspec-risk/00-main.md,75,75,rewrite,TECH-131-AUTH-TENANT-PERMISSION-S02,,,
RULE-W2-040,SRC-W2-001,docs/W2-openspec-risk/00-main.md,76,76,merge,TECH-083-API-CONTRACT-ERROR-MODEL-S05,,,
RULE-W2-041,SRC-W2-001,docs/W2-openspec-risk/00-main.md,77,77,rewrite,TECH-014-AI-MODEL-ROUTING-S01,,,
RULE-W2-042,SRC-W2-001,docs/W2-openspec-risk/00-main.md,78,78,rewrite,TECH-209-GOVERNANCE-MAIN-S07,,,
RULE-W2-043,SRC-W2-001,docs/W2-openspec-risk/00-main.md,79,79,merge,DEFINITION-IP-RISK,,,
RULE-W2-044,SRC-W2-001,docs/W2-openspec-risk/00-main.md,91,91,merge,DEFINITION-PRODUCT-ROUTING,,,
RULE-W2-045,SRC-W2-001,docs/W2-openspec-risk/00-main.md,92,92,merge,DEFINITION-PRODUCT-ROUTING,,,
RULE-W2-046,SRC-W2-001,docs/W2-openspec-risk/00-main.md,93,93,rewrite,VERIFY-AI-EVAL-FIXTURE-W2-001-L093,,,
RULE-W2-047,SRC-W2-001,docs/W2-openspec-risk/00-main.md,94,94,rewrite,IMPL-SPEC-TO-TASKS-HANDOFF;IMPL-VISUAL-UX-GATE,,,
RULE-W2-048,SRC-W2-001,docs/W2-openspec-risk/00-main.md,95,95,rewrite,IMPL-VERIFICATION-NEED-HANDOFF,,,
RULE-W2-049,SRC-W2-001,docs/W2-openspec-risk/00-main.md,96,96,supersede,RELEASE-SCOPE-001,,,
RULE-W2-050,SRC-W2-001,docs/W2-openspec-risk/00-main.md,97,97,merge,TOPIC-RISK-EXIT,,,
RULE-W2-051,SRC-W2-002,docs/W2-openspec-risk/01-architecture-boundary-standard.md,6,6,rewrite,TECH-109-ARCHITECTURE-BOUNDARY-S01,,,
RULE-W2-052,SRC-W2-002,docs/W2-openspec-risk/01-architecture-boundary-standard.md,8,8,rewrite,TECH-201-ARCHITECTURE-SPECIALTY-ROUTING,,,
RULE-W2-053,SRC-W2-002,docs/W2-openspec-risk/01-architecture-boundary-standard.md,14,14,rewrite,TECH-107-ARCHITECTURE-BOUNDARY-S01,CATEGORY-ENGINEERING-001;ITEM-TECH-DESIGN-001,,
RULE-W2-054,SRC-W2-002,docs/W2-openspec-risk/01-architecture-boundary-standard.md,14,14,rewrite,TECH-078-API-CONTRACT-ERROR-MODEL-S01,ITEM-TECH-DESIGN-001,,
RULE-W2-055,SRC-W2-002,docs/W2-openspec-risk/01-architecture-boundary-standard.md,35,35,rewrite,TECH-103-ARCHITECTURE-BOUNDARY-PRINCIPLES-S01,,,
RULE-W2-056,SRC-W2-002,docs/W2-openspec-risk/01-architecture-boundary-standard.md,36,36,rewrite,TECH-201-ARCHITECTURE-CODE-DATA-BOUNDARY-APPLICABILITY,,,
RULE-W2-057,SRC-W2-002,docs/W2-openspec-risk/01-architecture-boundary-standard.md,37,37,rewrite,TECH-078-API-CONTRACT-ERROR-MODEL-S02,,,
RULE-W2-058,SRC-W2-002,docs/W2-openspec-risk/01-architecture-boundary-standard.md,38,38,rewrite,TECH-201-ARCHITECTURE-SHARED-COUPLING-APPLICABILITY,,,
RULE-W2-059,SRC-W2-002,docs/W2-openspec-risk/01-architecture-boundary-standard.md,42,42,rewrite,IMPL-LOCAL-CHANGE-ARCHITECTURE-EXCLUSION,,,
RULE-W2-060,SRC-W2-002,docs/W2-openspec-risk/01-architecture-boundary-standard.md,43,43,rewrite,TECH-078-API-CONTRACT-ERROR-MODEL-S03,,,
RULE-W2-061,SRC-W2-002,docs/W2-openspec-risk/01-architecture-boundary-standard.md,44,44,rewrite,TECH-201-ARCHITECTURE-EXPERIMENT-EXCLUSION,,,
RULE-W2-063,SRC-W2-002,docs/W2-openspec-risk/01-architecture-boundary-standard.md,70,70,rewrite,TECH-110-ARCHITECTURE-BOUNDARY-S01,,,
RULE-W2-064,SRC-W2-002,docs/W2-openspec-risk/01-architecture-boundary-standard.md,74,74,rewrite,VERIFY-EVIDENCE-W2-002-L074,,,
RULE-W2-066,SRC-W2-002,docs/W2-openspec-risk/01-architecture-boundary-standard.md,102,102,rewrite,PLAN-MODULE-MAP-RECOVERY-PURPOSE,,,
RULE-W2-067,SRC-W2-002,docs/W2-openspec-risk/01-architecture-boundary-standard.md,114,114,rewrite,TECH-113-ARCHITECTURE-DIAGRAM-DEPTH-S01,,,
RULE-W2-068,SRC-W2-002,docs/W2-openspec-risk/01-architecture-boundary-standard.md,114,114,rewrite,TECH-113-ARCHITECTURE-DIAGRAM-DEPTH-S02,,,
RULE-W2-069,SRC-W2-002,docs/W2-openspec-risk/01-architecture-boundary-standard.md,114,114,rewrite,TECH-113-ARCHITECTURE-DIAGRAM-DEPTH-S03,,,
RULE-W2-070,SRC-W2-002,docs/W2-openspec-risk/01-architecture-boundary-standard.md,118,118,rewrite,VERIFY-EVIDENCE-W2-002-L118,,,
RULE-W2-072,SRC-W2-002,docs/W2-openspec-risk/01-architecture-boundary-standard.md,155,155,rewrite,TECH-169-CONFIG-FLAGS-S01,,,
RULE-W2-073,SRC-W2-002,docs/W2-openspec-risk/01-architecture-boundary-standard.md,156,156,rewrite,TECH-078-API-CONTRACT-ERROR-MODEL-S04,,,
RULE-W2-074,SRC-W2-002,docs/W2-openspec-risk/01-architecture-boundary-standard.md,157,157,rewrite,TECH-201-GO-KRATOS-LAYERING,,,
RULE-W2-075,SRC-W2-002,docs/W2-openspec-risk/01-architecture-boundary-standard.md,158,158,merge,TECH-201-GO-KRATOS-LAYERING,,,
RULE-W2-076,SRC-W2-002,docs/W2-openspec-risk/01-architecture-boundary-standard.md,158,158,rewrite,TECH-015-AI-MODEL-ROUTING-S01,,,
RULE-W2-077,SRC-W2-002,docs/W2-openspec-risk/01-architecture-boundary-standard.md,159,159,rewrite,TECH-153-BACKEND-CODE-ARCHITECTURE-BOUNDARY-S01,,,
RULE-W2-078,SRC-W2-002,docs/W2-openspec-risk/01-architecture-boundary-standard.md,160,160,rewrite,TECH-229-OBSERVABILITY-SLO-ALERT-S01,,,
RULE-W2-079,SRC-W2-002,docs/W2-openspec-risk/01-architecture-boundary-standard.md,161,161,rewrite,TECH-006-AI-EVAL-FIXTURE-S01,,,
RULE-W2-080,SRC-W2-002,docs/W2-openspec-risk/01-architecture-boundary-standard.md,161,161,rewrite,TECH-132-AUTH-TENANT-PERMISSION-S01,,,
RULE-W2-081,SRC-W2-002,docs/W2-openspec-risk/01-architecture-boundary-standard.md,162,162,rewrite,TECH-201-GO-PKG-DEFAULT,,,
RULE-W2-082,SRC-W2-002,docs/W2-openspec-risk/01-architecture-boundary-standard.md,162,162,rewrite,TECH-078-API-CONTRACT-ERROR-MODEL-S05,,,
RULE-W2-083,SRC-W2-002,docs/W2-openspec-risk/01-architecture-boundary-standard.md,164,164,rewrite,TECH-201-SERVICE-BOUNDARY-DEFAULT,,,
RULE-W2-084,SRC-W2-002,docs/W2-openspec-risk/01-architecture-boundary-standard.md,164,164,merge,TECH-201-SERVICE-BOUNDARY-DEFAULT,,,
RULE-W2-085,SRC-W2-002,docs/W2-openspec-risk/01-architecture-boundary-standard.md,164,164,rewrite,TECH-015-AI-MODEL-ROUTING-S02,,,
RULE-W2-086,SRC-W2-002,docs/W2-openspec-risk/01-architecture-boundary-standard.md,184,184,rewrite,TECH-201-VITE-FEATURE-COLOCATION,,,
RULE-W2-087,SRC-W2-002,docs/W2-openspec-risk/01-architecture-boundary-standard.md,185,185,rewrite,TECH-195-FRONTEND-BOUNDARY-S01,,,
RULE-W2-088,SRC-W2-002,docs/W2-openspec-risk/01-architecture-boundary-standard.md,186,186,rewrite,TECH-195-FRONTEND-BOUNDARY-S02,,,
RULE-W2-089,SRC-W2-002,docs/W2-openspec-risk/01-architecture-boundary-standard.md,187,187,rewrite,TECH-195-FRONTEND-BOUNDARY-S03,,,
RULE-W2-090,SRC-W2-002,docs/W2-openspec-risk/01-architecture-boundary-standard.md,188,188,rewrite,TECH-197-GOVERNANCE-S01,,,
RULE-W2-091,SRC-W2-002,docs/W2-openspec-risk/01-architecture-boundary-standard.md,188,188,rewrite,TECH-195-FRONTEND-BOUNDARY-S04,,,
RULE-W2-092,SRC-W2-002,docs/W2-openspec-risk/01-architecture-boundary-standard.md,189,189,rewrite,TECH-195-FRONTEND-BOUNDARY-S05,,,
RULE-W2-093,SRC-W2-002,docs/W2-openspec-risk/01-architecture-boundary-standard.md,193,193,split,TECH-027-PROMPT-BUILDER-PLACEMENT;TECH-027-PROMPT-LIFECYCLE-HANDOFF,,,
RULE-W2-094,SRC-W2-002,docs/W2-openspec-risk/01-architecture-boundary-standard.md,194,194,rewrite,TECH-201-DETERMINISTIC-AI-WORKFLOW,,,
RULE-W2-095,SRC-W2-002,docs/W2-openspec-risk/01-architecture-boundary-standard.md,194,194,rewrite,TECH-056-AI-TOOL-PERMISSION-S01,,,
RULE-W2-097,SRC-W2-002,docs/W2-openspec-risk/01-architecture-boundary-standard.md,196,196,rewrite,TECH-015-AI-MODEL-ROUTING-S03,,,
RULE-W2-098,SRC-W2-002,docs/W2-openspec-risk/01-architecture-boundary-standard.md,196,196,rewrite,TECH-015-AI-MODEL-ROUTING-S04,,,
RULE-W2-099,SRC-W2-002,docs/W2-openspec-risk/01-architecture-boundary-standard.md,197,197,rewrite,VERIFY-AI-SIDE-EFFECT-AUTHORIZATION,,,
RULE-W2-100,SRC-W2-002,docs/W2-openspec-risk/01-architecture-boundary-standard.md,197,197,rewrite,TECH-048-AI-SIDE-EFFECT-AUTHORIZATION-S01,,,
RULE-W2-101,SRC-W2-002,docs/W2-openspec-risk/01-architecture-boundary-standard.md,203,203,rewrite,TECH-114-ARCHITECTURE-HUMAN-CHECKPOINTS-S01,,,
RULE-W2-102,SRC-W2-002,docs/W2-openspec-risk/01-architecture-boundary-standard.md,204,204,rewrite,TECH-078-API-CONTRACT-ERROR-MODEL-S06,,,
RULE-W2-103,SRC-W2-002,docs/W2-openspec-risk/01-architecture-boundary-standard.md,205,205,rewrite,TECH-114-ARCHITECTURE-HUMAN-CHECKPOINTS-S02,,,
RULE-W2-104,SRC-W2-002,docs/W2-openspec-risk/01-architecture-boundary-standard.md,206,206,rewrite,TECH-015-AI-MODEL-ROUTING-S05,,,
RULE-W2-105,SRC-W2-002,docs/W2-openspec-risk/01-architecture-boundary-standard.md,207,207,rewrite,TECH-114-ARCHITECTURE-HUMAN-CHECKPOINTS-S03,,,
RULE-W2-106,SRC-W2-002,docs/W2-openspec-risk/01-architecture-boundary-standard.md,209,209,rewrite,VERIFY-EVIDENCE-W2-002-L209,,,
RULE-W2-107,SRC-W2-002,docs/W2-openspec-risk/01-architecture-boundary-standard.md,213,213,rewrite,TECH-103-ARCHITECTURE-BOUNDARY-PRINCIPLES-S02,,,
RULE-W2-108,SRC-W2-002,docs/W2-openspec-risk/01-architecture-boundary-standard.md,214,214,rewrite,TECH-201-KRATOS-LAYOUT-DEFAULT,,,
RULE-W2-109,SRC-W2-002,docs/W2-openspec-risk/01-architecture-boundary-standard.md,215,215,rewrite,TECH-015-AI-MODEL-ROUTING-S06,,,
RULE-W2-110,SRC-W2-002,docs/W2-openspec-risk/01-architecture-boundary-standard.md,216,216,rewrite,VERIFY-AI-PROMPT-ARTIFACT-FP-W2-002-L216,,,
RULE-W2-111,SRC-W2-002,docs/W2-openspec-risk/01-architecture-boundary-standard.md,217,217,rewrite,TECH-103-ARCHITECTURE-BOUNDARY-PRINCIPLES-S03,,,
RULE-W2-112,SRC-W2-002,docs/W2-openspec-risk/01-architecture-boundary-standard.md,218,218,rewrite,TECH-201-CODE-HYGIENE,,,
RULE-W2-113,SRC-W2-002,docs/W2-openspec-risk/01-architecture-boundary-standard.md,218,218,merge,TECH-201-CODE-HYGIENE,,,
RULE-W2-114,SRC-W2-003,docs/W2-openspec-risk/02-api-contract-compatibility-standard.md,6,6,rewrite,TECH-081-API-CONTRACT-ERROR-MODEL-S01,,,
RULE-W2-115,SRC-W2-003,docs/W2-openspec-risk/02-api-contract-compatibility-standard.md,8,8,rewrite,TECH-200-GOVERNANCE-API-CONTRACT-COMPATIBILITY-S01,,,
RULE-W2-116,SRC-W2-003,docs/W2-openspec-risk/02-api-contract-compatibility-standard.md,14,14,rewrite,TECH-082-API-CONTRACT-ERROR-MODEL-S01,,,
RULE-W2-117,SRC-W2-003,docs/W2-openspec-risk/02-api-contract-compatibility-standard.md,14,14,rewrite,TECH-082-API-CONTRACT-ERROR-MODEL-S02,,,
RULE-W2-118,SRC-W2-003,docs/W2-openspec-risk/02-api-contract-compatibility-standard.md,14,14,rewrite,TECH-083-API-CONTRACT-ERROR-MODEL-S01,,,
RULE-W2-119,SRC-W2-003,docs/W2-openspec-risk/02-api-contract-compatibility-standard.md,34,34,rewrite,TECH-081-API-CONTRACT-ERROR-MODEL-S02,,,
RULE-W2-120,SRC-W2-003,docs/W2-openspec-risk/02-api-contract-compatibility-standard.md,35,35,rewrite,TECH-200-GOVERNANCE-API-CONTRACT-COMPATIBILITY-S02,,,
RULE-W2-121,SRC-W2-003,docs/W2-openspec-risk/02-api-contract-compatibility-standard.md,36,36,rewrite,TECH-071-API-CONTRACT-API-CONTRACT-COMPATIBILITY-S01,,,
RULE-W2-122,SRC-W2-003,docs/W2-openspec-risk/02-api-contract-compatibility-standard.md,37,37,rewrite,TECH-081-API-CONTRACT-ERROR-MODEL-S03,,,
RULE-W2-123,SRC-W2-003,docs/W2-openspec-risk/02-api-contract-compatibility-standard.md,38,38,rewrite,TECH-081-API-CONTRACT-ERROR-MODEL-S04,,,
RULE-W2-124,SRC-W2-003,docs/W2-openspec-risk/02-api-contract-compatibility-standard.md,39,39,rewrite,TECH-081-API-CONTRACT-ERROR-MODEL-S05,,,
RULE-W2-125,SRC-W2-003,docs/W2-openspec-risk/02-api-contract-compatibility-standard.md,40,40,rewrite,TECH-081-API-CONTRACT-ERROR-MODEL-S06,,,
RULE-W2-126,SRC-W2-003,docs/W2-openspec-risk/02-api-contract-compatibility-standard.md,44,44,rewrite,TECH-200-GOVERNANCE-API-CONTRACT-COMPATIBILITY-S03,,,
RULE-W2-127,SRC-W2-003,docs/W2-openspec-risk/02-api-contract-compatibility-standard.md,45,45,rewrite,TECH-071-API-CONTRACT-API-CONTRACT-COMPATIBILITY-S02,,,
RULE-W2-128,SRC-W2-003,docs/W2-openspec-risk/02-api-contract-compatibility-standard.md,46,46,rewrite,TECH-081-API-CONTRACT-ERROR-MODEL-S07,,,
RULE-W2-129,SRC-W2-003,docs/W2-openspec-risk/02-api-contract-compatibility-standard.md,62,62,rewrite,TECH-079-AI-CONTRACT-SCHEMA-TRIGGER,,,
RULE-W2-132,SRC-W2-003,docs/W2-openspec-risk/02-api-contract-compatibility-standard.md,92,92,rewrite,VERIFY-EVIDENCE-W2-003-L092,,,
RULE-W2-133,SRC-W2-003,docs/W2-openspec-risk/02-api-contract-compatibility-standard.md,92,92,rewrite,TECH-079-STABLE-SURFACE-COMPATIBILITY-POLICY,,,
RULE-W2-135,SRC-W2-003,docs/W2-openspec-risk/02-api-contract-compatibility-standard.md,109,109,rewrite,TECH-247-SCHEMA-DATA-API-CONTRACT-COMPATIBILITY-S01,,,
RULE-W2-136,SRC-W2-003,docs/W2-openspec-risk/02-api-contract-compatibility-standard.md,110,110,rewrite,TECH-200-GOVERNANCE-API-CONTRACT-COMPATIBILITY-S04,,,
RULE-W2-137,SRC-W2-003,docs/W2-openspec-risk/02-api-contract-compatibility-standard.md,111,111,rewrite,TECH-133-AUTH-TENANT-PERMISSION-S01,,,
RULE-W2-139,SRC-W2-003,docs/W2-openspec-risk/02-api-contract-compatibility-standard.md,128,128,rewrite,TECH-081-API-CONTRACT-ERROR-MODEL-S08,,,
RULE-W2-140,SRC-W2-003,docs/W2-openspec-risk/02-api-contract-compatibility-standard.md,129,129,rewrite,TECH-081-API-CONTRACT-ERROR-MODEL-S09,,,
RULE-W2-141,SRC-W2-003,docs/W2-openspec-risk/02-api-contract-compatibility-standard.md,130,130,rewrite,TECH-081-API-CONTRACT-ERROR-MODEL-S10,,,
RULE-W2-142,SRC-W2-003,docs/W2-openspec-risk/02-api-contract-compatibility-standard.md,130,130,rewrite,TECH-081-API-CONTRACT-ERROR-MODEL-S11,,,
RULE-W2-143,SRC-W2-003,docs/W2-openspec-risk/02-api-contract-compatibility-standard.md,131,131,rewrite,TECH-081-API-CONTRACT-ERROR-MODEL-S12,,,
RULE-W2-144,SRC-W2-003,docs/W2-openspec-risk/02-api-contract-compatibility-standard.md,131,131,merge,TECH-081-API-CONTRACT-ERROR-MODEL-S12,,,
RULE-W2-145,SRC-W2-003,docs/W2-openspec-risk/02-api-contract-compatibility-standard.md,131,131,merge,TECH-081-API-CONTRACT-ERROR-MODEL-S12,,,
RULE-W2-146,SRC-W2-003,docs/W2-openspec-risk/02-api-contract-compatibility-standard.md,132,132,merge,IMPL-GENERATED-CONTRACT-DIFF-SEPARATION,,,
RULE-W2-147,SRC-W2-003,docs/W2-openspec-risk/02-api-contract-compatibility-standard.md,132,132,merge,IMPL-GENERATED-CONTRACT-DIFF-SEPARATION,,,
RULE-W2-149,SRC-W2-003,docs/W2-openspec-risk/02-api-contract-compatibility-standard.md,147,147,rewrite,TECH-081-API-CONTRACT-ERROR-MODEL-S13,,,
RULE-W2-151,SRC-W2-003,docs/W2-openspec-risk/02-api-contract-compatibility-standard.md,166,166,rewrite,VERIFY-EVIDENCE-W2-003-L166,,,
RULE-W2-152,SRC-W2-003,docs/W2-openspec-risk/02-api-contract-compatibility-standard.md,167,167,rewrite,VERIFY-EVIDENCE-W2-003-L167,,,
RULE-W2-153,SRC-W2-003,docs/W2-openspec-risk/02-api-contract-compatibility-standard.md,168,168,rewrite,VERIFY-AI-EVAL-FIXTURE-W2-003-L168,,,
RULE-W2-154,SRC-W2-003,docs/W2-openspec-risk/02-api-contract-compatibility-standard.md,169,169,rewrite,VERIFY-AI-EVAL-FIXTURE-W2-003-L169,,,
RULE-W2-157,SRC-W2-003,docs/W2-openspec-risk/02-api-contract-compatibility-standard.md,194,194,rewrite,TECH-083-API-CONTRACT-ERROR-MODEL-S02,,,
RULE-W2-158,SRC-W2-003,docs/W2-openspec-risk/02-api-contract-compatibility-standard.md,198,198,rewrite,TECH-082-API-CONTRACT-ERROR-MODEL-S03,,,
RULE-W2-159,SRC-W2-003,docs/W2-openspec-risk/02-api-contract-compatibility-standard.md,198,198,rewrite,TECH-081-API-CONTRACT-ERROR-MODEL-S14,,,
RULE-W2-160,SRC-W2-003,docs/W2-openspec-risk/02-api-contract-compatibility-standard.md,199,199,rewrite,TECH-081-API-CONTRACT-ERROR-MODEL-S15,,,
RULE-W2-161,SRC-W2-003,docs/W2-openspec-risk/02-api-contract-compatibility-standard.md,199,199,rewrite,TECH-200-GOVERNANCE-API-CONTRACT-COMPATIBILITY-S05,,,
RULE-W2-162,SRC-W2-003,docs/W2-openspec-risk/02-api-contract-compatibility-standard.md,200,200,rewrite,TECH-083-API-CONTRACT-ERROR-MODEL-S03,,,
RULE-W2-163,SRC-W2-003,docs/W2-openspec-risk/02-api-contract-compatibility-standard.md,200,200,rewrite,TECH-081-API-CONTRACT-ERROR-MODEL-S16,,,
RULE-W2-164,SRC-W2-003,docs/W2-openspec-risk/02-api-contract-compatibility-standard.md,201,201,merge,RELEASE-PIPELINE-005,,,
RULE-W2-165,SRC-W2-003,docs/W2-openspec-risk/02-api-contract-compatibility-standard.md,202,202,rewrite,TECH-079-GRPC-METADATA-CONTRACT,,,
RULE-W2-166,SRC-W2-003,docs/W2-openspec-risk/02-api-contract-compatibility-standard.md,203,203,rewrite,TECH-080-API-CONTRACT-ERROR-MODEL-S01,,,
RULE-W2-167,SRC-W2-003,docs/W2-openspec-risk/02-api-contract-compatibility-standard.md,203,203,rewrite,TECH-081-API-CONTRACT-ERROR-MODEL-S17,,,
RULE-W2-168,SRC-W2-003,docs/W2-openspec-risk/02-api-contract-compatibility-standard.md,207,207,rewrite,TECH-079-BROWSER-ENDPOINT-SURFACE-MAP,,,
RULE-W2-169,SRC-W2-003,docs/W2-openspec-risk/02-api-contract-compatibility-standard.md,208,208,rewrite,TECH-081-API-CONTRACT-ERROR-MODEL-S18,,,
RULE-W2-170,SRC-W2-003,docs/W2-openspec-risk/02-api-contract-compatibility-standard.md,209,209,rewrite,VERIFY-EVIDENCE-W2-003-L209,,,
RULE-W2-171,SRC-W2-003,docs/W2-openspec-risk/02-api-contract-compatibility-standard.md,210,210,rewrite,TECH-081-API-CONTRACT-ERROR-MODEL-S19,,,
RULE-W2-172,SRC-W2-003,docs/W2-openspec-risk/02-api-contract-compatibility-standard.md,210,210,rewrite,VERIFY-EVIDENCE-W2-003-L210,,,
RULE-W2-173,SRC-W2-003,docs/W2-openspec-risk/02-api-contract-compatibility-standard.md,214,214,rewrite,TECH-081-API-CONTRACT-ERROR-MODEL-S20,,,
RULE-W2-174,SRC-W2-003,docs/W2-openspec-risk/02-api-contract-compatibility-standard.md,215,215,rewrite,VERIFY-AI-EVAL-FIXTURE-W2-003-L215,,,
RULE-W2-175,SRC-W2-003,docs/W2-openspec-risk/02-api-contract-compatibility-standard.md,216,216,rewrite,TECH-079-SCHEMA-OLD-FIXTURE-HANDOFF,,,
RULE-W2-176,SRC-W2-003,docs/W2-openspec-risk/02-api-contract-compatibility-standard.md,216,216,rewrite,TECH-079-SCHEMA-COMPATIBILITY-CONCLUSION-HANDOFF,,,
RULE-W2-177,SRC-W2-003,docs/W2-openspec-risk/02-api-contract-compatibility-standard.md,217,217,rewrite,TECH-247-SCHEMA-DATA-API-CONTRACT-COMPATIBILITY-S02,,,
RULE-W2-178,SRC-W2-003,docs/W2-openspec-risk/02-api-contract-compatibility-standard.md,217,217,rewrite,TECH-247-SCHEMA-DATA-API-CONTRACT-COMPATIBILITY-S03,,,
RULE-W2-179,SRC-W2-003,docs/W2-openspec-risk/02-api-contract-compatibility-standard.md,218,218,rewrite,TECH-083-API-CONTRACT-ERROR-MODEL-S04,,,
RULE-W2-180,SRC-W2-003,docs/W2-openspec-risk/02-api-contract-compatibility-standard.md,224,224,rewrite,TECH-075-API-CONTRACT-API-CONTRACT-COMPATIBILITY-S01,,,
RULE-W2-181,SRC-W2-003,docs/W2-openspec-risk/02-api-contract-compatibility-standard.md,225,225,rewrite,TECH-083-API-CONTRACT-ERROR-MODEL-S05,,,
RULE-W2-182,SRC-W2-003,docs/W2-openspec-risk/02-api-contract-compatibility-standard.md,226,226,rewrite,TECH-083-API-CONTRACT-ERROR-MODEL-S06,,,
RULE-W2-183,SRC-W2-003,docs/W2-openspec-risk/02-api-contract-compatibility-standard.md,227,227,rewrite,TECH-133-AUTH-TENANT-PERMISSION-S02,,,
RULE-W2-184,SRC-W2-003,docs/W2-openspec-risk/02-api-contract-compatibility-standard.md,228,228,rewrite,TECH-223-MIGRATION-DESIGN-S01,,,
RULE-W2-185,SRC-W2-003,docs/W2-openspec-risk/02-api-contract-compatibility-standard.md,229,229,rewrite,TECH-073-DEPRECATED-SURFACE-UNKNOWN-CONSUMER-GATE,,,
RULE-W2-186,SRC-W2-003,docs/W2-openspec-risk/02-api-contract-compatibility-standard.md,231,231,rewrite,VERIFY-EVIDENCE-W2-003-L231,,,
RULE-W2-187,SRC-W2-004,docs/W2-openspec-risk/03-security-auth-supply-chain-standard.md,7,7,rewrite,TECH-134-AUTH-SPECIALTY-TRIGGER,,,
RULE-W2-188,SRC-W2-004,docs/W2-openspec-risk/03-security-auth-supply-chain-standard.md,9,9,rewrite,TECH-215-SECURITY-SPECIALTY-APPLICABILITY,,,
RULE-W2-189,SRC-W2-004,docs/W2-openspec-risk/03-security-auth-supply-chain-standard.md,15,15,rewrite,TECH-134-AUTH-DEFAULT-DENY-LEAST-PRIVILEGE,,,
RULE-W2-190,SRC-W2-004,docs/W2-openspec-risk/03-security-auth-supply-chain-standard.md,15,15,merge,TECH-134-AUTH-DEFAULT-DENY-LEAST-PRIVILEGE,,,
RULE-W2-191,SRC-W2-004,docs/W2-openspec-risk/03-security-auth-supply-chain-standard.md,15,15,rewrite,TECH-134-PER-ACCESS-PERMISSION-CHECK,,,
RULE-W2-192,SRC-W2-004,docs/W2-openspec-risk/03-security-auth-supply-chain-standard.md,15,15,rewrite,TECH-028-AI-PROMPT-ARTIFACT-S01,,,
RULE-W2-193,SRC-W2-004,docs/W2-openspec-risk/03-security-auth-supply-chain-standard.md,15,15,rewrite,TECH-057-AI-TOOL-PERMISSION-S01,,,
RULE-W2-194,SRC-W2-004,docs/W2-openspec-risk/03-security-auth-supply-chain-standard.md,39,39,rewrite,TECH-134-AUTH-THIN-SLICE,,,
RULE-W2-198,SRC-W2-004,docs/W2-openspec-risk/03-security-auth-supply-chain-standard.md,46,46,rewrite,TECH-134-OBJECT-TENANT-AUTHORIZATION,,,
RULE-W2-199,SRC-W2-004,docs/W2-openspec-risk/03-security-auth-supply-chain-standard.md,46,46,merge,OPERATION-AUDIT-001,,,
RULE-W2-202,SRC-W2-004,docs/W2-openspec-risk/03-security-auth-supply-chain-standard.md,52,52,rewrite,TECH-134-BROWSER-LOGIN-DEFAULT,,,
RULE-W2-203,SRC-W2-004,docs/W2-openspec-risk/03-security-auth-supply-chain-standard.md,52,52,rewrite,TECH-134-SELF-HOSTED-PASSWORD-LOGIN-REVIEW,,,
RULE-W2-204,SRC-W2-004,docs/W2-openspec-risk/03-security-auth-supply-chain-standard.md,53,53,rewrite,TECH-134-TENANT-CONTEXT-ORIGIN,,,
RULE-W2-205,SRC-W2-004,docs/W2-openspec-risk/03-security-auth-supply-chain-standard.md,53,53,merge,TECH-134-TENANT-CONTEXT-ORIGIN,,,
RULE-W2-206,SRC-W2-004,docs/W2-openspec-risk/03-security-auth-supply-chain-standard.md,54,54,rewrite,TECH-134-AUTH-ENFORCEMENT-LAYERS,,,
RULE-W2-207,SRC-W2-004,docs/W2-openspec-risk/03-security-auth-supply-chain-standard.md,54,54,merge,TECH-134-AUTH-ENFORCEMENT-LAYERS,,,
RULE-W2-208,SRC-W2-004,docs/W2-openspec-risk/03-security-auth-supply-chain-standard.md,54,54,rewrite,TECH-134-SQLC-TENANT-OWNER-CONSTRAINT,,,
RULE-W2-209,SRC-W2-004,docs/W2-openspec-risk/03-security-auth-supply-chain-standard.md,55,55,rewrite,TECH-084-API-CONTRACT-ERROR-MODEL-S01,,,
RULE-W2-210,SRC-W2-004,docs/W2-openspec-risk/03-security-auth-supply-chain-standard.md,55,55,rewrite,TECH-084-API-CONTRACT-ERROR-MODEL-S02,,,
RULE-W2-211,SRC-W2-004,docs/W2-openspec-risk/03-security-auth-supply-chain-standard.md,56,56,rewrite,TECH-134-AI-AUTH-CONTEXT-INHERITANCE,,,
RULE-W2-212,SRC-W2-004,docs/W2-openspec-risk/03-security-auth-supply-chain-standard.md,56,56,rewrite,TECH-057-AI-TOOL-PERMISSION-S02,,,
RULE-W2-213,SRC-W2-004,docs/W2-openspec-risk/03-security-auth-supply-chain-standard.md,60,60,rewrite,TECH-134-IDENTITY-CAPABILITY-HUMAN-GATE,,,
RULE-W2-214,SRC-W2-004,docs/W2-openspec-risk/03-security-auth-supply-chain-standard.md,61,61,rewrite,TECH-134-HIGH-PRIVILEGE-WRITE-HUMAN-GATE,,,
RULE-W2-215,SRC-W2-004,docs/W2-openspec-risk/03-security-auth-supply-chain-standard.md,62,62,rewrite,TECH-215-SENSITIVE-DATA-HUMAN-GATE,,,
RULE-W2-216,SRC-W2-004,docs/W2-openspec-risk/03-security-auth-supply-chain-standard.md,63,63,rewrite,TECH-057-AI-TOOL-PERMISSION-S03,,,
RULE-W2-217,SRC-W2-004,docs/W2-openspec-risk/03-security-auth-supply-chain-standard.md,64,64,rewrite,TECH-219-LIVE-INCIDENT-RESPONSE-S01,,,
RULE-W2-218,SRC-W2-004,docs/W2-openspec-risk/03-security-auth-supply-chain-standard.md,65,65,rewrite,TECH-134-CI-PRODUCTION-PERMISSION-HUMAN-GATE,,,
RULE-W2-219,SRC-W2-004,docs/W2-openspec-risk/03-security-auth-supply-chain-standard.md,69,69,merge,TECH-134-AUTH-THIN-SLICE,,,
RULE-W2-220,SRC-W2-004,docs/W2-openspec-risk/03-security-auth-supply-chain-standard.md,73,73,rewrite,TECH-134-HIGH-IMPACT-AUTH-ARTIFACT-LINK,,,
RULE-W2-221,SRC-W2-005,docs/W2-openspec-risk/04-cost-data-vendor-trust-boundary-standard.md,7,7,rewrite,TECH-017-AI-MODEL-ROUTING-S01,,,
RULE-W2-222,SRC-W2-005,docs/W2-openspec-risk/04-cost-data-vendor-trust-boundary-standard.md,9,9,rewrite,TECH-203-COST-DATA-VENDOR-TRUST-ROUTING,,,
RULE-W2-223,SRC-W2-005,docs/W2-openspec-risk/04-cost-data-vendor-trust-boundary-standard.md,15,15,rewrite,TECH-174-COST-VENDOR-S01,,,
RULE-W2-224,SRC-W2-005,docs/W2-openspec-risk/04-cost-data-vendor-trust-boundary-standard.md,15,15,rewrite,TECH-203-CUSTOMER-DATA-LIFECYCLE,,,
RULE-W2-225,SRC-W2-005,docs/W2-openspec-risk/04-cost-data-vendor-trust-boundary-standard.md,15,15,rewrite,VERIFY-EVIDENCE-W2-005-L015,,,
RULE-W2-226,SRC-W2-005,docs/W2-openspec-risk/04-cost-data-vendor-trust-boundary-standard.md,15,15,rewrite,TECH-203-EXTERNAL-MATERIAL-SOURCE,,,
RULE-W2-227,SRC-W2-005,docs/W2-openspec-risk/04-cost-data-vendor-trust-boundary-standard.md,15,15,rewrite,IMPL-COMMITMENT-TRACEABILITY,,,
RULE-W2-228,SRC-W2-005,docs/W2-openspec-risk/04-cost-data-vendor-trust-boundary-standard.md,26,26,rewrite,TECH-203-MINIMUM-ARTIFACT-SELECTION,,,
RULE-W2-233,SRC-W2-005,docs/W2-openspec-risk/04-cost-data-vendor-trust-boundary-standard.md,61,61,rewrite,TECH-193-EXTERNAL-CLAIM-EVIDENCE-REFERENCE,,,
RULE-W2-234,SRC-W2-005,docs/W2-openspec-risk/04-cost-data-vendor-trust-boundary-standard.md,61,61,rewrite,VERIFY-EVIDENCE-W2-005-L061,,,
RULE-W2-236,SRC-W2-005,docs/W2-openspec-risk/04-cost-data-vendor-trust-boundary-standard.md,66,66,rewrite,TECH-123-ASYNC-JOB-WORKER-S01,,,
RULE-W2-238,SRC-W2-005,docs/W2-openspec-risk/04-cost-data-vendor-trust-boundary-standard.md,67,67,rewrite,TECH-017-AI-MODEL-ROUTING-S02,,,
RULE-W2-240,SRC-W2-005,docs/W2-openspec-risk/04-cost-data-vendor-trust-boundary-standard.md,68,68,rewrite,TECH-135-AUTH-TENANT-PERMISSION-S01,,,
RULE-W2-241,SRC-W2-005,docs/W2-openspec-risk/04-cost-data-vendor-trust-boundary-standard.md,68,68,rewrite,VERIFY-QUALITY-GATE-W2-005-L068,,,
RULE-W2-242,SRC-W2-005,docs/W2-openspec-risk/04-cost-data-vendor-trust-boundary-standard.md,69,69,rewrite,VERIFY-EVIDENCE-W2-005-L069,,,
RULE-W2-243,SRC-W2-005,docs/W2-openspec-risk/04-cost-data-vendor-trust-boundary-standard.md,73,73,rewrite,TECH-174-COST-VENDOR-S02,,,
RULE-W2-244,SRC-W2-005,docs/W2-openspec-risk/04-cost-data-vendor-trust-boundary-standard.md,74,74,rewrite,TECH-203-DATA-CHANGE-HUMAN-GATE,,,
RULE-W2-245,SRC-W2-005,docs/W2-openspec-risk/04-cost-data-vendor-trust-boundary-standard.md,75,75,rewrite,TECH-017-AI-MODEL-ROUTING-S03,,,
RULE-W2-246,SRC-W2-005,docs/W2-openspec-risk/04-cost-data-vendor-trust-boundary-standard.md,76,76,rewrite,TECH-135-AUTH-TENANT-PERMISSION-S02,,,
RULE-W2-247,SRC-W2-005,docs/W2-openspec-risk/04-cost-data-vendor-trust-boundary-standard.md,77,77,merge,RELEASE-CLAIM-005,,,
RULE-W2-248,SRC-W2-005,docs/W2-openspec-risk/04-cost-data-vendor-trust-boundary-standard.md,81,81,rewrite,TECH-203-TRIGGER-ONLY-ARTIFACT-SELECTION,,,
RULE-W2-249,SRC-W2-005,docs/W2-openspec-risk/04-cost-data-vendor-trust-boundary-standard.md,85,85,rewrite,VERIFY-EVIDENCE-W2-005-L085,,,
RULE-W2-250,SRC-W2-005,docs/W2-openspec-risk/04-cost-data-vendor-trust-boundary-standard.md,85,85,rewrite,TECH-240-RETRY-FALLBACK-RESILIENCE-S01,,,
RULE-W2-251,SRC-W2-001,docs/W2-openspec-risk/00-main.md,3,3,rewrite,PLAN-MINIMAL-KERNEL-PRECEDENCE,,,
RULE-W2-252,SRC-W2-002,docs/W2-openspec-risk/01-architecture-boundary-standard.md,3,3,rewrite,TECH-109-ARCHITECTURE-BOUNDARY-S02,,,
RULE-W2-253,SRC-W2-003,docs/W2-openspec-risk/02-api-contract-compatibility-standard.md,3,3,rewrite,TECH-083-API-CONTRACT-ERROR-MODEL-S07,,,
RULE-W2-254,SRC-W2-004,docs/W2-openspec-risk/03-security-auth-supply-chain-standard.md,3,3,rewrite,TECH-134-AUTH-MINIMUM-KERNEL-PRECEDENCE,,,
RULE-W2-255,SRC-W2-005,docs/W2-openspec-risk/04-cost-data-vendor-trust-boundary-standard.md,3,3,rewrite,TECH-174-COST-VENDOR-S03,,,
RULE-W2-256,SRC-W2-002,docs/W2-openspec-risk/01-architecture-boundary-standard.md,48,48,rewrite,TECH-106-ARCHITECTURE-BOUNDARY-S01,,,
RULE-W2-257,SRC-W2-002,docs/W2-openspec-risk/01-architecture-boundary-standard.md,52,52,rewrite,TECH-109-ARCHITECTURE-BOUNDARY-S03,,,
RULE-W2-258,SRC-W2-002,docs/W2-openspec-risk/01-architecture-boundary-standard.md,53,53,rewrite,TECH-115-ARCHITECTURE-MINIMUM-ARTIFACTS-S01,,,
RULE-W2-259,SRC-W2-002,docs/W2-openspec-risk/01-architecture-boundary-standard.md,54,54,rewrite,TECH-115-ARCHITECTURE-MINIMUM-ARTIFACTS-S02,,,
RULE-W2-260,SRC-W2-002,docs/W2-openspec-risk/01-architecture-boundary-standard.md,55,55,rewrite,TECH-115-ARCHITECTURE-MINIMUM-ARTIFACTS-S03,,,
RULE-W2-261,SRC-W2-002,docs/W2-openspec-risk/01-architecture-boundary-standard.md,141,141,rewrite,TECH-078-API-CONTRACT-ERROR-MODEL-S07,,,
RULE-W2-262,SRC-W2-002,docs/W2-openspec-risk/01-architecture-boundary-standard.md,142,142,rewrite,TECH-201-GO-KRATOS-DEFAULT-DIRECTORIES,,,
RULE-W2-263,SRC-W2-002,docs/W2-openspec-risk/01-architecture-boundary-standard.md,143,143,rewrite,TECH-163-CONFIG-FLAG-RUNTIME-ROUTING-S01,,,
RULE-W2-264,SRC-W2-002,docs/W2-openspec-risk/01-architecture-boundary-standard.md,144,144,merge,TECH-201-GO-KRATOS-DEFAULT-DIRECTORIES,,,
RULE-W2-265,SRC-W2-002,docs/W2-openspec-risk/01-architecture-boundary-standard.md,145,145,merge,TECH-201-GO-KRATOS-DEFAULT-DIRECTORIES,,,
RULE-W2-266,SRC-W2-002,docs/W2-openspec-risk/01-architecture-boundary-standard.md,146,146,merge,TECH-201-GO-KRATOS-DEFAULT-DIRECTORIES,,,
RULE-W2-267,SRC-W2-002,docs/W2-openspec-risk/01-architecture-boundary-standard.md,147,147,merge,TECH-201-GO-KRATOS-DEFAULT-DIRECTORIES,,,
RULE-W2-268,SRC-W2-002,docs/W2-openspec-risk/01-architecture-boundary-standard.md,148,148,merge,TECH-201-GO-KRATOS-DEFAULT-DIRECTORIES,,,
RULE-W2-269,SRC-W2-002,docs/W2-openspec-risk/01-architecture-boundary-standard.md,149,149,merge,TECH-201-GO-KRATOS-DEFAULT-DIRECTORIES,,,
RULE-W2-270,SRC-W2-002,docs/W2-openspec-risk/01-architecture-boundary-standard.md,150,150,merge,TECH-201-GO-KRATOS-DEFAULT-DIRECTORIES,,,
RULE-W2-271,SRC-W2-002,docs/W2-openspec-risk/01-architecture-boundary-standard.md,171,171,rewrite,TECH-195-FRONTEND-BOUNDARY-S06,,,
RULE-W2-272,SRC-W2-002,docs/W2-openspec-risk/01-architecture-boundary-standard.md,172,172,merge,TECH-195-FRONTEND-BOUNDARY-S06,,,
RULE-W2-273,SRC-W2-002,docs/W2-openspec-risk/01-architecture-boundary-standard.md,173,173,merge,TECH-195-FRONTEND-BOUNDARY-S06,,,
RULE-W2-274,SRC-W2-002,docs/W2-openspec-risk/01-architecture-boundary-standard.md,174,174,merge,TECH-195-FRONTEND-BOUNDARY-S06,,,
RULE-W2-275,SRC-W2-002,docs/W2-openspec-risk/01-architecture-boundary-standard.md,175,175,merge,TECH-195-FRONTEND-BOUNDARY-S06,,,
RULE-W2-276,SRC-W2-002,docs/W2-openspec-risk/01-architecture-boundary-standard.md,176,176,merge,TECH-195-FRONTEND-BOUNDARY-S06,,,
RULE-W2-277,SRC-W2-002,docs/W2-openspec-risk/01-architecture-boundary-standard.md,177,177,merge,TECH-195-FRONTEND-BOUNDARY-S06,,,
RULE-W2-278,SRC-W2-002,docs/W2-openspec-risk/01-architecture-boundary-standard.md,178,178,rewrite,TECH-015-AI-MODEL-ROUTING-S07,,,
RULE-W2-279,SRC-W2-002,docs/W2-openspec-risk/01-architecture-boundary-standard.md,179,179,merge,TECH-195-FRONTEND-BOUNDARY-S06,,,
RULE-W2-280,SRC-W2-003,docs/W2-openspec-risk/02-api-contract-compatibility-standard.md,50,50,rewrite,TECH-079-CONTRACT-ARTIFACT-FILE-NAMING,,,
RULE-W2-281,SRC-W2-003,docs/W2-openspec-risk/02-api-contract-compatibility-standard.md,54,54,rewrite,TECH-079-SURFACE-MAP-MINIMUM-ARTIFACT,,,
RULE-W2-282,SRC-W2-003,docs/W2-openspec-risk/02-api-contract-compatibility-standard.md,55,55,rewrite,TECH-079-COMPATIBILITY-POLICY-MINIMUM-ARTIFACT,,,
RULE-W2-283,SRC-W2-003,docs/W2-openspec-risk/02-api-contract-compatibility-standard.md,56,56,rewrite,TECH-079-PROTO-EVOLUTION-MINIMUM-ARTIFACT,,,
RULE-W2-284,SRC-W2-003,docs/W2-openspec-risk/02-api-contract-compatibility-standard.md,57,57,rewrite,TECH-079-ERROR-MODEL-MINIMUM-ARTIFACT,,,
RULE-W2-285,SRC-W2-003,docs/W2-openspec-risk/02-api-contract-compatibility-standard.md,58,58,rewrite,VERIFY-EVIDENCE-W2-003-L058,,,
RULE-W2-286,SRC-W2-003,docs/W2-openspec-risk/02-api-contract-compatibility-standard.md,59,59,rewrite,TECH-079-AI-CONTRACT-MINIMUM-ARTIFACT,,,
RULE-W2-287,SRC-W2-004,docs/W2-openspec-risk/03-security-auth-supply-chain-standard.md,27,27,rewrite,TECH-016-AI-MODEL-ROUTING-S01,,,
RULE-W2-288,SRC-W2-004,docs/W2-openspec-risk/03-security-auth-supply-chain-standard.md,28,28,rewrite,TECH-257-SECURITY-PRIVACY-S01,,,
RULE-W2-289,SRC-W2-004,docs/W2-openspec-risk/03-security-auth-supply-chain-standard.md,29,29,rewrite,TECH-257-SECURITY-PRIVACY-S02,,,
RULE-W2-290,SRC-W2-004,docs/W2-openspec-risk/03-security-auth-supply-chain-standard.md,30,30,rewrite,TECH-257-SECURITY-PRIVACY-S03,,,
RULE-W2-291,SRC-W2-004,docs/W2-openspec-risk/03-security-auth-supply-chain-standard.md,33,33,rewrite,TECH-134-AUTH-IDENTITY-BOUNDARY-ARTIFACT,,,
RULE-W2-292,SRC-W2-004,docs/W2-openspec-risk/03-security-auth-supply-chain-standard.md,34,34,rewrite,TECH-134-AUTHORIZATION-POLICY-TEST-ARTIFACTS,,,
RULE-W2-293,SRC-W2-004,docs/W2-openspec-risk/03-security-auth-supply-chain-standard.md,35,35,merge,TECH-134-AUTHORIZATION-POLICY-TEST-ARTIFACTS,,,
RULE-W2-294,SRC-W2-004,docs/W2-openspec-risk/03-security-auth-supply-chain-standard.md,36,36,rewrite,TECH-134-HIGH-PRIVILEGE-AUDIT-NOTES,,,
RULE-W2-295,SRC-W2-005,docs/W2-openspec-risk/04-cost-data-vendor-trust-boundary-standard.md,30,30,rewrite,TECH-174-COST-VENDOR-S04,,,
RULE-W2-296,SRC-W2-005,docs/W2-openspec-risk/04-cost-data-vendor-trust-boundary-standard.md,31,31,rewrite,TECH-174-COST-VENDOR-S05,,,
RULE-W2-297,SRC-W2-005,docs/W2-openspec-risk/04-cost-data-vendor-trust-boundary-standard.md,32,32,merge,OPERATION-RUNBOOK-001,,,
RULE-W2-298,SRC-W2-005,docs/W2-openspec-risk/04-cost-data-vendor-trust-boundary-standard.md,35,35,rewrite,TECH-203-CUSTOMER-DATA-MAP-ARTIFACT,,,
RULE-W2-299,SRC-W2-005,docs/W2-openspec-risk/04-cost-data-vendor-trust-boundary-standard.md,36,36,rewrite,TECH-085-API-CONTRACT-ERROR-MODEL-S01,,,
RULE-W2-300,SRC-W2-005,docs/W2-openspec-risk/04-cost-data-vendor-trust-boundary-standard.md,37,37,rewrite,TECH-203-CUSTOMER-DATA-RIGHTS-DELETION-ARTIFACT,,,
RULE-W2-301,SRC-W2-005,docs/W2-openspec-risk/04-cost-data-vendor-trust-boundary-standard.md,40,40,rewrite,TECH-017-AI-MODEL-ROUTING-S04,,,
RULE-W2-302,SRC-W2-005,docs/W2-openspec-risk/04-cost-data-vendor-trust-boundary-standard.md,41,41,rewrite,TECH-017-AI-MODEL-ROUTING-S05,,,
RULE-W2-303,SRC-W2-005,docs/W2-openspec-risk/04-cost-data-vendor-trust-boundary-standard.md,42,42,rewrite,TECH-017-AI-MODEL-ROUTING-S06,,,
RULE-W2-304,SRC-W2-005,docs/W2-openspec-risk/04-cost-data-vendor-trust-boundary-standard.md,45,45,rewrite,TECH-203-IP-SOURCE-REGISTER-ARTIFACT,,,
RULE-W2-305,SRC-W2-005,docs/W2-openspec-risk/04-cost-data-vendor-trust-boundary-standard.md,46,46,rewrite,TECH-203-IP-LICENSE-POLICY-ARTIFACT,,,
RULE-W2-306,SRC-W2-005,docs/W2-openspec-risk/04-cost-data-vendor-trust-boundary-standard.md,47,47,rewrite,TECH-203-IP-NOTICE-ATTRIBUTION-ARTIFACT,,,
RULE-W2-307,SRC-W2-005,docs/W2-openspec-risk/04-cost-data-vendor-trust-boundary-standard.md,50,50,rewrite,TECH-203-TRUST-COMMITMENT-REGISTER-ARTIFACT,,,
RULE-W2-308,SRC-W2-005,docs/W2-openspec-risk/04-cost-data-vendor-trust-boundary-standard.md,51,51,merge,EXPERIENCE-AI-DISCLOSURE-ARTIFACT,,,
RULE-W2-309,SRC-W2-005,docs/W2-openspec-risk/04-cost-data-vendor-trust-boundary-standard.md,52,52,rewrite,TECH-203-TRUST-DATA-RIGHTS-ARTIFACT,,,
RULE-W2-310,SRC-W2-002,docs/W2-openspec-risk/01-architecture-boundary-standard.md,62,62,rewrite,TECH-109-ARCHITECTURE-BOUNDARY-S04,,,
RULE-W2-311,SRC-W2-002,docs/W2-openspec-risk/01-architecture-boundary-standard.md,63,63,merge,TECH-109-ARCHITECTURE-BOUNDARY-S04,,,
RULE-W2-312,SRC-W2-002,docs/W2-openspec-risk/01-architecture-boundary-standard.md,64,64,merge,TECH-109-ARCHITECTURE-BOUNDARY-S04,,,
RULE-W2-313,SRC-W2-002,docs/W2-openspec-risk/01-architecture-boundary-standard.md,65,65,merge,TECH-109-ARCHITECTURE-BOUNDARY-S04,,,
RULE-W2-314,SRC-W2-002,docs/W2-openspec-risk/01-architecture-boundary-standard.md,66,66,merge,TECH-109-ARCHITECTURE-BOUNDARY-S04,,,
RULE-W2-315,SRC-W2-002,docs/W2-openspec-risk/01-architecture-boundary-standard.md,67,67,merge,TECH-109-ARCHITECTURE-BOUNDARY-S04,,,
RULE-W2-316,SRC-W2-002,docs/W2-openspec-risk/01-architecture-boundary-standard.md,68,68,rewrite,TECH-109-ARCHITECTURE-BOUNDARY-S05,,,
RULE-W2-317,SRC-W2-002,docs/W2-openspec-risk/01-architecture-boundary-standard.md,76,76,rewrite,TECH-109-ARCHITECTURE-BOUNDARY-S06,,,
RULE-W2-318,SRC-W2-002,docs/W2-openspec-risk/01-architecture-boundary-standard.md,76,76,merge,TECH-109-ARCHITECTURE-BOUNDARY-S06,,,
RULE-W2-319,SRC-W2-002,docs/W2-openspec-risk/01-architecture-boundary-standard.md,76,76,merge,TECH-109-ARCHITECTURE-BOUNDARY-S06,,,
RULE-W2-320,SRC-W2-002,docs/W2-openspec-risk/01-architecture-boundary-standard.md,76,76,merge,TECH-109-ARCHITECTURE-BOUNDARY-S06,,,
RULE-W2-321,SRC-W2-002,docs/W2-openspec-risk/01-architecture-boundary-standard.md,77,77,rewrite,TECH-104-ARCHITECTURE-BOUNDARY-SCHEMA-S01,,,
RULE-W2-322,SRC-W2-002,docs/W2-openspec-risk/01-architecture-boundary-standard.md,78,78,merge,TECH-104-ARCHITECTURE-BOUNDARY-SCHEMA-S01,,,
RULE-W2-323,SRC-W2-002,docs/W2-openspec-risk/01-architecture-boundary-standard.md,79,79,merge,TECH-104-ARCHITECTURE-BOUNDARY-SCHEMA-S01,,,
RULE-W2-324,SRC-W2-002,docs/W2-openspec-risk/01-architecture-boundary-standard.md,80,80,merge,TECH-104-ARCHITECTURE-BOUNDARY-SCHEMA-S01,,,
RULE-W2-325,SRC-W2-002,docs/W2-openspec-risk/01-architecture-boundary-standard.md,81,81,merge,TECH-104-ARCHITECTURE-BOUNDARY-SCHEMA-S01,,,
RULE-W2-326,SRC-W2-002,docs/W2-openspec-risk/01-architecture-boundary-standard.md,82,82,merge,TECH-109-ARCHITECTURE-BOUNDARY-S06,,,
RULE-W2-327,SRC-W2-002,docs/W2-openspec-risk/01-architecture-boundary-standard.md,83,83,rewrite,TECH-078-API-CONTRACT-ERROR-MODEL-S08,,,
RULE-W2-328,SRC-W2-002,docs/W2-openspec-risk/01-architecture-boundary-standard.md,84,84,rewrite,TECH-106-ARCHITECTURE-BOUNDARY-S02,,,
RULE-W2-329,SRC-W2-002,docs/W2-openspec-risk/01-architecture-boundary-standard.md,85,85,merge,TECH-104-ARCHITECTURE-BOUNDARY-SCHEMA-S01,,,
RULE-W2-330,SRC-W2-002,docs/W2-openspec-risk/01-architecture-boundary-standard.md,86,86,merge,TECH-104-ARCHITECTURE-BOUNDARY-SCHEMA-S01,,,
RULE-W2-331,SRC-W2-002,docs/W2-openspec-risk/01-architecture-boundary-standard.md,87,87,rewrite,TECH-108-ARCHITECTURE-BOUNDARY-S01,,,
RULE-W2-332,SRC-W2-002,docs/W2-openspec-risk/01-architecture-boundary-standard.md,88,88,merge,TECH-104-ARCHITECTURE-BOUNDARY-SCHEMA-S01,,,
RULE-W2-333,SRC-W2-002,docs/W2-openspec-risk/01-architecture-boundary-standard.md,92,92,rewrite,TECH-116-ARCHITECTURE-MODULE-ENTRY-SCHEMA-S01,,,
RULE-W2-334,SRC-W2-002,docs/W2-openspec-risk/01-architecture-boundary-standard.md,93,93,rewrite,TECH-111-ARCHITECTURE-BOUNDARY-S01,,,
RULE-W2-335,SRC-W2-002,docs/W2-openspec-risk/01-architecture-boundary-standard.md,94,94,merge,TECH-116-ARCHITECTURE-MODULE-ENTRY-SCHEMA-S01,,,
RULE-W2-336,SRC-W2-002,docs/W2-openspec-risk/01-architecture-boundary-standard.md,95,95,merge,TECH-116-ARCHITECTURE-MODULE-ENTRY-SCHEMA-S01,,,
RULE-W2-337,SRC-W2-002,docs/W2-openspec-risk/01-architecture-boundary-standard.md,96,96,rewrite,TECH-078-API-CONTRACT-ERROR-MODEL-S09,,,
RULE-W2-338,SRC-W2-002,docs/W2-openspec-risk/01-architecture-boundary-standard.md,97,97,merge,TECH-116-ARCHITECTURE-MODULE-ENTRY-SCHEMA-S01,,,
RULE-W2-339,SRC-W2-002,docs/W2-openspec-risk/01-architecture-boundary-standard.md,98,98,merge,TECH-116-ARCHITECTURE-MODULE-ENTRY-SCHEMA-S01,,,
RULE-W2-340,SRC-W2-002,docs/W2-openspec-risk/01-architecture-boundary-standard.md,104,104,rewrite,TECH-117-ARCHITECTURE-MODULE-MAP-S01,,,
RULE-W2-341,SRC-W2-002,docs/W2-openspec-risk/01-architecture-boundary-standard.md,105,105,merge,TECH-117-ARCHITECTURE-MODULE-MAP-S01,,,
RULE-W2-342,SRC-W2-002,docs/W2-openspec-risk/01-architecture-boundary-standard.md,106,106,merge,TECH-117-ARCHITECTURE-MODULE-MAP-S01,,,
RULE-W2-343,SRC-W2-002,docs/W2-openspec-risk/01-architecture-boundary-standard.md,107,107,merge,TECH-117-ARCHITECTURE-MODULE-MAP-S01,,,
RULE-W2-344,SRC-W2-002,docs/W2-openspec-risk/01-architecture-boundary-standard.md,108,108,rewrite,TECH-109-ARCHITECTURE-BOUNDARY-S07,,,
RULE-W2-345,SRC-W2-002,docs/W2-openspec-risk/01-architecture-boundary-standard.md,109,109,rewrite,TECH-078-API-CONTRACT-ERROR-MODEL-S10,,,
RULE-W2-346,SRC-W2-002,docs/W2-openspec-risk/01-architecture-boundary-standard.md,110,110,rewrite,TECH-106-ARCHITECTURE-BOUNDARY-S03,,,
RULE-W2-347,SRC-W2-002,docs/W2-openspec-risk/01-architecture-boundary-standard.md,111,111,merge,TECH-117-ARCHITECTURE-MODULE-MAP-S01,,,
RULE-W2-348,SRC-W2-002,docs/W2-openspec-risk/01-architecture-boundary-standard.md,112,112,merge,TECH-109-ARCHITECTURE-BOUNDARY-S07,,,
RULE-W2-349,SRC-W2-002,docs/W2-openspec-risk/01-architecture-boundary-standard.md,120,120,rewrite,TECH-189-DEPENDENCY-RULES-ARTIFACT-S01,,,
RULE-W2-350,SRC-W2-002,docs/W2-openspec-risk/01-architecture-boundary-standard.md,121,121,merge,TECH-189-DEPENDENCY-RULES-ARTIFACT-S01,,,
RULE-W2-351,SRC-W2-002,docs/W2-openspec-risk/01-architecture-boundary-standard.md,122,122,merge,TECH-189-DEPENDENCY-RULES-ARTIFACT-S01,,,
RULE-W2-352,SRC-W2-002,docs/W2-openspec-risk/01-architecture-boundary-standard.md,123,123,merge,TECH-189-DEPENDENCY-RULES-ARTIFACT-S01,,,
RULE-W2-353,SRC-W2-002,docs/W2-openspec-risk/01-architecture-boundary-standard.md,124,124,rewrite,TECH-108-ARCHITECTURE-BOUNDARY-S02,,,
RULE-W2-354,SRC-W2-002,docs/W2-openspec-risk/01-architecture-boundary-standard.md,128,128,rewrite,TECH-188-DEPENDENCY-RULE-SCHEMA-S01,,,
RULE-W2-355,SRC-W2-002,docs/W2-openspec-risk/01-architecture-boundary-standard.md,129,129,merge,TECH-188-DEPENDENCY-RULE-SCHEMA-S01,,,
RULE-W2-356,SRC-W2-002,docs/W2-openspec-risk/01-architecture-boundary-standard.md,130,130,merge,TECH-188-DEPENDENCY-RULE-SCHEMA-S01,,,
RULE-W2-357,SRC-W2-002,docs/W2-openspec-risk/01-architecture-boundary-standard.md,131,131,merge,TECH-188-DEPENDENCY-RULE-SCHEMA-S01,,,
RULE-W2-358,SRC-W2-002,docs/W2-openspec-risk/01-architecture-boundary-standard.md,132,132,merge,TECH-188-DEPENDENCY-RULE-SCHEMA-S01,,,
RULE-W2-359,SRC-W2-002,docs/W2-openspec-risk/01-architecture-boundary-standard.md,195,195,rewrite,TECH-053-AI-TOOL-PERMISSION-S01,,,
RULE-W2-360,SRC-W2-002,docs/W2-openspec-risk/01-architecture-boundary-standard.md,195,195,rewrite,TECH-132-AUTH-TENANT-PERMISSION-S02,,,
RULE-W2-361,SRC-W2-002,docs/W2-openspec-risk/01-architecture-boundary-standard.md,195,195,merge,TECH-132-AUTH-TENANT-PERMISSION-S02,,,
RULE-W2-362,SRC-W2-002,docs/W2-openspec-risk/01-architecture-boundary-standard.md,195,195,merge,TECH-053-AI-TOOL-PERMISSION-S01,,,
RULE-W2-363,SRC-W2-002,docs/W2-openspec-risk/01-architecture-boundary-standard.md,195,195,merge,TECH-053-AI-TOOL-PERMISSION-S01,,,
RULE-W2-364,SRC-W2-002,docs/W2-openspec-risk/01-architecture-boundary-standard.md,195,195,merge,TECH-053-AI-TOOL-PERMISSION-S01,,,
RULE-W2-365,SRC-W2-002,docs/W2-openspec-risk/01-architecture-boundary-standard.md,195,195,merge,TECH-053-AI-TOOL-PERMISSION-S01,,,
RULE-W2-366,SRC-W2-003,docs/W2-openspec-risk/02-api-contract-compatibility-standard.md,68,68,rewrite,TECH-073-SURFACE-MAP-SCHEMA,,,
RULE-W2-367,SRC-W2-003,docs/W2-openspec-risk/02-api-contract-compatibility-standard.md,69,69,rewrite,TECH-074-API-CONTRACT-API-CONTRACT-COMPATIBILITY-S01,,,
RULE-W2-368,SRC-W2-003,docs/W2-openspec-risk/02-api-contract-compatibility-standard.md,70,70,merge,TECH-073-SURFACE-MAP-SCHEMA,,,
RULE-W2-369,SRC-W2-003,docs/W2-openspec-risk/02-api-contract-compatibility-standard.md,71,71,merge,TECH-073-SURFACE-MAP-SCHEMA,,,
RULE-W2-370,SRC-W2-003,docs/W2-openspec-risk/02-api-contract-compatibility-standard.md,72,72,merge,TECH-073-SURFACE-MAP-SCHEMA,,,
RULE-W2-371,SRC-W2-003,docs/W2-openspec-risk/02-api-contract-compatibility-standard.md,73,73,merge,TECH-073-SURFACE-MAP-SCHEMA,,,
RULE-W2-372,SRC-W2-003,docs/W2-openspec-risk/02-api-contract-compatibility-standard.md,74,74,rewrite,TECH-079-SURFACE-MAP-PROTOBUF-ROOTS,,,
RULE-W2-373,SRC-W2-003,docs/W2-openspec-risk/02-api-contract-compatibility-standard.md,75,75,merge,TECH-073-SURFACE-MAP-SCHEMA,,,
RULE-W2-374,SRC-W2-003,docs/W2-openspec-risk/02-api-contract-compatibility-standard.md,76,76,rewrite,TECH-054-AI-TOOL-PERMISSION-S01,,,
RULE-W2-375,SRC-W2-003,docs/W2-openspec-risk/02-api-contract-compatibility-standard.md,77,77,rewrite,TECH-072-API-CONTRACT-API-CONTRACT-COMPATIBILITY-S01,,,
RULE-W2-376,SRC-W2-003,docs/W2-openspec-risk/02-api-contract-compatibility-standard.md,78,78,merge,TECH-073-SURFACE-MAP-SCHEMA,,,
RULE-W2-377,SRC-W2-003,docs/W2-openspec-risk/02-api-contract-compatibility-standard.md,82,82,rewrite,TECH-073-SURFACE-ITEM-SCHEMA,,,
RULE-W2-378,SRC-W2-003,docs/W2-openspec-risk/02-api-contract-compatibility-standard.md,83,83,rewrite,TECH-075-API-CONTRACT-API-CONTRACT-COMPATIBILITY-S02,,,
RULE-W2-379,SRC-W2-003,docs/W2-openspec-risk/02-api-contract-compatibility-standard.md,84,84,merge,TECH-073-SURFACE-ITEM-SCHEMA,,,
RULE-W2-380,SRC-W2-003,docs/W2-openspec-risk/02-api-contract-compatibility-standard.md,85,85,merge,TECH-075-API-CONTRACT-API-CONTRACT-COMPATIBILITY-S02,,,
RULE-W2-381,SRC-W2-003,docs/W2-openspec-risk/02-api-contract-compatibility-standard.md,86,86,merge,TECH-073-SURFACE-ITEM-SCHEMA,,,
RULE-W2-382,SRC-W2-003,docs/W2-openspec-risk/02-api-contract-compatibility-standard.md,87,87,merge,TECH-073-SURFACE-ITEM-SCHEMA,,,
RULE-W2-383,SRC-W2-003,docs/W2-openspec-risk/02-api-contract-compatibility-standard.md,88,88,rewrite,TECH-074-API-CONTRACT-API-CONTRACT-COMPATIBILITY-S02,,,
RULE-W2-384,SRC-W2-003,docs/W2-openspec-risk/02-api-contract-compatibility-standard.md,89,89,merge,TECH-073-SURFACE-ITEM-SCHEMA,,,
RULE-W2-385,SRC-W2-003,docs/W2-openspec-risk/02-api-contract-compatibility-standard.md,90,90,merge,EVALUATION-DEPRECATION-003,,,
RULE-W2-386,SRC-W2-003,docs/W2-openspec-risk/02-api-contract-compatibility-standard.md,98,98,rewrite,TECH-200-GOVERNANCE-API-CONTRACT-COMPATIBILITY-S06,,,
RULE-W2-387,SRC-W2-003,docs/W2-openspec-risk/02-api-contract-compatibility-standard.md,99,99,merge,TECH-200-GOVERNANCE-API-CONTRACT-COMPATIBILITY-S06,,,
RULE-W2-388,SRC-W2-003,docs/W2-openspec-risk/02-api-contract-compatibility-standard.md,100,100,merge,TECH-200-GOVERNANCE-API-CONTRACT-COMPATIBILITY-S06,,,
RULE-W2-389,SRC-W2-003,docs/W2-openspec-risk/02-api-contract-compatibility-standard.md,101,101,merge,TECH-200-GOVERNANCE-API-CONTRACT-COMPATIBILITY-S06,,,
RULE-W2-390,SRC-W2-003,docs/W2-openspec-risk/02-api-contract-compatibility-standard.md,102,102,merge,TECH-200-GOVERNANCE-API-CONTRACT-COMPATIBILITY-S06,,,
RULE-W2-391,SRC-W2-003,docs/W2-openspec-risk/02-api-contract-compatibility-standard.md,103,103,merge,EVALUATION-DEPRECATION-003,,,
RULE-W2-392,SRC-W2-003,docs/W2-openspec-risk/02-api-contract-compatibility-standard.md,104,104,merge,TECH-200-GOVERNANCE-API-CONTRACT-COMPATIBILITY-S06,,,
RULE-W2-393,SRC-W2-003,docs/W2-openspec-risk/02-api-contract-compatibility-standard.md,105,105,merge,TECH-200-GOVERNANCE-API-CONTRACT-COMPATIBILITY-S06,,,
RULE-W2-394,SRC-W2-003,docs/W2-openspec-risk/02-api-contract-compatibility-standard.md,117,117,rewrite,TECH-079-PROTO-EVOLUTION-PLAN-SCHEMA,,,
RULE-W2-395,SRC-W2-003,docs/W2-openspec-risk/02-api-contract-compatibility-standard.md,118,118,merge,TECH-079-PROTO-EVOLUTION-PLAN-SCHEMA,,,
RULE-W2-396,SRC-W2-003,docs/W2-openspec-risk/02-api-contract-compatibility-standard.md,119,119,merge,TECH-079-PROTO-EVOLUTION-PLAN-SCHEMA,,,
RULE-W2-397,SRC-W2-003,docs/W2-openspec-risk/02-api-contract-compatibility-standard.md,120,120,merge,TECH-079-PROTO-EVOLUTION-PLAN-SCHEMA,,,
RULE-W2-398,SRC-W2-003,docs/W2-openspec-risk/02-api-contract-compatibility-standard.md,121,121,merge,TECH-079-PROTO-EVOLUTION-PLAN-SCHEMA,,,
RULE-W2-399,SRC-W2-003,docs/W2-openspec-risk/02-api-contract-compatibility-standard.md,122,122,merge,TECH-079-PROTO-EVOLUTION-PLAN-SCHEMA,,,
RULE-W2-400,SRC-W2-003,docs/W2-openspec-risk/02-api-contract-compatibility-standard.md,123,123,merge,TECH-079-PROTO-EVOLUTION-PLAN-SCHEMA,,,
RULE-W2-401,SRC-W2-003,docs/W2-openspec-risk/02-api-contract-compatibility-standard.md,124,124,merge,TECH-079-PROTO-EVOLUTION-PLAN-SCHEMA,,,
RULE-W2-402,SRC-W2-003,docs/W2-openspec-risk/02-api-contract-compatibility-standard.md,138,138,rewrite,TECH-079-ERROR-MODEL-SCHEMA,,,
RULE-W2-403,SRC-W2-003,docs/W2-openspec-risk/02-api-contract-compatibility-standard.md,139,139,merge,TECH-079-ERROR-MODEL-SCHEMA,,,
RULE-W2-404,SRC-W2-003,docs/W2-openspec-risk/02-api-contract-compatibility-standard.md,140,140,merge,TECH-079-ERROR-MODEL-SCHEMA,,,
RULE-W2-405,SRC-W2-003,docs/W2-openspec-risk/02-api-contract-compatibility-standard.md,141,141,merge,TECH-079-ERROR-MODEL-SCHEMA,,,
RULE-W2-406,SRC-W2-003,docs/W2-openspec-risk/02-api-contract-compatibility-standard.md,142,142,merge,TECH-079-ERROR-MODEL-SCHEMA,,,
RULE-W2-407,SRC-W2-003,docs/W2-openspec-risk/02-api-contract-compatibility-standard.md,143,143,merge,TECH-079-ERROR-MODEL-SCHEMA,,,
RULE-W2-408,SRC-W2-003,docs/W2-openspec-risk/02-api-contract-compatibility-standard.md,144,144,merge,OPERATION-OBSERVE-003,,,
RULE-W2-409,SRC-W2-003,docs/W2-openspec-risk/02-api-contract-compatibility-standard.md,145,145,merge,TECH-079-ERROR-MODEL-SCHEMA,,,
RULE-W2-410,SRC-W2-003,docs/W2-openspec-risk/02-api-contract-compatibility-standard.md,153,153,rewrite,VERIFY-EVIDENCE-W2-003-L153,,,
RULE-W2-411,SRC-W2-003,docs/W2-openspec-risk/02-api-contract-compatibility-standard.md,154,154,rewrite,VERIFY-EVIDENCE-W2-003-L154,,,
RULE-W2-412,SRC-W2-003,docs/W2-openspec-risk/02-api-contract-compatibility-standard.md,155,155,rewrite,VERIFY-EVIDENCE-W2-003-L155,,,
RULE-W2-413,SRC-W2-003,docs/W2-openspec-risk/02-api-contract-compatibility-standard.md,156,156,rewrite,VERIFY-EVIDENCE-W2-003-L156,,,
RULE-W2-414,SRC-W2-003,docs/W2-openspec-risk/02-api-contract-compatibility-standard.md,157,157,rewrite,VERIFY-AI-EVAL-FIXTURE-W2-003-L157,,,
RULE-W2-415,SRC-W2-003,docs/W2-openspec-risk/02-api-contract-compatibility-standard.md,158,158,rewrite,VERIFY-EVIDENCE-W2-003-L158,,,
RULE-W2-416,SRC-W2-003,docs/W2-openspec-risk/02-api-contract-compatibility-standard.md,159,159,rewrite,VERIFY-EVIDENCE-W2-003-L159,,,
RULE-W2-417,SRC-W2-003,docs/W2-openspec-risk/02-api-contract-compatibility-standard.md,160,160,rewrite,VERIFY-EVIDENCE-W2-003-L160,,,
RULE-W2-418,SRC-W2-003,docs/W2-openspec-risk/02-api-contract-compatibility-standard.md,161,161,rewrite,VERIFY-AI-EVAL-FIXTURE-W2-003-L161,,,
RULE-W2-419,SRC-W2-003,docs/W2-openspec-risk/02-api-contract-compatibility-standard.md,162,162,rewrite,VERIFY-EVIDENCE-W2-003-L162,,,
RULE-W2-420,SRC-W2-003,docs/W2-openspec-risk/02-api-contract-compatibility-standard.md,175,175,rewrite,TECH-079-AI-CONTRACT-SCHEMA,,,
RULE-W2-421,SRC-W2-003,docs/W2-openspec-risk/02-api-contract-compatibility-standard.md,176,176,merge,TECH-079-AI-CONTRACT-SCHEMA,,,
RULE-W2-422,SRC-W2-003,docs/W2-openspec-risk/02-api-contract-compatibility-standard.md,177,177,merge,TECH-079-AI-CONTRACT-SCHEMA,,,
RULE-W2-423,SRC-W2-003,docs/W2-openspec-risk/02-api-contract-compatibility-standard.md,178,178,rewrite,VERIFY-AI-EVAL-FIXTURE-W2-003-L178,,,
RULE-W2-424,SRC-W2-003,docs/W2-openspec-risk/02-api-contract-compatibility-standard.md,179,179,merge,TECH-079-AI-CONTRACT-SCHEMA,,,
RULE-W2-425,SRC-W2-003,docs/W2-openspec-risk/02-api-contract-compatibility-standard.md,180,180,merge,TECH-079-AI-CONTRACT-SCHEMA,,,
RULE-W2-426,SRC-W2-003,docs/W2-openspec-risk/02-api-contract-compatibility-standard.md,181,181,merge,TECH-079-AI-CONTRACT-SCHEMA,,,
RULE-W2-427,SRC-W2-003,docs/W2-openspec-risk/02-api-contract-compatibility-standard.md,185,185,rewrite,TECH-247-SCHEMA-DATA-API-CONTRACT-COMPATIBILITY-S04,,,
RULE-W2-428,SRC-W2-003,docs/W2-openspec-risk/02-api-contract-compatibility-standard.md,186,186,merge,TECH-247-SCHEMA-DATA-API-CONTRACT-COMPATIBILITY-S04,,,
RULE-W2-429,SRC-W2-003,docs/W2-openspec-risk/02-api-contract-compatibility-standard.md,187,187,merge,TECH-247-SCHEMA-DATA-API-CONTRACT-COMPATIBILITY-S04,,,
RULE-W2-430,SRC-W2-003,docs/W2-openspec-risk/02-api-contract-compatibility-standard.md,188,188,merge,TECH-247-SCHEMA-DATA-API-CONTRACT-COMPATIBILITY-S04,,,
RULE-W2-431,SRC-W2-003,docs/W2-openspec-risk/02-api-contract-compatibility-standard.md,189,189,merge,TECH-247-SCHEMA-DATA-API-CONTRACT-COMPATIBILITY-S04,,,
RULE-W2-432,SRC-W2-003,docs/W2-openspec-risk/02-api-contract-compatibility-standard.md,190,190,merge,TECH-247-SCHEMA-DATA-API-CONTRACT-COMPATIBILITY-S04,,,
RULE-W2-433,SRC-W2-003,docs/W2-openspec-risk/02-api-contract-compatibility-standard.md,191,191,merge,TECH-247-SCHEMA-DATA-API-CONTRACT-COMPATIBILITY-S04,,,
RULE-W2-434,SRC-W2-003,docs/W2-openspec-risk/02-api-contract-compatibility-standard.md,192,192,rewrite,TECH-239-RETRY-FALLBACK-RESILIENCE-S01,,,
RULE-W2-435,SRC-W2-004,docs/W2-openspec-risk/03-security-auth-supply-chain-standard.md,43,43,rewrite,TECH-016-AI-MODEL-ROUTING-S02,,,
RULE-W2-436,SRC-W2-004,docs/W2-openspec-risk/03-security-auth-supply-chain-standard.md,43,43,merge,TECH-016-AI-MODEL-ROUTING-S02,,,
RULE-W2-437,SRC-W2-004,docs/W2-openspec-risk/03-security-auth-supply-chain-standard.md,43,43,rewrite,TECH-257-SECURITY-PRIVACY-S04,,,
RULE-W2-438,SRC-W2-004,docs/W2-openspec-risk/03-security-auth-supply-chain-standard.md,43,43,merge,TECH-257-SECURITY-PRIVACY-S04,,,
RULE-W2-439,SRC-W2-004,docs/W2-openspec-risk/03-security-auth-supply-chain-standard.md,43,43,merge,TECH-257-SECURITY-PRIVACY-S04,,,
RULE-W2-440,SRC-W2-004,docs/W2-openspec-risk/03-security-auth-supply-chain-standard.md,43,43,merge,TECH-257-SECURITY-PRIVACY-S04,,,
RULE-W2-441,SRC-W2-004,docs/W2-openspec-risk/03-security-auth-supply-chain-standard.md,44,44,rewrite,TECH-257-SECURITY-PRIVACY-S05,,,
RULE-W2-442,SRC-W2-004,docs/W2-openspec-risk/03-security-auth-supply-chain-standard.md,44,44,merge,TECH-257-SECURITY-PRIVACY-S05,,,
RULE-W2-443,SRC-W2-004,docs/W2-openspec-risk/03-security-auth-supply-chain-standard.md,44,44,merge,TECH-257-SECURITY-PRIVACY-S05,,,
RULE-W2-444,SRC-W2-004,docs/W2-openspec-risk/03-security-auth-supply-chain-standard.md,44,44,merge,TECH-257-SECURITY-PRIVACY-S05,,,
RULE-W2-445,SRC-W2-004,docs/W2-openspec-risk/03-security-auth-supply-chain-standard.md,44,44,merge,TECH-257-SECURITY-PRIVACY-S05,,,
RULE-W2-446,SRC-W2-004,docs/W2-openspec-risk/03-security-auth-supply-chain-standard.md,44,44,merge,TECH-257-SECURITY-PRIVACY-S05,,,
RULE-W2-447,SRC-W2-004,docs/W2-openspec-risk/03-security-auth-supply-chain-standard.md,44,44,merge,TECH-257-SECURITY-PRIVACY-S05,,,
RULE-W2-448,SRC-W2-004,docs/W2-openspec-risk/03-security-auth-supply-chain-standard.md,45,45,rewrite,TECH-134-AUTH-COVERAGE,,,
RULE-W2-449,SRC-W2-004,docs/W2-openspec-risk/03-security-auth-supply-chain-standard.md,45,45,merge,TECH-134-AUTH-COVERAGE,,,
RULE-W2-450,SRC-W2-004,docs/W2-openspec-risk/03-security-auth-supply-chain-standard.md,45,45,merge,TECH-134-AUTH-COVERAGE,,,
RULE-W2-451,SRC-W2-004,docs/W2-openspec-risk/03-security-auth-supply-chain-standard.md,45,45,merge,TECH-134-AUTH-COVERAGE,,,
RULE-W2-452,SRC-W2-004,docs/W2-openspec-risk/03-security-auth-supply-chain-standard.md,45,45,merge,TECH-134-AUTH-COVERAGE,,,
RULE-W2-453,SRC-W2-004,docs/W2-openspec-risk/03-security-auth-supply-chain-standard.md,47,47,rewrite,TECH-215-SUPPLY-CHAIN-LOCKFILE-COVERAGE,,,
RULE-W2-454,SRC-W2-004,docs/W2-openspec-risk/03-security-auth-supply-chain-standard.md,47,47,rewrite,TECH-112-ARCHITECTURE-BOUNDARY-S01,,,
RULE-W2-455,SRC-W2-004,docs/W2-openspec-risk/03-security-auth-supply-chain-standard.md,47,47,rewrite,TECH-257-SECURITY-PRIVACY-S06,,,
RULE-W2-456,SRC-W2-004,docs/W2-openspec-risk/03-security-auth-supply-chain-standard.md,47,47,rewrite,TECH-232-PLANNING-GOVERNANCE-ROUTING-S01,,,
RULE-W2-457,SRC-W2-004,docs/W2-openspec-risk/03-security-auth-supply-chain-standard.md,47,47,rewrite,TECH-134-SUPPLY-CHAIN-CI-MINIMUM-PERMISSION,,,
RULE-W2-458,SRC-W2-004,docs/W2-openspec-risk/03-security-auth-supply-chain-standard.md,48,48,rewrite,TECH-028-AI-PROMPT-ARTIFACT-S02,,,
RULE-W2-459,SRC-W2-004,docs/W2-openspec-risk/03-security-auth-supply-chain-standard.md,48,48,rewrite,TECH-047-AI-SENSITIVE-DISCLOSURE-SAFETY-S01,,,
RULE-W2-460,SRC-W2-004,docs/W2-openspec-risk/03-security-auth-supply-chain-standard.md,48,48,rewrite,TECH-257-SECURITY-PRIVACY-S07,,,
RULE-W2-461,SRC-W2-004,docs/W2-openspec-risk/03-security-auth-supply-chain-standard.md,48,48,merge,TECH-257-SECURITY-PRIVACY-S07,,,
RULE-W2-462,SRC-W2-005,docs/W2-openspec-risk/04-cost-data-vendor-trust-boundary-standard.md,57,57,rewrite,TECH-174-COST-VENDOR-S06,,,
RULE-W2-463,SRC-W2-005,docs/W2-openspec-risk/04-cost-data-vendor-trust-boundary-standard.md,57,57,rewrite,TECH-174-COST-VENDOR-S07,,,
RULE-W2-464,SRC-W2-005,docs/W2-openspec-risk/04-cost-data-vendor-trust-boundary-standard.md,57,57,rewrite,TECH-174-COST-VENDOR-S08,,,
RULE-W2-465,SRC-W2-005,docs/W2-openspec-risk/04-cost-data-vendor-trust-boundary-standard.md,57,57,rewrite,TECH-174-COST-VENDOR-S09,,,
RULE-W2-466,SRC-W2-005,docs/W2-openspec-risk/04-cost-data-vendor-trust-boundary-standard.md,57,57,rewrite,TECH-174-COST-VENDOR-S10,,,
RULE-W2-467,SRC-W2-005,docs/W2-openspec-risk/04-cost-data-vendor-trust-boundary-standard.md,57,57,rewrite,TECH-240-RETRY-FALLBACK-RESILIENCE-S02,,,
RULE-W2-468,SRC-W2-005,docs/W2-openspec-risk/04-cost-data-vendor-trust-boundary-standard.md,57,57,rewrite,TECH-017-AI-MODEL-ROUTING-S07,,,
RULE-W2-469,SRC-W2-005,docs/W2-openspec-risk/04-cost-data-vendor-trust-boundary-standard.md,58,58,rewrite,TECH-203-CUSTOMER-DATA-RECORD-FIELDS,,,
RULE-W2-470,SRC-W2-005,docs/W2-openspec-risk/04-cost-data-vendor-trust-boundary-standard.md,58,58,merge,TECH-203-CUSTOMER-DATA-RECORD-FIELDS,,,
RULE-W2-471,SRC-W2-005,docs/W2-openspec-risk/04-cost-data-vendor-trust-boundary-standard.md,58,58,merge,TECH-203-CUSTOMER-DATA-RECORD-FIELDS,,,
RULE-W2-472,SRC-W2-005,docs/W2-openspec-risk/04-cost-data-vendor-trust-boundary-standard.md,58,58,rewrite,TECH-154-BACKUP-RESTORE-RECOVERY-S01,,,
RULE-W2-473,SRC-W2-005,docs/W2-openspec-risk/04-cost-data-vendor-trust-boundary-standard.md,58,58,merge,TECH-203-CUSTOMER-DATA-RECORD-FIELDS,,,
RULE-W2-474,SRC-W2-005,docs/W2-openspec-risk/04-cost-data-vendor-trust-boundary-standard.md,59,59,rewrite,TECH-017-AI-MODEL-ROUTING-S08,,,
RULE-W2-475,SRC-W2-005,docs/W2-openspec-risk/04-cost-data-vendor-trust-boundary-standard.md,59,59,merge,TECH-017-AI-MODEL-ROUTING-S08,,,
RULE-W2-476,SRC-W2-005,docs/W2-openspec-risk/04-cost-data-vendor-trust-boundary-standard.md,59,59,merge,TECH-017-AI-MODEL-ROUTING-S08,,,
RULE-W2-477,SRC-W2-005,docs/W2-openspec-risk/04-cost-data-vendor-trust-boundary-standard.md,59,59,merge,TECH-017-AI-MODEL-ROUTING-S08,,,
RULE-W2-478,SRC-W2-005,docs/W2-openspec-risk/04-cost-data-vendor-trust-boundary-standard.md,59,59,merge,TECH-017-AI-MODEL-ROUTING-S08,,,
RULE-W2-479,SRC-W2-005,docs/W2-openspec-risk/04-cost-data-vendor-trust-boundary-standard.md,59,59,merge,TECH-017-AI-MODEL-ROUTING-S08,,,
RULE-W2-480,SRC-W2-005,docs/W2-openspec-risk/04-cost-data-vendor-trust-boundary-standard.md,59,59,merge,TECH-017-AI-MODEL-ROUTING-S08,,,
RULE-W2-481,SRC-W2-005,docs/W2-openspec-risk/04-cost-data-vendor-trust-boundary-standard.md,59,59,merge,TECH-017-AI-MODEL-ROUTING-S08,,,
RULE-W2-482,SRC-W2-005,docs/W2-openspec-risk/04-cost-data-vendor-trust-boundary-standard.md,60,60,rewrite,TECH-203-CONTENT-PROVENANCE-FIELDS,,,
RULE-W2-483,SRC-W2-005,docs/W2-openspec-risk/04-cost-data-vendor-trust-boundary-standard.md,60,60,merge,TECH-203-CONTENT-PROVENANCE-FIELDS,,,
RULE-W2-484,SRC-W2-005,docs/W2-openspec-risk/04-cost-data-vendor-trust-boundary-standard.md,60,60,merge,TECH-203-CONTENT-PROVENANCE-FIELDS,,,
RULE-W2-485,SRC-W2-005,docs/W2-openspec-risk/04-cost-data-vendor-trust-boundary-standard.md,65,65,rewrite,TECH-174-COST-VENDOR-S11,,,
RULE-W2-486,SRC-W2-005,docs/W2-openspec-risk/04-cost-data-vendor-trust-boundary-standard.md,65,65,merge,TECH-174-COST-VENDOR-S11,,,
RULE-W2-487,SRC-W2-005,docs/W2-openspec-risk/04-cost-data-vendor-trust-boundary-standard.md,65,65,merge,TECH-174-COST-VENDOR-S11,,,
RULE-W2-488,SRC-W2-005,docs/W2-openspec-risk/04-cost-data-vendor-trust-boundary-standard.md,65,65,merge,TECH-174-COST-VENDOR-S11,,,
RULE-W2-489,SRC-W2-005,docs/W2-openspec-risk/04-cost-data-vendor-trust-boundary-standard.md,65,65,merge,TECH-174-COST-VENDOR-S11,,,
RULE-W2-490,SRC-W2-005,docs/W2-openspec-risk/04-cost-data-vendor-trust-boundary-standard.md,66,66,rewrite,TECH-123-ASYNC-JOB-WORKER-S02,,,
RULE-W2-491,SRC-W2-005,docs/W2-openspec-risk/04-cost-data-vendor-trust-boundary-standard.md,66,66,merge,TECH-123-ASYNC-JOB-WORKER-S02,,,
RULE-W2-492,SRC-W2-005,docs/W2-openspec-risk/04-cost-data-vendor-trust-boundary-standard.md,66,66,merge,TECH-123-ASYNC-JOB-WORKER-S02,,,
RULE-W2-493,SRC-W2-005,docs/W2-openspec-risk/04-cost-data-vendor-trust-boundary-standard.md,66,66,merge,TECH-123-ASYNC-JOB-WORKER-S02,,,
RULE-W2-494,SRC-W2-005,docs/W2-openspec-risk/04-cost-data-vendor-trust-boundary-standard.md,66,66,merge,TECH-123-ASYNC-JOB-WORKER-S02,,,
RULE-W2-495,SRC-W2-005,docs/W2-openspec-risk/04-cost-data-vendor-trust-boundary-standard.md,67,67,rewrite,TECH-240-RETRY-FALLBACK-RESILIENCE-S03,,,
RULE-W2-496,SRC-W2-005,docs/W2-openspec-risk/04-cost-data-vendor-trust-boundary-standard.md,67,67,merge,TECH-240-RETRY-FALLBACK-RESILIENCE-S03,,,
RULE-W2-497,SRC-W2-005,docs/W2-openspec-risk/04-cost-data-vendor-trust-boundary-standard.md,67,67,rewrite,TECH-017-AI-MODEL-ROUTING-S09,,,
RULE-W2-498,SRC-W2-005,docs/W2-openspec-risk/04-cost-data-vendor-trust-boundary-standard.md,67,67,merge,TECH-017-AI-MODEL-ROUTING-S09,,,
RULE-W2-499,SRC-W2-003,docs/W2-openspec-risk/02-api-contract-compatibility-standard.md,218,218,merge,TECH-083-API-CONTRACT-ERROR-MODEL-S04,,,
RULE-W2-500,SRC-W2-003,docs/W2-openspec-risk/02-api-contract-compatibility-standard.md,218,218,merge,TECH-083-API-CONTRACT-ERROR-MODEL-S04,,,
RULE-W2-501,SRC-W2-003,docs/W2-openspec-risk/02-api-contract-compatibility-standard.md,218,218,merge,TECH-083-API-CONTRACT-ERROR-MODEL-S04,,,
RULE-W2-502,SRC-W2-003,docs/W2-openspec-risk/02-api-contract-compatibility-standard.md,218,218,merge,TECH-083-API-CONTRACT-ERROR-MODEL-S04,,,
RULE-W3-001-001,SRC-W3-001,docs/W3-ai-behavior/00-main.md,3,3,merge,DEFINITION-NORM-PRECEDENCE,,,
RULE-W3-001-002,SRC-W3-001,docs/W3-ai-behavior/00-main.md,9,9,rewrite,VERIFY-EVIDENCE-W3-001-L009,,,
RULE-W3-001-003,SRC-W3-001,docs/W3-ai-behavior/00-main.md,9,9,merge,DEFINITION-AI-ENTRY,,,
RULE-W3-001-004,SRC-W3-001,docs/W3-ai-behavior/00-main.md,9,9,merge,DEFINITION-AI-ENTRY,,,
RULE-W3-001-005,SRC-W3-001,docs/W3-ai-behavior/00-main.md,9,9,merge,IMPL-AI-DEFINITION-BEFORE-BUILD,,,
RULE-W3-001-006,SRC-W3-001,docs/W3-ai-behavior/00-main.md,15,15,merge,DEFINITION-AI-BEHAVIOR-CONTRACT,,,
RULE-W3-001-007,SRC-W3-001,docs/W3-ai-behavior/00-main.md,15,15,merge,DEFINITION-AI-BEHAVIOR-CONTRACT,,,
RULE-W3-001-008,SRC-W3-001,docs/W3-ai-behavior/00-main.md,15,15,merge,DEFINITION-AI-BEHAVIOR-CONTRACT,,,
RULE-W3-001-009,SRC-W3-001,docs/W3-ai-behavior/00-main.md,15,15,merge,DEFINITION-AI-BEHAVIOR-CONTRACT,,,
RULE-W3-001-010,SRC-W3-001,docs/W3-ai-behavior/00-main.md,16,16,merge,VERIFY-AI-EVAL-FIXTURE-W3-001-L016,,,
RULE-W3-001-011,SRC-W3-001,docs/W3-ai-behavior/00-main.md,16,16,merge,VERIFY-AI-EVAL-FIXTURE-W3-001-L016,,,
RULE-W3-001-012,SRC-W3-001,docs/W3-ai-behavior/00-main.md,16,16,merge,VERIFY-AI-EVAL-FIXTURE-W3-001-L016,,,
RULE-W3-001-013,SRC-W3-001,docs/W3-ai-behavior/00-main.md,16,16,merge,VERIFY-AI-EVAL-FIXTURE-W3-001-L016,,,
RULE-W3-001-014,SRC-W3-001,docs/W3-ai-behavior/00-main.md,16,16,merge,VERIFY-AI-EVAL-FIXTURE-W3-001-L016,,,
RULE-W3-001-015,SRC-W3-001,docs/W3-ai-behavior/00-main.md,16,16,merge,VERIFY-AI-EVAL-FIXTURE-W3-001-L016,,,
RULE-W3-001-016,SRC-W3-001,docs/W3-ai-behavior/00-main.md,16,16,merge,VERIFY-AI-EVAL-FIXTURE-W3-001-L016,,,
RULE-W3-001-017,SRC-W3-001,docs/W3-ai-behavior/00-main.md,16,16,merge,VERIFY-AI-EVAL-FIXTURE-W3-001-L016,,,
RULE-W3-001-018,SRC-W3-001,docs/W3-ai-behavior/00-main.md,17,17,merge,VERIFY-AI-EVAL-FIXTURE-W3-001-L017,,,
RULE-W3-001-019,SRC-W3-001,docs/W3-ai-behavior/00-main.md,17,17,merge,VERIFY-AI-EVAL-FIXTURE-W3-001-L017,,,
RULE-W3-001-020,SRC-W3-001,docs/W3-ai-behavior/00-main.md,17,17,merge,VERIFY-AI-EVAL-FIXTURE-W3-001-L017,,,
RULE-W3-001-021,SRC-W3-001,docs/W3-ai-behavior/00-main.md,17,17,merge,VERIFY-AI-EVAL-FIXTURE-W3-001-L017,,,
RULE-W3-001-022,SRC-W3-001,docs/W3-ai-behavior/00-main.md,17,17,merge,VERIFY-AI-EVAL-FIXTURE-W3-001-L017,,,
RULE-W3-001-023,SRC-W3-001,docs/W3-ai-behavior/00-main.md,17,17,merge,VERIFY-AI-EVAL-FIXTURE-W3-001-L017,,,
RULE-W3-001-024,SRC-W3-001,docs/W3-ai-behavior/00-main.md,17,17,merge,VERIFY-AI-EVAL-FIXTURE-W3-001-L017,,,
RULE-W3-001-025,SRC-W3-001,docs/W3-ai-behavior/00-main.md,17,17,merge,VERIFY-AI-EVAL-FIXTURE-W3-001-L017,,,
RULE-W3-001-026,SRC-W3-001,docs/W3-ai-behavior/00-main.md,18,18,rewrite,TECH-210-GOVERNANCE-MAIN-S01,,,
RULE-W3-001-027,SRC-W3-001,docs/W3-ai-behavior/00-main.md,18,18,merge,DEFINITION-AI-BOUNDARY-REVIEW,,,
RULE-W3-001-028,SRC-W3-001,docs/W3-ai-behavior/00-main.md,18,18,merge,DEFINITION-AI-MODEL-SUPPLIER,,,
RULE-W3-001-029,SRC-W3-001,docs/W3-ai-behavior/00-main.md,18,18,rewrite,TECH-136-AUTH-TENANT-PERMISSION-S01,,,
RULE-W3-001-030,SRC-W3-001,docs/W3-ai-behavior/00-main.md,18,18,merge,DEFINITION-AI-COST-LATENCY,,,
RULE-W3-001-031,SRC-W3-001,docs/W3-ai-behavior/00-main.md,18,18,merge,DEFINITION-AI-COST-LATENCY,,,
RULE-W3-001-032,SRC-W3-001,docs/W3-ai-behavior/00-main.md,18,18,merge,DEFINITION-AI-BOUNDARY-ROUTING,,,
RULE-W3-001-033,SRC-W3-001,docs/W3-ai-behavior/00-main.md,19,19,merge,DEFINITION-AI-FALLBACK,,,
RULE-W3-001-038,SRC-W3-001,docs/W3-ai-behavior/00-main.md,21,21,merge,DEFINITION-AI-EVAL-STANDARD,,,
RULE-W3-001-039,SRC-W3-001,docs/W3-ai-behavior/00-main.md,21,21,merge,VERIFY-AI-EVAL-FIXTURE-W3-001-L021,,,
RULE-W3-001-040,SRC-W3-001,docs/W3-ai-behavior/00-main.md,21,21,merge,VERIFY-AI-EVAL-FIXTURE-W3-001-L021,,,
RULE-W3-001-041,SRC-W3-001,docs/W3-ai-behavior/00-main.md,21,21,rewrite,TECH-258-USER-VISIBLE-AI-SAFETY-GATE,,,
RULE-W3-001-042,SRC-W3-001,docs/W3-ai-behavior/00-main.md,21,21,rewrite,TECH-210-GOVERNANCE-MAIN-S02,,,
RULE-W3-001-043,SRC-W3-001,docs/W3-ai-behavior/00-main.md,27,27,merge,DEFINITION-AI-APPLICABILITY,,,
RULE-W3-001-044,SRC-W3-001,docs/W3-ai-behavior/00-main.md,27,27,merge,DEFINITION-AI-APPLICABILITY,,,
RULE-W3-001-045,SRC-W3-001,docs/W3-ai-behavior/00-main.md,27,27,rewrite,TECH-210-GOVERNANCE-MAIN-S03,,,
RULE-W3-001-046,SRC-W3-001,docs/W3-ai-behavior/00-main.md,27,27,merge,DEFINITION-AI-APPLICABILITY,,,
RULE-W3-001-047,SRC-W3-001,docs/W3-ai-behavior/00-main.md,27,27,merge,DEFINITION-AI-APPLICABILITY,,,
RULE-W3-001-048,SRC-W3-001,docs/W3-ai-behavior/00-main.md,27,27,rewrite,TECH-018-AI-MODEL-ROUTING-S01,,,
RULE-W3-001-049,SRC-W3-001,docs/W3-ai-behavior/00-main.md,27,27,merge,DEFINITION-AI-APPLICABILITY,,,
RULE-W3-001-050,SRC-W3-001,docs/W3-ai-behavior/00-main.md,27,27,merge,DEFINITION-AI-APPLICABILITY,,,
RULE-W3-001-051,SRC-W3-001,docs/W3-ai-behavior/00-main.md,27,27,merge,DEFINITION-AI-APPLICABILITY,,,
RULE-W3-001-052,SRC-W3-001,docs/W3-ai-behavior/00-main.md,27,27,merge,DEFINITION-AI-APPLICABILITY,,,
RULE-W3-001-053,SRC-W3-001,docs/W3-ai-behavior/00-main.md,27,27,merge,DEFINITION-AI-APPLICABILITY,,,
RULE-W3-001-054,SRC-W3-001,docs/W3-ai-behavior/00-main.md,28,28,merge,DEFINITION-AI-APPLICABILITY,,,
RULE-W3-001-055,SRC-W3-001,docs/W3-ai-behavior/00-main.md,28,28,merge,DEFINITION-AI-APPLICABILITY,,,
RULE-W3-001-056,SRC-W3-001,docs/W3-ai-behavior/00-main.md,28,28,merge,DEFINITION-AI-APPLICABILITY,,,
RULE-W3-001-057,SRC-W3-001,docs/W3-ai-behavior/00-main.md,28,28,merge,DEFINITION-AI-APPLICABILITY,,,
RULE-W3-001-058,SRC-W3-001,docs/W3-ai-behavior/00-main.md,28,28,merge,DEFINITION-AI-APPLICABILITY,,,
RULE-W3-001-059,SRC-W3-001,docs/W3-ai-behavior/00-main.md,28,28,merge,DEFINITION-AI-APPLICABILITY,,,
RULE-W3-001-060,SRC-W3-001,docs/W3-ai-behavior/00-main.md,28,28,merge,DEFINITION-AI-APPLICABILITY,,,
RULE-W3-001-061,SRC-W3-001,docs/W3-ai-behavior/00-main.md,28,28,merge,DEFINITION-AI-APPLICABILITY,,,
RULE-W3-001-062,SRC-W3-001,docs/W3-ai-behavior/00-main.md,28,28,merge,DEFINITION-AI-APPLICABILITY,,,
RULE-W3-001-063,SRC-W3-001,docs/W3-ai-behavior/00-main.md,28,28,merge,DEFINITION-AI-APPLICABILITY,,,
RULE-W3-001-064,SRC-W3-001,docs/W3-ai-behavior/00-main.md,29,29,merge,DEFINITION-AI-APPLICABILITY,,,
RULE-W3-001-065,SRC-W3-001,docs/W3-ai-behavior/00-main.md,29,29,merge,DEFINITION-AI-APPLICABILITY,,,
RULE-W3-001-066,SRC-W3-001,docs/W3-ai-behavior/00-main.md,29,29,merge,DEFINITION-AI-APPLICABILITY,,,
RULE-W3-001-067,SRC-W3-001,docs/W3-ai-behavior/00-main.md,29,29,merge,DEFINITION-AI-APPLICABILITY,,,
RULE-W3-001-068,SRC-W3-001,docs/W3-ai-behavior/00-main.md,29,29,merge,DEFINITION-AI-APPLICABILITY,,,
RULE-W3-001-069,SRC-W3-001,docs/W3-ai-behavior/00-main.md,29,29,merge,DEFINITION-AI-APPLICABILITY,,,
RULE-W3-001-070,SRC-W3-001,docs/W3-ai-behavior/00-main.md,29,29,merge,DEFINITION-AI-APPLICABILITY,,,
RULE-W3-001-071,SRC-W3-001,docs/W3-ai-behavior/00-main.md,29,29,merge,DEFINITION-AI-APPLICABILITY,,,
RULE-W3-001-072,SRC-W3-001,docs/W3-ai-behavior/00-main.md,29,29,merge,DEFINITION-AI-APPLICABILITY,,,
RULE-W3-001-073,SRC-W3-001,docs/W3-ai-behavior/00-main.md,29,29,merge,DEFINITION-AI-APPLICABILITY,,,
RULE-W3-001-074,SRC-W3-001,docs/W3-ai-behavior/00-main.md,33,33,merge,DEFINITION-PRODUCT-ROUTING,,,
RULE-W3-001-075,SRC-W3-001,docs/W3-ai-behavior/00-main.md,33,33,merge,DEFINITION-PRODUCT-ROUTING,,,
RULE-W3-001-076,SRC-W3-001,docs/W3-ai-behavior/00-main.md,33,33,merge,DEFINITION-PRODUCT-ROUTING,,,
RULE-W3-001-077,SRC-W3-001,docs/W3-ai-behavior/00-main.md,33,33,merge,DEFINITION-PRODUCT-ROUTING,,,
RULE-W3-001-078,SRC-W3-001,docs/W3-ai-behavior/00-main.md,34,34,rewrite,TECH-210-GOVERNANCE-MAIN-S04,,,
RULE-W3-001-079,SRC-W3-001,docs/W3-ai-behavior/00-main.md,34,34,merge,DEFINITION-AI-BOUNDARY-ROUTING,,,
RULE-W3-001-080,SRC-W3-001,docs/W3-ai-behavior/00-main.md,34,34,merge,DEFINITION-AI-BOUNDARY-ROUTING,,,
RULE-W3-001-081,SRC-W3-001,docs/W3-ai-behavior/00-main.md,34,34,merge,DEFINITION-AI-BOUNDARY-ROUTING,,,
RULE-W3-001-082,SRC-W3-001,docs/W3-ai-behavior/00-main.md,34,34,merge,DEFINITION-AI-BOUNDARY-ROUTING,,,
RULE-W3-001-083,SRC-W3-001,docs/W3-ai-behavior/00-main.md,34,34,merge,DEFINITION-AI-BOUNDARY-ROUTING,,,
RULE-W3-001-084,SRC-W3-001,docs/W3-ai-behavior/00-main.md,35,35,merge,IMPL-AI-DEFINITION-BEFORE-BUILD,,,
RULE-W3-001-085,SRC-W3-001,docs/W3-ai-behavior/00-main.md,36,36,merge,DEFINITION-AI-LEARNING-ROUTING,,,
RULE-W3-001-086,SRC-W3-001,docs/W3-ai-behavior/00-main.md,44,44,merge,DEFINITION-AI-CAPABILITY-FILES,,,
RULE-W3-001-087,SRC-W3-001,docs/W3-ai-behavior/00-main.md,45,45,rewrite,VERIFY-AI-EVAL-FIXTURE-W3-001-L045,,,
RULE-W3-001-088,SRC-W3-001,docs/W3-ai-behavior/00-main.md,46,46,merge,DEFINITION-AI-EVAL-STANDARD,,,
RULE-W3-001-089,SRC-W3-001,docs/W3-ai-behavior/00-main.md,47,47,rewrite,VERIFY-AI-RUNBOOK-EVIDENCE,,,
RULE-W3-001-090,SRC-W3-001,docs/W3-ai-behavior/00-main.md,52,52,rewrite,VERIFY-AI-EVAL-FIXTURE-W3-001-L052,,,
RULE-W3-001-091,SRC-W3-001,docs/W3-ai-behavior/00-main.md,52,52,rewrite,VERIFY-SAFETY-REDTEAM-FP-W3-001-L052,,,
RULE-W3-001-092,SRC-W3-001,docs/W3-ai-behavior/00-main.md,52,52,merge,DEFINITION-AI-CONDITIONAL-ARTIFACTS,,,
RULE-W3-001-093,SRC-W3-001,docs/W3-ai-behavior/00-main.md,53,53,merge,DEFINITION-AI-CONDITIONAL-ARTIFACTS,,,
RULE-W3-001-094,SRC-W3-001,docs/W3-ai-behavior/00-main.md,54,54,rewrite,TECH-018-AI-MODEL-ROUTING-S02,,,
RULE-W3-001-095,SRC-W3-001,docs/W3-ai-behavior/00-main.md,55,55,rewrite,TECH-058-AI-TOOL-PERMISSION-S01,,,
RULE-W3-001-096,SRC-W3-001,docs/W3-ai-behavior/00-main.md,56,56,merge,DEFINITION-AI-CONDITIONAL-ARTIFACTS,,,
RULE-W3-001-097,SRC-W3-001,docs/W3-ai-behavior/00-main.md,56,56,merge,DEFINITION-AI-SPECIALIZED-CHANGE,,,
RULE-W3-001-098,SRC-W3-001,docs/W3-ai-behavior/00-main.md,57,57,merge,DEFINITION-AI-CONDITIONAL-ARTIFACTS,,,
RULE-W3-001-099,SRC-W3-001,docs/W3-ai-behavior/00-main.md,57,57,merge,DEFINITION-AI-SPECIALIZED-CHANGE,,,
RULE-W3-001-100,SRC-W3-001,docs/W3-ai-behavior/00-main.md,59,59,merge,VERIFY-AI-EVAL-FIXTURE-W3-001-L059,,,
RULE-W3-001-101,SRC-W3-001,docs/W3-ai-behavior/00-main.md,59,59,merge,VERIFY-AI-EVAL-FIXTURE-W3-001-L059,,,
RULE-W3-001-102,SRC-W3-001,docs/W3-ai-behavior/00-main.md,59,59,merge,VERIFY-AI-EVAL-FIXTURE-W3-001-L059,,,
RULE-W3-001-103,SRC-W3-001,docs/W3-ai-behavior/00-main.md,59,59,merge,VERIFY-AI-EVAL-FIXTURE-W3-001-L059,,,
RULE-W3-001-104,SRC-W3-001,docs/W3-ai-behavior/00-main.md,59,59,merge,VERIFY-AI-EVAL-FIXTURE-W3-001-L059,,,
RULE-W3-001-105,SRC-W3-001,docs/W3-ai-behavior/00-main.md,59,59,merge,VERIFY-AI-EVAL-FIXTURE-W3-001-L059,,,
RULE-W3-001-106,SRC-W3-001,docs/W3-ai-behavior/00-main.md,59,59,merge,VERIFY-AI-EVAL-FIXTURE-W3-001-L059,,,
RULE-W3-001-107,SRC-W3-001,docs/W3-ai-behavior/00-main.md,59,59,merge,VERIFY-AI-EVAL-FIXTURE-W3-001-L059,,,
RULE-W3-001-108,SRC-W3-001,docs/W3-ai-behavior/00-main.md,59,59,merge,VERIFY-AI-EVAL-FIXTURE-W3-001-L059,,,
RULE-W3-001-109,SRC-W3-001,docs/W3-ai-behavior/00-main.md,63,63,merge,DEFINITION-AI-EVAL-STANDARD,,,
RULE-W3-001-110,SRC-W3-001,docs/W3-ai-behavior/00-main.md,63,63,merge,DEFINITION-AI-EVAL-STANDARD,,,
RULE-W3-001-111,SRC-W3-001,docs/W3-ai-behavior/00-main.md,63,63,merge,DEFINITION-LOW-RISK-AUTOMATION,,,
RULE-W3-001-112,SRC-W3-001,docs/W3-ai-behavior/00-main.md,63,63,merge,DEFINITION-LOW-RISK-AUTOMATION,,,
RULE-W3-001-113,SRC-W3-001,docs/W3-ai-behavior/00-main.md,63,63,rewrite,IMPL-EVAL-JSON-FIELD-ORDER-DISCRETION,,,
RULE-W3-001-114,SRC-W3-001,docs/W3-ai-behavior/00-main.md,63,63,merge,DEFINITION-AI-EVAL-STANDARD,,,
RULE-W3-001-115,SRC-W3-001,docs/W3-ai-behavior/00-main.md,67,67,merge,DEFINITION-AI-SIDE-EFFECT,,,
RULE-W3-001-116,SRC-W3-001,docs/W3-ai-behavior/00-main.md,67,67,merge,DEFINITION-AI-SIDE-EFFECT,,,
RULE-W3-001-117,SRC-W3-001,docs/W3-ai-behavior/00-main.md,67,67,merge,DEFINITION-AI-SIDE-EFFECT,,,
RULE-W3-001-118,SRC-W3-001,docs/W3-ai-behavior/00-main.md,67,67,merge,DEFINITION-AI-SIDE-EFFECT,,,
RULE-W3-001-119,SRC-W3-001,docs/W3-ai-behavior/00-main.md,67,67,merge,DEFINITION-AI-SIDE-EFFECT,,,
RULE-W3-001-120,SRC-W3-001,docs/W3-ai-behavior/00-main.md,67,67,merge,DEFINITION-AI-SIDE-EFFECT,,,
RULE-W3-001-121,SRC-W3-001,docs/W3-ai-behavior/00-main.md,67,67,merge,DEFINITION-AI-SIDE-EFFECT,,,
RULE-W3-001-122,SRC-W3-001,docs/W3-ai-behavior/00-main.md,68,68,merge,DEFINITION-AI-HIGH-IMPACT,,,
RULE-W3-001-123,SRC-W3-001,docs/W3-ai-behavior/00-main.md,68,68,merge,DEFINITION-AI-HIGH-IMPACT,,,
RULE-W3-001-124,SRC-W3-001,docs/W3-ai-behavior/00-main.md,68,68,merge,DEFINITION-AI-HIGH-IMPACT,,,
RULE-W3-001-125,SRC-W3-001,docs/W3-ai-behavior/00-main.md,68,68,merge,DEFINITION-AI-HIGH-IMPACT,,,
RULE-W3-001-126,SRC-W3-001,docs/W3-ai-behavior/00-main.md,68,68,merge,DEFINITION-AI-HIGH-IMPACT,,,
RULE-W3-001-127,SRC-W3-001,docs/W3-ai-behavior/00-main.md,68,68,merge,DEFINITION-AI-HIGH-IMPACT,,,
RULE-W3-001-128,SRC-W3-001,docs/W3-ai-behavior/00-main.md,68,68,merge,DEFINITION-AI-HIGH-IMPACT,,,
RULE-W3-001-129,SRC-W3-001,docs/W3-ai-behavior/00-main.md,68,68,merge,DEFINITION-AI-HIGH-IMPACT,,,
RULE-W3-001-130,SRC-W3-001,docs/W3-ai-behavior/00-main.md,68,68,merge,DEFINITION-AI-HIGH-IMPACT,,,
RULE-W3-001-131,SRC-W3-001,docs/W3-ai-behavior/00-main.md,68,68,merge,DEFINITION-AI-HIGH-IMPACT,,,
RULE-W3-001-132,SRC-W3-001,docs/W3-ai-behavior/00-main.md,69,69,merge,DEFINITION-AI-DATA-RECIPIENT,,,
RULE-W3-001-133,SRC-W3-001,docs/W3-ai-behavior/00-main.md,69,69,merge,DEFINITION-AI-DATA-RECIPIENT,,,
RULE-W3-001-134,SRC-W3-001,docs/W3-ai-behavior/00-main.md,69,69,merge,DEFINITION-AI-DATA-RECIPIENT,,,
RULE-W3-001-135,SRC-W3-001,docs/W3-ai-behavior/00-main.md,69,69,merge,DEFINITION-AI-DATA-RECIPIENT,,,
RULE-W3-001-136,SRC-W3-001,docs/W3-ai-behavior/00-main.md,69,69,merge,DEFINITION-AI-DATA-RECIPIENT,,,
RULE-W3-001-137,SRC-W3-001,docs/W3-ai-behavior/00-main.md,69,69,merge,DEFINITION-AI-DATA-RECIPIENT,,,
RULE-W3-001-138,SRC-W3-001,docs/W3-ai-behavior/00-main.md,70,70,rewrite,TECH-004-AI-AUTONOMY-BOUNDARY-S01,,,
RULE-W3-001-139,SRC-W3-001,docs/W3-ai-behavior/00-main.md,70,70,rewrite,TECH-136-AUTH-TENANT-PERMISSION-S02,,,
RULE-W3-001-140,SRC-W3-001,docs/W3-ai-behavior/00-main.md,70,70,merge,DEFINITION-AI-FALLBACK,,,
RULE-W3-001-141,SRC-W3-001,docs/W3-ai-behavior/00-main.md,70,70,merge,RELEASE-AI-002,,,
RULE-W3-001-142,SRC-W3-001,docs/W3-ai-behavior/00-main.md,71,71,merge,DEFINITION-AI-MODEL-DEFAULT,,,
RULE-W3-001-143,SRC-W3-001,docs/W3-ai-behavior/00-main.md,71,71,merge,DEFINITION-AI-MODEL-SUPPLIER,,,
RULE-W3-001-144,SRC-W3-001,docs/W3-ai-behavior/00-main.md,71,71,merge,DEFINITION-AI-SAFETY-DECISION,,,
RULE-W3-001-145,SRC-W3-001,docs/W3-ai-behavior/00-main.md,71,71,merge,DEFINITION-AI-SAFETY-DECISION,,,
RULE-W3-001-146,SRC-W3-001,docs/W3-ai-behavior/00-main.md,71,71,merge,DEFINITION-AI-CONTEXT-SOURCE,,,
RULE-W3-001-147,SRC-W3-001,docs/W3-ai-behavior/00-main.md,71,71,merge,DEFINITION-AI-CONTEXT-SOURCE,,,
RULE-W3-001-148,SRC-W3-001,docs/W3-ai-behavior/00-main.md,71,71,merge,DEFINITION-AI-DATA-PROVENANCE,,,
RULE-W3-001-149,SRC-W3-001,docs/W3-ai-behavior/00-main.md,71,71,merge,DEFINITION-AI-LOCALIZATION,,,
RULE-W3-001-150,SRC-W3-001,docs/W3-ai-behavior/00-main.md,71,71,merge,DEFINITION-AI-LOCALIZATION,,,
RULE-W3-001-151,SRC-W3-001,docs/W3-ai-behavior/00-main.md,72,72,merge,VERIFY-AI-EVAL-FIXTURE-W3-001-L072,,,
RULE-W3-001-152,SRC-W3-001,docs/W3-ai-behavior/00-main.md,72,72,merge,EVALUATION-HUMAN-003,,,
RULE-W3-001-153,SRC-W3-001,docs/W3-ai-behavior/00-main.md,72,72,merge,DEFINITION-AI-BOUNDARY-REVIEW,,,
RULE-W3-001-154,SRC-W3-001,docs/W3-ai-behavior/00-main.md,72,72,merge,DEFINITION-AI-BOUNDARY-REVIEW,,,
RULE-W3-001-155,SRC-W3-001,docs/W3-ai-behavior/00-main.md,72,72,merge,DEFINITION-AI-DATA-PROVENANCE,,,
RULE-W3-001-156,SRC-W3-001,docs/W3-ai-behavior/00-main.md,72,72,merge,DEFINITION-AI-DATA-PROVENANCE,,,
RULE-W3-001-157,SRC-W3-001,docs/W3-ai-behavior/00-main.md,72,72,merge,VERIFY-AI-EVAL-FIXTURE-W3-001-L072,,,
RULE-W3-001-158,SRC-W3-001,docs/W3-ai-behavior/00-main.md,80,80,rewrite,VERIFY-AI-EVAL-FIXTURE-W3-001-L080,,,
RULE-W3-001-159,SRC-W3-001,docs/W3-ai-behavior/00-main.md,80,80,merge,DEFINITION-AI-OPTIMIZATION-PREREQUISITES,,,
RULE-W3-001-160,SRC-W3-001,docs/W3-ai-behavior/00-main.md,80,80,rewrite,TECH-018-AI-MODEL-ROUTING-S03,,,
RULE-W3-001-161,SRC-W3-001,docs/W3-ai-behavior/00-main.md,80,80,merge,DEFINITION-AI-OPTIMIZATION-PREREQUISITES,,,
RULE-W3-001-162,SRC-W3-001,docs/W3-ai-behavior/00-main.md,80,80,merge,DEFINITION-AI-SPECIALIZED-CHANGE,,,
RULE-W3-001-163,SRC-W3-001,docs/W3-ai-behavior/00-main.md,81,81,merge,DEFINITION-AI-LOCALIZATION,,,
RULE-W3-001-164,SRC-W3-001,docs/W3-ai-behavior/00-main.md,81,81,merge,DEFINITION-AI-SPECIALIZED-CHANGE,,,
RULE-W3-001-165,SRC-W3-001,docs/W3-ai-behavior/00-main.md,85,85,merge,DEFINITION-PRODUCT-ROUTING,,,
RULE-W3-001-166,SRC-W3-001,docs/W3-ai-behavior/00-main.md,86,86,merge,DEFINITION-AI-BOUNDARY-ROUTING,,,
RULE-W3-001-167,SRC-W3-001,docs/W3-ai-behavior/00-main.md,87,87,rewrite,VERIFY-AI-EVAL-FIXTURE-W3-001-L087,,,
RULE-W3-001-168,SRC-W3-001,docs/W3-ai-behavior/00-main.md,88,88,rewrite,VERIFY-EVIDENCE-W3-001-L088,,,
RULE-W3-001-169,SRC-W3-001,docs/W3-ai-behavior/00-main.md,89,89,supersede,RELEASE-SCOPE-001,,,
RULE-W3-001-170,SRC-W3-001,docs/W3-ai-behavior/00-main.md,90,90,merge,EVALUATION-ROUTE-001,,,
RULE-W3-001-171,SRC-W3-001,docs/W3-ai-behavior/00-main.md,90,90,merge,DEFINITION-AI-LEARNING-ROUTING,,,
RULE-W3-001-172,SRC-W3-001,docs/W3-ai-behavior/00-main.md,3,3,merge,DEFINITION-AI-ARTIFACT-CHOICE,,,
RULE-W3-001-173,SRC-W3-001,docs/W3-ai-behavior/00-main.md,7,7,merge,DEFINITION-AI-ENTRY,,,
RULE-W3-002-001,SRC-W3-002,docs/W3-ai-behavior/01-prompt-eval-agent-workflow-standard.md,3,3,merge,IMPL-MINIMAL-KERNEL-PRECEDENCE,,,
RULE-W3-002-002,SRC-W3-002,docs/W3-ai-behavior/01-prompt-eval-agent-workflow-standard.md,7,7,rewrite,IMPL-PROMPT-EVAL-SPECIALTY-TRIGGER,,,
RULE-W3-002-003,SRC-W3-002,docs/W3-ai-behavior/01-prompt-eval-agent-workflow-standard.md,9,9,merge,DEFINITION-AI-APPLICABILITY,,,
RULE-W3-002-004,SRC-W3-002,docs/W3-ai-behavior/01-prompt-eval-agent-workflow-standard.md,13,13,merge,DEFINITION-AI-BEHAVIOR-RECORD,,,
RULE-W3-002-005,SRC-W3-002,docs/W3-ai-behavior/01-prompt-eval-agent-workflow-standard.md,13,13,merge,DEFINITION-AI-BEHAVIOR-RECORD,,,
RULE-W3-002-006,SRC-W3-002,docs/W3-ai-behavior/01-prompt-eval-agent-workflow-standard.md,13,13,merge,DEFINITION-AI-ARTIFACT-CHOICE,,,
RULE-W3-002-007,SRC-W3-002,docs/W3-ai-behavior/01-prompt-eval-agent-workflow-standard.md,23,23,merge,PLAN-AI-COMPLEX-CHANGE-SEPARATION,,,
RULE-W3-002-008,SRC-W3-002,docs/W3-ai-behavior/01-prompt-eval-agent-workflow-standard.md,23,23,merge,PLAN-AI-COMPLEX-CHANGE-SEPARATION,,,
RULE-W3-002-009,SRC-W3-002,docs/W3-ai-behavior/01-prompt-eval-agent-workflow-standard.md,23,23,merge,PLAN-AI-COMPLEX-CHANGE-SEPARATION,,,
RULE-W3-002-010,SRC-W3-002,docs/W3-ai-behavior/01-prompt-eval-agent-workflow-standard.md,23,23,merge,PLAN-AI-COMPLEX-CHANGE-SEPARATION,,,
RULE-W3-002-011,SRC-W3-002,docs/W3-ai-behavior/01-prompt-eval-agent-workflow-standard.md,23,23,merge,PLAN-AI-COMPLEX-CHANGE-SEPARATION,,,
RULE-W3-002-012,SRC-W3-002,docs/W3-ai-behavior/01-prompt-eval-agent-workflow-standard.md,23,23,merge,PLAN-AI-COMPLEX-CHANGE-SEPARATION,,,
RULE-W3-002-013,SRC-W3-002,docs/W3-ai-behavior/01-prompt-eval-agent-workflow-standard.md,23,23,merge,PLAN-AI-COMPLEX-CHANGE-SEPARATION,,,
RULE-W3-002-014,SRC-W3-002,docs/W3-ai-behavior/01-prompt-eval-agent-workflow-standard.md,23,23,merge,PLAN-AI-COMPLEX-CHANGE-SEPARATION,,,
RULE-W3-002-015,SRC-W3-002,docs/W3-ai-behavior/01-prompt-eval-agent-workflow-standard.md,40,40,rewrite,TECH-004-AI-AUTONOMY-BOUNDARY-S02,,,
RULE-W3-002-017,SRC-W3-002,docs/W3-ai-behavior/01-prompt-eval-agent-workflow-standard.md,41,41,rewrite,IMPL-PROMPT-VERSION-REPOSITORY,,,
RULE-W3-002-019,SRC-W3-002,docs/W3-ai-behavior/01-prompt-eval-agent-workflow-standard.md,42,42,rewrite,VERIFY-AI-EVAL-BEFORE-CHANGE,,,
RULE-W3-002-020,SRC-W3-002,docs/W3-ai-behavior/01-prompt-eval-agent-workflow-standard.md,43,43,rewrite,TECH-253-SCHEMA-DATA-PROMPT-EVAL-AGENT-WORKFLOW-S01,,,
RULE-W3-002-022,SRC-W3-002,docs/W3-ai-behavior/01-prompt-eval-agent-workflow-standard.md,44,44,rewrite,TECH-051-AI-TOOL-LEAST-PRIVILEGE-S01,,,
RULE-W3-002-023,SRC-W3-002,docs/W3-ai-behavior/01-prompt-eval-agent-workflow-standard.md,44,44,rewrite,TECH-049-AI-TOOL-CONTRACT-AUDITABILITY-S01,,,
RULE-W3-002-024,SRC-W3-002,docs/W3-ai-behavior/01-prompt-eval-agent-workflow-standard.md,44,44,merge,TECH-049-AI-TOOL-CONTRACT-AUDITABILITY-S01,,,
RULE-W3-002-025,SRC-W3-002,docs/W3-ai-behavior/01-prompt-eval-agent-workflow-standard.md,44,44,merge,TECH-049-AI-TOOL-CONTRACT-AUDITABILITY-S01,,,
RULE-W3-002-026,SRC-W3-002,docs/W3-ai-behavior/01-prompt-eval-agent-workflow-standard.md,45,45,rewrite,VERIFY-AI-EVAL-PLATFORM-DEPENDENCY,,,
RULE-W3-002-027,SRC-W3-002,docs/W3-ai-behavior/01-prompt-eval-agent-workflow-standard.md,45,45,merge,VERIFY-AI-EVAL-FIXTURE-LOCATION,,,
RULE-W3-002-028,SRC-W3-002,docs/W3-ai-behavior/01-prompt-eval-agent-workflow-standard.md,45,45,rewrite,VERIFY-AI-EVAL-PLATFORM-SYNC,,,
RULE-W3-002-030,SRC-W3-002,docs/W3-ai-behavior/01-prompt-eval-agent-workflow-standard.md,46,46,rewrite,IMPL-MODEL-DEFAULT-CENTRAL-CONFIG,,,
RULE-W3-002-031,SRC-W3-002,docs/W3-ai-behavior/01-prompt-eval-agent-workflow-standard.md,46,46,merge,DEFINITION-AI-MODEL-DEFAULT,,,
RULE-W3-002-032,SRC-W3-002,docs/W3-ai-behavior/01-prompt-eval-agent-workflow-standard.md,54,54,rewrite,IMPL-PROMPT-ARTIFACT-PATH,,,
RULE-W3-002-033,SRC-W3-002,docs/W3-ai-behavior/01-prompt-eval-agent-workflow-standard.md,55,55,merge,VERIFY-AI-EVAL-FIXTURE-LOCATION,,,
RULE-W3-002-034,SRC-W3-002,docs/W3-ai-behavior/01-prompt-eval-agent-workflow-standard.md,56,56,merge,VERIFY-AI-EVAL-FIXTURE-LOCATION,,,
RULE-W3-002-035,SRC-W3-002,docs/W3-ai-behavior/01-prompt-eval-agent-workflow-standard.md,57,57,merge,VERIFY-AI-EVAL-FIXTURE-LOCATION,,,
RULE-W3-002-036,SRC-W3-002,docs/W3-ai-behavior/01-prompt-eval-agent-workflow-standard.md,58,58,rewrite,TECH-253-SCHEMA-DATA-PROMPT-EVAL-AGENT-WORKFLOW-S02,,,
RULE-W3-002-037,SRC-W3-002,docs/W3-ai-behavior/01-prompt-eval-agent-workflow-standard.md,59,59,rewrite,IMPL-AI-TRACE-DIRECTORY,,,
RULE-W3-002-038,SRC-W3-002,docs/W3-ai-behavior/01-prompt-eval-agent-workflow-standard.md,64,64,merge,DEFINITION-AI-CAPABILITY-FILES,,,
RULE-W3-002-039,SRC-W3-002,docs/W3-ai-behavior/01-prompt-eval-agent-workflow-standard.md,65,65,merge,IMPL-PROMPT-REQUIRED-SECTIONS,,,
RULE-W3-002-040,SRC-W3-002,docs/W3-ai-behavior/01-prompt-eval-agent-workflow-standard.md,65,65,merge,IMPL-PROMPT-REQUIRED-SECTIONS,,,
RULE-W3-002-041,SRC-W3-002,docs/W3-ai-behavior/01-prompt-eval-agent-workflow-standard.md,65,65,merge,IMPL-PROMPT-REQUIRED-SECTIONS,,,
RULE-W3-002-042,SRC-W3-002,docs/W3-ai-behavior/01-prompt-eval-agent-workflow-standard.md,65,65,merge,IMPL-PROMPT-REQUIRED-SECTIONS,,,
RULE-W3-002-043,SRC-W3-002,docs/W3-ai-behavior/01-prompt-eval-agent-workflow-standard.md,65,65,rewrite,TECH-032-AI-PROMPT-DEGRADATION-STRATEGY-S01,,,
RULE-W3-002-044,SRC-W3-002,docs/W3-ai-behavior/01-prompt-eval-agent-workflow-standard.md,65,65,merge,IMPL-PROMPT-REQUIRED-SECTIONS,,,
RULE-W3-002-045,SRC-W3-002,docs/W3-ai-behavior/01-prompt-eval-agent-workflow-standard.md,65,65,merge,IMPL-PROMPT-REQUIRED-SECTIONS,,,
RULE-W3-002-046,SRC-W3-002,docs/W3-ai-behavior/01-prompt-eval-agent-workflow-standard.md,66,66,rewrite,VERIFY-AI-EVAL-MINIMUM-CASE-COUNT,,,
RULE-W3-002-047,SRC-W3-002,docs/W3-ai-behavior/01-prompt-eval-agent-workflow-standard.md,66,66,merge,VERIFY-AI-EVAL-CASE-COVERAGE,,,
RULE-W3-002-048,SRC-W3-002,docs/W3-ai-behavior/01-prompt-eval-agent-workflow-standard.md,66,66,merge,VERIFY-AI-EVAL-CASE-COVERAGE,,,
RULE-W3-002-049,SRC-W3-002,docs/W3-ai-behavior/01-prompt-eval-agent-workflow-standard.md,66,66,merge,VERIFY-AI-EVAL-CASE-COVERAGE,,,
RULE-W3-002-050,SRC-W3-002,docs/W3-ai-behavior/01-prompt-eval-agent-workflow-standard.md,67,67,merge,DEFINITION-AI-EVAL-STANDARD,,,
RULE-W3-002-051,SRC-W3-002,docs/W3-ai-behavior/01-prompt-eval-agent-workflow-standard.md,67,67,merge,DEFINITION-AI-EVAL-STANDARD,,,
RULE-W3-002-052,SRC-W3-002,docs/W3-ai-behavior/01-prompt-eval-agent-workflow-standard.md,68,68,merge,VERIFY-AI-EVAL-RUNBOOK,,,
RULE-W3-002-053,SRC-W3-002,docs/W3-ai-behavior/01-prompt-eval-agent-workflow-standard.md,68,68,merge,VERIFY-AI-EVAL-RUNBOOK,,,
RULE-W3-002-054,SRC-W3-002,docs/W3-ai-behavior/01-prompt-eval-agent-workflow-standard.md,68,68,merge,VERIFY-AI-EVAL-RUNBOOK,,,
RULE-W3-002-055,SRC-W3-002,docs/W3-ai-behavior/01-prompt-eval-agent-workflow-standard.md,69,69,rewrite,TECH-253-SCHEMA-DATA-PROMPT-EVAL-AGENT-WORKFLOW-S03,,,
RULE-W3-002-056,SRC-W3-002,docs/W3-ai-behavior/01-prompt-eval-agent-workflow-standard.md,69,69,rewrite,TECH-253-SCHEMA-DATA-PROMPT-EVAL-AGENT-WORKFLOW-S04,,,
RULE-W3-002-057,SRC-W3-002,docs/W3-ai-behavior/01-prompt-eval-agent-workflow-standard.md,75,75,merge,DEFINITION-AI-BEHAVIOR-RECORD,,,
RULE-W3-002-058,SRC-W3-002,docs/W3-ai-behavior/01-prompt-eval-agent-workflow-standard.md,75,75,merge,PLAN-AI-CHANGE-SCOPE-FAILURE,,,
RULE-W3-002-059,SRC-W3-002,docs/W3-ai-behavior/01-prompt-eval-agent-workflow-standard.md,75,75,merge,PLAN-AI-CHANGE-SCOPE-FAILURE,,,
RULE-W3-002-060,SRC-W3-002,docs/W3-ai-behavior/01-prompt-eval-agent-workflow-standard.md,76,76,merge,PLAN-AI-EVAL-BEFORE-IMPLEMENTATION,,,
RULE-W3-002-061,SRC-W3-002,docs/W3-ai-behavior/01-prompt-eval-agent-workflow-standard.md,76,76,merge,PLAN-AI-EVAL-BEFORE-IMPLEMENTATION,,,
RULE-W3-002-062,SRC-W3-002,docs/W3-ai-behavior/01-prompt-eval-agent-workflow-standard.md,76,76,rewrite,OPERATION-AI-QUALITY-010,,,
RULE-W3-002-063,SRC-W3-002,docs/W3-ai-behavior/01-prompt-eval-agent-workflow-standard.md,77,77,rewrite,TECH-086-PROMPT-INPUT-OUTPUT-CONTRACT,,,
RULE-W3-002-064,SRC-W3-002,docs/W3-ai-behavior/01-prompt-eval-agent-workflow-standard.md,77,77,merge,TECH-086-PROMPT-INPUT-OUTPUT-CONTRACT,,,
RULE-W3-002-065,SRC-W3-002,docs/W3-ai-behavior/01-prompt-eval-agent-workflow-standard.md,77,77,rewrite,TECH-034-AI-PROMPT-SAFETY-BOUNDARY-S01,,,
RULE-W3-002-066,SRC-W3-002,docs/W3-ai-behavior/01-prompt-eval-agent-workflow-standard.md,78,78,rewrite,TECH-253-SCHEMA-DATA-PROMPT-EVAL-AGENT-WORKFLOW-S05,,,
RULE-W3-002-067,SRC-W3-002,docs/W3-ai-behavior/01-prompt-eval-agent-workflow-standard.md,79,79,rewrite,IMPL-MINIMAL-MODEL-CALL-SHAPE,,,
RULE-W3-002-068,SRC-W3-002,docs/W3-ai-behavior/01-prompt-eval-agent-workflow-standard.md,80,80,rewrite,TECH-052-AI-TOOL-NECESSITY-S01,,,
RULE-W3-002-069,SRC-W3-002,docs/W3-ai-behavior/01-prompt-eval-agent-workflow-standard.md,81,81,rewrite,TECH-065-AI-TRACE-LOG-CONTRACT-S01,,,
RULE-W3-002-070,SRC-W3-002,docs/W3-ai-behavior/01-prompt-eval-agent-workflow-standard.md,81,81,merge,TECH-065-AI-TRACE-LOG-CONTRACT-S01,,,
RULE-W3-002-071,SRC-W3-002,docs/W3-ai-behavior/01-prompt-eval-agent-workflow-standard.md,81,81,merge,TECH-065-AI-TRACE-LOG-CONTRACT-S01,,,
RULE-W3-002-072,SRC-W3-002,docs/W3-ai-behavior/01-prompt-eval-agent-workflow-standard.md,81,81,merge,TECH-065-AI-TRACE-LOG-CONTRACT-S01,,,
RULE-W3-002-073,SRC-W3-002,docs/W3-ai-behavior/01-prompt-eval-agent-workflow-standard.md,81,81,merge,TECH-065-AI-TRACE-LOG-CONTRACT-S01,,,
RULE-W3-002-074,SRC-W3-002,docs/W3-ai-behavior/01-prompt-eval-agent-workflow-standard.md,81,81,merge,TECH-065-AI-TRACE-LOG-CONTRACT-S01,,,
RULE-W3-002-075,SRC-W3-002,docs/W3-ai-behavior/01-prompt-eval-agent-workflow-standard.md,81,81,merge,TECH-065-AI-TRACE-LOG-CONTRACT-S01,,,
RULE-W3-002-076,SRC-W3-002,docs/W3-ai-behavior/01-prompt-eval-agent-workflow-standard.md,81,81,merge,TECH-065-AI-TRACE-LOG-CONTRACT-S01,,,
RULE-W3-002-077,SRC-W3-002,docs/W3-ai-behavior/01-prompt-eval-agent-workflow-standard.md,82,82,merge,VERIFY-AI-EVAL-EXECUTION-GATE,,,
RULE-W3-002-078,SRC-W3-002,docs/W3-ai-behavior/01-prompt-eval-agent-workflow-standard.md,82,82,rewrite,VERIFY-AI-CHANGE-HUMAN-SAMPLE-REVIEW,,,
RULE-W3-002-079,SRC-W3-002,docs/W3-ai-behavior/01-prompt-eval-agent-workflow-standard.md,83,83,rewrite,TECH-003-AI-AGENT-USE-CASE-S01,,,
RULE-W3-002-080,SRC-W3-002,docs/W3-ai-behavior/01-prompt-eval-agent-workflow-standard.md,83,83,merge,VERIFY-AI-EVAL-EXECUTION-GATE,,,
RULE-W3-002-081,SRC-W3-002,docs/W3-ai-behavior/01-prompt-eval-agent-workflow-standard.md,84,84,rewrite,PLAN-AI-TASK-STATE-UPDATE,,,
RULE-W3-002-082,SRC-W3-002,docs/W3-ai-behavior/01-prompt-eval-agent-workflow-standard.md,84,84,merge,RELEASE-EVIDENCE-001,,,
RULE-W3-002-083,SRC-W3-002,docs/W3-ai-behavior/01-prompt-eval-agent-workflow-standard.md,88,88,merge,IMPL-PROMPT-METADATA,,,
RULE-W3-002-084,SRC-W3-002,docs/W3-ai-behavior/01-prompt-eval-agent-workflow-standard.md,88,88,merge,IMPL-PROMPT-METADATA,,,
RULE-W3-002-085,SRC-W3-002,docs/W3-ai-behavior/01-prompt-eval-agent-workflow-standard.md,88,88,merge,IMPL-PROMPT-METADATA,,,
RULE-W3-002-086,SRC-W3-002,docs/W3-ai-behavior/01-prompt-eval-agent-workflow-standard.md,88,88,merge,IMPL-PROMPT-METADATA,,,
RULE-W3-002-087,SRC-W3-002,docs/W3-ai-behavior/01-prompt-eval-agent-workflow-standard.md,89,89,merge,IMPL-PROMPT-INSTRUCTION-QUALITY,,,
RULE-W3-002-088,SRC-W3-002,docs/W3-ai-behavior/01-prompt-eval-agent-workflow-standard.md,89,89,merge,IMPL-PROMPT-INSTRUCTION-QUALITY,,,
RULE-W3-002-089,SRC-W3-002,docs/W3-ai-behavior/01-prompt-eval-agent-workflow-standard.md,89,89,merge,IMPL-PROMPT-INSTRUCTION-QUALITY,,,
RULE-W3-002-090,SRC-W3-002,docs/W3-ai-behavior/01-prompt-eval-agent-workflow-standard.md,89,89,merge,IMPL-PROMPT-INSTRUCTION-QUALITY,,,
RULE-W3-002-091,SRC-W3-002,docs/W3-ai-behavior/01-prompt-eval-agent-workflow-standard.md,90,90,merge,IMPL-PROMPT-EXAMPLE-COVERAGE,,,
RULE-W3-002-092,SRC-W3-002,docs/W3-ai-behavior/01-prompt-eval-agent-workflow-standard.md,90,90,rewrite,VERIFY-AI-PROMPT-ARTIFACT-FP-W3-002-L090,,,
RULE-W3-002-093,SRC-W3-002,docs/W3-ai-behavior/01-prompt-eval-agent-workflow-standard.md,90,90,merge,IMPL-PROMPT-EXAMPLE-COVERAGE,,,
RULE-W3-002-094,SRC-W3-002,docs/W3-ai-behavior/01-prompt-eval-agent-workflow-standard.md,90,90,merge,IMPL-PROMPT-EXAMPLE-COVERAGE,,,
RULE-W3-002-095,SRC-W3-002,docs/W3-ai-behavior/01-prompt-eval-agent-workflow-standard.md,91,91,rewrite,TECH-009-AI-INSTRUCTION-TRUST-BOUNDARY-S01,,,
RULE-W3-002-097,SRC-W3-002,docs/W3-ai-behavior/01-prompt-eval-agent-workflow-standard.md,92,92,merge,IMPL-PROMPT-SENSITIVE-CONTENT-BAN,,,
RULE-W3-002-098,SRC-W3-002,docs/W3-ai-behavior/01-prompt-eval-agent-workflow-standard.md,92,92,merge,IMPL-PROMPT-SENSITIVE-CONTENT-BAN,,,
RULE-W3-002-099,SRC-W3-002,docs/W3-ai-behavior/01-prompt-eval-agent-workflow-standard.md,92,92,merge,IMPL-PROMPT-SENSITIVE-CONTENT-BAN,,,
RULE-W3-002-100,SRC-W3-002,docs/W3-ai-behavior/01-prompt-eval-agent-workflow-standard.md,92,92,merge,IMPL-PROMPT-SENSITIVE-CONTENT-BAN,,,
RULE-W3-002-101,SRC-W3-002,docs/W3-ai-behavior/01-prompt-eval-agent-workflow-standard.md,93,93,rewrite,VERIFY-AI-PROMPT-CHANGE-EVAL-LINK,,,
RULE-W3-002-102,SRC-W3-002,docs/W3-ai-behavior/01-prompt-eval-agent-workflow-standard.md,93,93,rewrite,IMPL-PROMPT-CHANGE-EXPECTED-BEHAVIOR,,,
RULE-W3-002-103,SRC-W3-002,docs/W3-ai-behavior/01-prompt-eval-agent-workflow-standard.md,100,100,merge,VERIFY-AI-EVAL-CASE-OPTIONAL-FIELDS,,,
RULE-W3-002-104,SRC-W3-002,docs/W3-ai-behavior/01-prompt-eval-agent-workflow-standard.md,100,100,merge,VERIFY-AI-EVAL-CASE-OPTIONAL-FIELDS,,,
RULE-W3-002-105,SRC-W3-002,docs/W3-ai-behavior/01-prompt-eval-agent-workflow-standard.md,100,100,merge,VERIFY-AI-EVAL-CASE-OPTIONAL-FIELDS,,,
RULE-W3-002-106,SRC-W3-002,docs/W3-ai-behavior/01-prompt-eval-agent-workflow-standard.md,100,100,merge,VERIFY-AI-EVAL-CASE-OPTIONAL-FIELDS,,,
RULE-W3-002-107,SRC-W3-002,docs/W3-ai-behavior/01-prompt-eval-agent-workflow-standard.md,100,100,merge,VERIFY-AI-EVAL-CASE-OPTIONAL-FIELDS,,,
RULE-W3-002-108,SRC-W3-002,docs/W3-ai-behavior/01-prompt-eval-agent-workflow-standard.md,105,105,merge,VERIFY-AI-EVAL-CASE-CONTRACT,,,
RULE-W3-002-109,SRC-W3-002,docs/W3-ai-behavior/01-prompt-eval-agent-workflow-standard.md,106,106,merge,VERIFY-AI-EVAL-CASE-CONTRACT,,,
RULE-W3-002-110,SRC-W3-002,docs/W3-ai-behavior/01-prompt-eval-agent-workflow-standard.md,106,106,merge,DEFINITION-AI-EVAL-STANDARD,,,
RULE-W3-002-111,SRC-W3-002,docs/W3-ai-behavior/01-prompt-eval-agent-workflow-standard.md,107,107,merge,VERIFY-AI-EVAL-CASE-CONTRACT,,,
RULE-W3-002-112,SRC-W3-002,docs/W3-ai-behavior/01-prompt-eval-agent-workflow-standard.md,108,108,merge,VERIFY-AI-EVAL-CHANGE-TRIGGERS,,,
RULE-W3-002-113,SRC-W3-002,docs/W3-ai-behavior/01-prompt-eval-agent-workflow-standard.md,108,108,merge,VERIFY-AI-EVAL-CHANGE-TRIGGERS,,,
RULE-W3-002-114,SRC-W3-002,docs/W3-ai-behavior/01-prompt-eval-agent-workflow-standard.md,108,108,merge,VERIFY-AI-EVAL-CHANGE-TRIGGERS,,,
RULE-W3-002-115,SRC-W3-002,docs/W3-ai-behavior/01-prompt-eval-agent-workflow-standard.md,108,108,merge,VERIFY-AI-EVAL-CHANGE-TRIGGERS,,,
RULE-W3-002-116,SRC-W3-002,docs/W3-ai-behavior/01-prompt-eval-agent-workflow-standard.md,109,109,rewrite,VERIFY-AI-EVAL-FAILURE-RECORD,,,
RULE-W3-002-117,SRC-W3-002,docs/W3-ai-behavior/01-prompt-eval-agent-workflow-standard.md,109,109,merge,VERIFY-AI-EVAL-FAILURE-DISPOSITION,,,
RULE-W3-002-118,SRC-W3-002,docs/W3-ai-behavior/01-prompt-eval-agent-workflow-standard.md,109,109,merge,VERIFY-AI-EVAL-FAILURE-DISPOSITION,,,
RULE-W3-002-119,SRC-W3-002,docs/W3-ai-behavior/01-prompt-eval-agent-workflow-standard.md,109,109,rewrite,VERIFY-AI-EVAL-FAILURE-DISCIPLINE,,,
RULE-W3-002-120,SRC-W3-002,docs/W3-ai-behavior/01-prompt-eval-agent-workflow-standard.md,110,110,merge,VERIFY-AI-EVAL-HISTORY-RECORD,,,
RULE-W3-002-121,SRC-W3-002,docs/W3-ai-behavior/01-prompt-eval-agent-workflow-standard.md,110,110,merge,VERIFY-AI-EVAL-HISTORY-RECORD,,,
RULE-W3-002-122,SRC-W3-002,docs/W3-ai-behavior/01-prompt-eval-agent-workflow-standard.md,110,110,merge,VERIFY-AI-EVAL-HISTORY-RECORD,,,
RULE-W3-002-123,SRC-W3-002,docs/W3-ai-behavior/01-prompt-eval-agent-workflow-standard.md,110,110,merge,VERIFY-AI-EVAL-HISTORY-RECORD,,,
RULE-W3-002-124,SRC-W3-002,docs/W3-ai-behavior/01-prompt-eval-agent-workflow-standard.md,110,110,merge,VERIFY-AI-EVAL-HISTORY-RECORD,,,
RULE-W3-002-125,SRC-W3-002,docs/W3-ai-behavior/01-prompt-eval-agent-workflow-standard.md,110,110,merge,VERIFY-AI-EVAL-HISTORY-RECORD,,,
RULE-W3-002-126,SRC-W3-002,docs/W3-ai-behavior/01-prompt-eval-agent-workflow-standard.md,116,116,rewrite,TECH-019-AI-MODEL-ROUTING-S01,,,
RULE-W3-002-127,SRC-W3-002,docs/W3-ai-behavior/01-prompt-eval-agent-workflow-standard.md,117,117,rewrite,TECH-019-AI-MODEL-ROUTING-S02,,,
RULE-W3-002-128,SRC-W3-002,docs/W3-ai-behavior/01-prompt-eval-agent-workflow-standard.md,118,118,rewrite,TECH-067-AI-WORKFLOW-PATTERN-SELECTION-S01,,,
RULE-W3-002-129,SRC-W3-002,docs/W3-ai-behavior/01-prompt-eval-agent-workflow-standard.md,119,119,rewrite,TECH-067-AI-WORKFLOW-PATTERN-SELECTION-S02,,,
RULE-W3-002-130,SRC-W3-002,docs/W3-ai-behavior/01-prompt-eval-agent-workflow-standard.md,120,120,rewrite,TECH-067-AI-WORKFLOW-PATTERN-SELECTION-S03,,,
RULE-W3-002-131,SRC-W3-002,docs/W3-ai-behavior/01-prompt-eval-agent-workflow-standard.md,121,121,rewrite,VERIFY-AI-EVALUATOR-OPTIMIZER-USE-CASE,,,
RULE-W3-002-132,SRC-W3-002,docs/W3-ai-behavior/01-prompt-eval-agent-workflow-standard.md,122,122,rewrite,TECH-003-AI-AGENT-USE-CASE-S02,,,
RULE-W3-002-133,SRC-W3-002,docs/W3-ai-behavior/01-prompt-eval-agent-workflow-standard.md,126,126,merge,VERIFY-AI-EVAL-EXECUTION-GATE,,,
RULE-W3-002-134,SRC-W3-002,docs/W3-ai-behavior/01-prompt-eval-agent-workflow-standard.md,127,127,rewrite,TECH-069-AI-WORKFLOW-STOP-CHECKPOINT-S01,,,
RULE-W3-002-137,SRC-W3-002,docs/W3-ai-behavior/01-prompt-eval-agent-workflow-standard.md,128,128,rewrite,TECH-068-AI-WORKFLOW-SIDE-EFFECT-CONTROL-S01,,,
RULE-W3-002-138,SRC-W3-002,docs/W3-ai-behavior/01-prompt-eval-agent-workflow-standard.md,128,128,merge,TECH-068-AI-WORKFLOW-SIDE-EFFECT-CONTROL-S01,,,
RULE-W3-002-140,SRC-W3-002,docs/W3-ai-behavior/01-prompt-eval-agent-workflow-standard.md,129,129,rewrite,TECH-175-COST-VENDOR-S01,,,
RULE-W3-002-141,SRC-W3-002,docs/W3-ai-behavior/01-prompt-eval-agent-workflow-standard.md,133,133,rewrite,TECH-050-AI-TOOL-CONTRACT-CLARITY-S01,,,
RULE-W3-002-142,SRC-W3-002,docs/W3-ai-behavior/01-prompt-eval-agent-workflow-standard.md,133,133,rewrite,TECH-050-AI-TOOL-CONTRACT-CLARITY-S02,,,
RULE-W3-002-143,SRC-W3-002,docs/W3-ai-behavior/01-prompt-eval-agent-workflow-standard.md,133,133,rewrite,TECH-050-AI-TOOL-CONTRACT-CLARITY-S03,,,
RULE-W3-002-144,SRC-W3-002,docs/W3-ai-behavior/01-prompt-eval-agent-workflow-standard.md,134,134,rewrite,TECH-050-AI-TOOL-CONTRACT-CLARITY-S04,,,
RULE-W3-002-145,SRC-W3-002,docs/W3-ai-behavior/01-prompt-eval-agent-workflow-standard.md,134,134,rewrite,TECH-050-AI-TOOL-CONTRACT-CLARITY-S05,,,
RULE-W3-002-146,SRC-W3-002,docs/W3-ai-behavior/01-prompt-eval-agent-workflow-standard.md,135,135,rewrite,TECH-063-AI-TOOL-SIDE-EFFECT-CONTROL-S01,,,
RULE-W3-002-147,SRC-W3-002,docs/W3-ai-behavior/01-prompt-eval-agent-workflow-standard.md,136,136,rewrite,TECH-063-AI-TOOL-SIDE-EFFECT-CONTROL-S02,,,
RULE-W3-002-148,SRC-W3-002,docs/W3-ai-behavior/01-prompt-eval-agent-workflow-standard.md,136,136,rewrite,TECH-051-AI-TOOL-LEAST-PRIVILEGE-S02,,,
RULE-W3-002-149,SRC-W3-002,docs/W3-ai-behavior/01-prompt-eval-agent-workflow-standard.md,136,136,merge,TECH-063-AI-TOOL-SIDE-EFFECT-CONTROL-S02,,,
RULE-W3-002-150,SRC-W3-002,docs/W3-ai-behavior/01-prompt-eval-agent-workflow-standard.md,137,137,rewrite,TECH-066-AI-UNTRUSTED-TOOL-CONTENT-S01,,,
RULE-W3-002-151,SRC-W3-002,docs/W3-ai-behavior/01-prompt-eval-agent-workflow-standard.md,137,137,rewrite,TECH-066-AI-UNTRUSTED-TOOL-CONTENT-S02,,,
RULE-W3-002-152,SRC-W3-002,docs/W3-ai-behavior/01-prompt-eval-agent-workflow-standard.md,137,137,rewrite,TECH-066-AI-UNTRUSTED-TOOL-CONTENT-S03,,,
RULE-W3-002-153,SRC-W3-002,docs/W3-ai-behavior/01-prompt-eval-agent-workflow-standard.md,137,137,rewrite,TECH-066-AI-UNTRUSTED-TOOL-CONTENT-S04,,,
RULE-W3-002-154,SRC-W3-002,docs/W3-ai-behavior/01-prompt-eval-agent-workflow-standard.md,138,138,rewrite,TECH-066-AI-UNTRUSTED-TOOL-CONTENT-S05,,,
RULE-W3-002-155,SRC-W3-002,docs/W3-ai-behavior/01-prompt-eval-agent-workflow-standard.md,139,139,rewrite,TECH-253-SCHEMA-DATA-PROMPT-EVAL-AGENT-WORKFLOW-S06,,,
RULE-W3-002-156,SRC-W3-002,docs/W3-ai-behavior/01-prompt-eval-agent-workflow-standard.md,139,139,merge,TECH-253-SCHEMA-DATA-PROMPT-EVAL-AGENT-WORKFLOW-S06,,,
RULE-W3-002-157,SRC-W3-002,docs/W3-ai-behavior/01-prompt-eval-agent-workflow-standard.md,140,140,merge,VERIFY-AI-SAFETY-TEST-COVERAGE,,,
RULE-W3-002-158,SRC-W3-002,docs/W3-ai-behavior/01-prompt-eval-agent-workflow-standard.md,140,140,merge,VERIFY-AI-SAFETY-TEST-COVERAGE,,,
RULE-W3-002-159,SRC-W3-002,docs/W3-ai-behavior/01-prompt-eval-agent-workflow-standard.md,140,140,merge,VERIFY-AI-SAFETY-TEST-COVERAGE,,,
RULE-W3-002-160,SRC-W3-002,docs/W3-ai-behavior/01-prompt-eval-agent-workflow-standard.md,140,140,merge,VERIFY-AI-SAFETY-TEST-COVERAGE,,,
RULE-W3-002-161,SRC-W3-002,docs/W3-ai-behavior/01-prompt-eval-agent-workflow-standard.md,146,146,merge,OPERATION-OBSERVE-004,,,
RULE-W3-002-162,SRC-W3-002,docs/W3-ai-behavior/01-prompt-eval-agent-workflow-standard.md,146,146,merge,OPERATION-OBSERVE-004,,,
RULE-W3-002-163,SRC-W3-002,docs/W3-ai-behavior/01-prompt-eval-agent-workflow-standard.md,146,146,merge,OPERATION-OBSERVE-004,,,
RULE-W3-002-164,SRC-W3-002,docs/W3-ai-behavior/01-prompt-eval-agent-workflow-standard.md,146,146,merge,OPERATION-OBSERVE-004,,,
RULE-W3-002-165,SRC-W3-002,docs/W3-ai-behavior/01-prompt-eval-agent-workflow-standard.md,147,147,merge,OPERATION-OBSERVE-004,,,
RULE-W3-002-166,SRC-W3-002,docs/W3-ai-behavior/01-prompt-eval-agent-workflow-standard.md,147,147,merge,OPERATION-OBSERVE-004,,,
RULE-W3-002-167,SRC-W3-002,docs/W3-ai-behavior/01-prompt-eval-agent-workflow-standard.md,147,147,merge,OPERATION-OBSERVE-004,,,
RULE-W3-002-168,SRC-W3-002,docs/W3-ai-behavior/01-prompt-eval-agent-workflow-standard.md,147,147,merge,OPERATION-OBSERVE-004,,,
RULE-W3-002-169,SRC-W3-002,docs/W3-ai-behavior/01-prompt-eval-agent-workflow-standard.md,148,148,merge,OPERATION-OBSERVE-004,,,
RULE-W3-002-170,SRC-W3-002,docs/W3-ai-behavior/01-prompt-eval-agent-workflow-standard.md,149,149,merge,VERIFY-AI-EVAL-EXECUTION-GATE,,,
RULE-W3-002-171,SRC-W3-002,docs/W3-ai-behavior/01-prompt-eval-agent-workflow-standard.md,150,150,merge,OPERATION-OBSERVE-004,,,
RULE-W3-002-172,SRC-W3-002,docs/W3-ai-behavior/01-prompt-eval-agent-workflow-standard.md,150,150,merge,OPERATION-OBSERVE-004,,,
RULE-W3-002-173,SRC-W3-002,docs/W3-ai-behavior/01-prompt-eval-agent-workflow-standard.md,151,151,merge,OPERATION-OBSERVE-004,,,
RULE-W3-002-174,SRC-W3-002,docs/W3-ai-behavior/01-prompt-eval-agent-workflow-standard.md,151,151,merge,OPERATION-OBSERVE-004,,,
RULE-W3-002-175,SRC-W3-002,docs/W3-ai-behavior/01-prompt-eval-agent-workflow-standard.md,151,151,merge,OPERATION-OBSERVE-004,,,
RULE-W3-002-176,SRC-W3-002,docs/W3-ai-behavior/01-prompt-eval-agent-workflow-standard.md,155,155,rewrite,IMPL-PROMPT-FILENAME-DISCRETION,,,
RULE-W3-002-177,SRC-W3-002,docs/W3-ai-behavior/01-prompt-eval-agent-workflow-standard.md,155,155,rewrite,IMPL-EVAL-CASE-ID-DISCRETION,,,
RULE-W3-002-178,SRC-W3-002,docs/W3-ai-behavior/01-prompt-eval-agent-workflow-standard.md,155,155,merge,DEFINITION-AI-EVAL-STANDARD,,,
RULE-W3-002-179,SRC-W3-002,docs/W3-ai-behavior/01-prompt-eval-agent-workflow-standard.md,155,155,rewrite,VERIFY-AI-EVAL-TAG-NAMING,,,
RULE-W3-002-180,SRC-W3-002,docs/W3-ai-behavior/01-prompt-eval-agent-workflow-standard.md,155,155,rewrite,IMPL-LOCAL-JSONL-FIXTURE-DISCRETION,,,
RULE-W3-002-181,SRC-W3-002,docs/W3-ai-behavior/01-prompt-eval-agent-workflow-standard.md,159,159,merge,DEFINITION-AI-SIDE-EFFECT,,,
RULE-W3-002-182,SRC-W3-002,docs/W3-ai-behavior/01-prompt-eval-agent-workflow-standard.md,159,159,merge,DEFINITION-AI-SIDE-EFFECT,,,
RULE-W3-002-183,SRC-W3-002,docs/W3-ai-behavior/01-prompt-eval-agent-workflow-standard.md,159,159,merge,DEFINITION-AI-SIDE-EFFECT,,,
RULE-W3-002-184,SRC-W3-002,docs/W3-ai-behavior/01-prompt-eval-agent-workflow-standard.md,159,159,merge,DEFINITION-AI-SIDE-EFFECT,,,
RULE-W3-002-185,SRC-W3-002,docs/W3-ai-behavior/01-prompt-eval-agent-workflow-standard.md,160,160,merge,DEFINITION-AI-HIGH-IMPACT,,,
RULE-W3-002-186,SRC-W3-002,docs/W3-ai-behavior/01-prompt-eval-agent-workflow-standard.md,160,160,merge,DEFINITION-AI-HIGH-IMPACT,,,
RULE-W3-002-187,SRC-W3-002,docs/W3-ai-behavior/01-prompt-eval-agent-workflow-standard.md,160,160,merge,DEFINITION-AI-HIGH-IMPACT,,,
RULE-W3-002-188,SRC-W3-002,docs/W3-ai-behavior/01-prompt-eval-agent-workflow-standard.md,160,160,merge,DEFINITION-AI-HIGH-IMPACT,,,
RULE-W3-002-189,SRC-W3-002,docs/W3-ai-behavior/01-prompt-eval-agent-workflow-standard.md,160,160,merge,DEFINITION-AI-HIGH-IMPACT,,,
RULE-W3-002-190,SRC-W3-002,docs/W3-ai-behavior/01-prompt-eval-agent-workflow-standard.md,161,161,merge,DEFINITION-AI-DATA-RECIPIENT,,,
RULE-W3-002-191,SRC-W3-002,docs/W3-ai-behavior/01-prompt-eval-agent-workflow-standard.md,161,161,merge,DEFINITION-AI-DATA-RECIPIENT,,,
RULE-W3-002-192,SRC-W3-002,docs/W3-ai-behavior/01-prompt-eval-agent-workflow-standard.md,161,161,merge,DEFINITION-AI-DATA-RECIPIENT,,,
RULE-W3-002-193,SRC-W3-002,docs/W3-ai-behavior/01-prompt-eval-agent-workflow-standard.md,162,162,rewrite,TECH-036-AI-QUALITY-COST-LATENCY-TRADEOFF-S01,,,
RULE-W3-002-194,SRC-W3-002,docs/W3-ai-behavior/01-prompt-eval-agent-workflow-standard.md,162,162,rewrite,TECH-036-AI-QUALITY-COST-LATENCY-TRADEOFF-S02,,,
RULE-W3-002-195,SRC-W3-002,docs/W3-ai-behavior/01-prompt-eval-agent-workflow-standard.md,163,163,merge,TECH-004-AI-AUTONOMY-BOUNDARY-S01,,,
RULE-W3-002-196,SRC-W3-002,docs/W3-ai-behavior/01-prompt-eval-agent-workflow-standard.md,164,164,rewrite,DEFINITION-AI-HUMAN-REVIEW,,,
RULE-W3-002-197,SRC-W3-002,docs/W3-ai-behavior/01-prompt-eval-agent-workflow-standard.md,173,173,merge,VERIFY-AI-EVAL-SCRIPT-CHECK,,,
RULE-W3-002-198,SRC-W3-002,docs/W3-ai-behavior/01-prompt-eval-agent-workflow-standard.md,173,173,merge,VERIFY-AI-EVAL-SCRIPT-CHECK,,,
RULE-W3-002-199,SRC-W3-002,docs/W3-ai-behavior/01-prompt-eval-agent-workflow-standard.md,173,173,rewrite,VERIFY-AI-PROMPT-METADATA-SCRIPT-CHECK,,,
RULE-W3-002-200,SRC-W3-002,docs/W3-ai-behavior/01-prompt-eval-agent-workflow-standard.md,178,178,rewrite,VERIFY-AI-SAFETY-EVIDENCE-GATE,,,
RULE-W3-002-201,SRC-W3-002,docs/W3-ai-behavior/01-prompt-eval-agent-workflow-standard.md,3,3,rewrite,VERIFY-AI-EVAL-PLAYBOOK-ROUTING,,,
RULE-W3-002-202,SRC-W3-002,docs/W3-ai-behavior/01-prompt-eval-agent-workflow-standard.md,188,188,rewrite,VERIFY-AI-EVAL-EXPERIMENT-WAIVER,,,
RULE-W3-002-203,SRC-W3-002,docs/W3-ai-behavior/01-prompt-eval-agent-workflow-standard.md,13,13,rewrite,VERIFY-AI-EVAL-BEFORE-IMPLEMENTATION,,,
RULE-W3-003-001,SRC-W3-003,docs/W3-ai-behavior/02-ai-eval-safety-standard.md,3,3,rewrite,VERIFY-AI-EVAL-FIXTURE-W3-003-L003,,,
RULE-W3-003-002,SRC-W3-003,docs/W3-ai-behavior/02-ai-eval-safety-standard.md,7,7,rewrite,VERIFY-AI-EVAL-FIXTURE-W3-003-L007,,,
RULE-W3-003-003,SRC-W3-003,docs/W3-ai-behavior/02-ai-eval-safety-standard.md,9,9,rewrite,VERIFY-PLANNING-GOVERNANCE-ROUTING-FP-W3-003-L009,,,
RULE-W3-003-004,SRC-W3-003,docs/W3-ai-behavior/02-ai-eval-safety-standard.md,15,15,merge,VERIFY-EVIDENCE-W3-003-L015,,,
RULE-W3-003-005,SRC-W3-003,docs/W3-ai-behavior/02-ai-eval-safety-standard.md,15,15,merge,VERIFY-AI-EVAL-FIXTURE-W3-003-L015,,,
RULE-W3-003-006,SRC-W3-003,docs/W3-ai-behavior/02-ai-eval-safety-standard.md,15,15,merge,VERIFY-AI-EVAL-FIXTURE-W3-003-L015,,,
RULE-W3-003-007,SRC-W3-003,docs/W3-ai-behavior/02-ai-eval-safety-standard.md,15,15,merge,VERIFY-AI-EVAL-FIXTURE-W3-003-L015,,,
RULE-W3-003-008,SRC-W3-003,docs/W3-ai-behavior/02-ai-eval-safety-standard.md,15,15,merge,VERIFY-EVIDENCE-W3-003-L015,,,
RULE-W3-003-009,SRC-W3-003,docs/W3-ai-behavior/02-ai-eval-safety-standard.md,29,29,rewrite,VERIFY-AI-EVAL-FIXTURE-W3-003-L029,,,
RULE-W3-003-010,SRC-W3-003,docs/W3-ai-behavior/02-ai-eval-safety-standard.md,30,30,rewrite,VERIFY-AI-EVAL-FIXTURE-W3-003-L030,,,
RULE-W3-003-011,SRC-W3-003,docs/W3-ai-behavior/02-ai-eval-safety-standard.md,31,31,rewrite,VERIFY-AI-EVAL-FIXTURE-W3-003-L031,,,
RULE-W3-003-012,SRC-W3-003,docs/W3-ai-behavior/02-ai-eval-safety-standard.md,32,32,rewrite,VERIFY-AI-EVAL-FIXTURE-W3-003-L032,,,
RULE-W3-003-013,SRC-W3-003,docs/W3-ai-behavior/02-ai-eval-safety-standard.md,35,35,merge,VERIFY-AI-ABUSE-CASE-RELEASE-MITIGATION,,,
RULE-W3-003-014,SRC-W3-003,docs/W3-ai-behavior/02-ai-eval-safety-standard.md,36,36,rewrite,VERIFY-AI-EVAL-FIXTURE-W3-003-L036,,,
RULE-W3-003-015,SRC-W3-003,docs/W3-ai-behavior/02-ai-eval-safety-standard.md,37,37,rewrite,VERIFY-AI-EVAL-SAFETY-W3-003-L037,,,
RULE-W3-003-016,SRC-W3-003,docs/W3-ai-behavior/02-ai-eval-safety-standard.md,38,38,rewrite,VERIFY-AI-EVAL-SAFETY-W3-003-L038,,,
RULE-W3-003-017,SRC-W3-003,docs/W3-ai-behavior/02-ai-eval-safety-standard.md,41,41,merge,DEFINITION-CONTENT-SAFETY-ARTIFACTS,,,
RULE-W3-003-018,SRC-W3-003,docs/W3-ai-behavior/02-ai-eval-safety-standard.md,42,42,rewrite,VERIFY-AI-EVAL-SAFETY-W3-003-L042,,,
RULE-W3-003-019,SRC-W3-003,docs/W3-ai-behavior/02-ai-eval-safety-standard.md,43,43,merge,OPERATION-CONTENT-001,,,
RULE-W3-003-020,SRC-W3-003,docs/W3-ai-behavior/02-ai-eval-safety-standard.md,44,44,merge,DEFINITION-CONTENT-SAFETY-ARTIFACTS,,,
RULE-W3-003-021,SRC-W3-003,docs/W3-ai-behavior/02-ai-eval-safety-standard.md,49,49,merge,VERIFY-AI-EVAL-FIXTURE-W3-003-L049,,,
RULE-W3-003-022,SRC-W3-003,docs/W3-ai-behavior/02-ai-eval-safety-standard.md,49,49,merge,VERIFY-AI-EVAL-FIXTURE-W3-003-L049,,,
RULE-W3-003-023,SRC-W3-003,docs/W3-ai-behavior/02-ai-eval-safety-standard.md,49,49,merge,VERIFY-AI-EVAL-FIXTURE-W3-003-L049,,,
RULE-W3-003-024,SRC-W3-003,docs/W3-ai-behavior/02-ai-eval-safety-standard.md,50,50,merge,RELEASE-AI-001,,,
RULE-W3-003-025,SRC-W3-003,docs/W3-ai-behavior/02-ai-eval-safety-standard.md,50,50,rewrite,VERIFY-AI-EVAL-FIXTURE-W3-003-L050,,,
RULE-W3-003-026,SRC-W3-003,docs/W3-ai-behavior/02-ai-eval-safety-standard.md,51,51,merge,VERIFY-AI-EVAL-SAFETY-W3-003-L051,,,
RULE-W3-003-027,SRC-W3-003,docs/W3-ai-behavior/02-ai-eval-safety-standard.md,51,51,merge,VERIFY-AI-EVAL-SAFETY-W3-003-L051,,,
RULE-W3-003-028,SRC-W3-003,docs/W3-ai-behavior/02-ai-eval-safety-standard.md,51,51,merge,VERIFY-AI-EVAL-SAFETY-W3-003-L051,,,
RULE-W3-003-029,SRC-W3-003,docs/W3-ai-behavior/02-ai-eval-safety-standard.md,52,52,merge,VERIFY-AI-ABUSE-CASE-RELEASE-MITIGATION,,,
RULE-W3-003-030,SRC-W3-003,docs/W3-ai-behavior/02-ai-eval-safety-standard.md,52,52,merge,VERIFY-AI-ABUSE-CASE-RELEASE-MITIGATION,,,
RULE-W3-003-031,SRC-W3-003,docs/W3-ai-behavior/02-ai-eval-safety-standard.md,52,52,rewrite,VERIFY-AI-EVAL-FIXTURE-W3-003-L052,,,
RULE-W3-003-032,SRC-W3-003,docs/W3-ai-behavior/02-ai-eval-safety-standard.md,52,52,merge,VERIFY-AI-ABUSE-CASE-RELEASE-MITIGATION,,,
RULE-W3-003-033,SRC-W3-003,docs/W3-ai-behavior/02-ai-eval-safety-standard.md,53,53,merge,DEFINITION-CONTENT-SAFETY-RECOURSE,,,
RULE-W3-003-034,SRC-W3-003,docs/W3-ai-behavior/02-ai-eval-safety-standard.md,53,53,merge,DEFINITION-CONTENT-SAFETY-RECOURSE,,,
RULE-W3-003-035,SRC-W3-003,docs/W3-ai-behavior/02-ai-eval-safety-standard.md,53,53,rewrite,VERIFY-AI-EVAL-SAFETY-W3-003-L053,,,
RULE-W3-003-036,SRC-W3-003,docs/W3-ai-behavior/02-ai-eval-safety-standard.md,53,53,rewrite,EVALUATION-AI-ENFORCEMENT-001,,,
RULE-W3-003-037,SRC-W3-003,docs/W3-ai-behavior/02-ai-eval-safety-standard.md,57,57,merge,VERIFY-AI-MODEL-ROUTING-FP-W3-003-L057,,,
RULE-W3-003-038,SRC-W3-003,docs/W3-ai-behavior/02-ai-eval-safety-standard.md,57,57,merge,VERIFY-AI-MODEL-ROUTING-FP-W3-003-L057,,,
RULE-W3-003-039,SRC-W3-003,docs/W3-ai-behavior/02-ai-eval-safety-standard.md,58,58,rewrite,VERIFY-SAFETY-REDTEAM-FP-W3-003-L058,,,
RULE-W3-003-040,SRC-W3-003,docs/W3-ai-behavior/02-ai-eval-safety-standard.md,58,58,rewrite,VERIFY-AI-EVAL-FIXTURE-W3-003-L058,,,
RULE-W3-003-041,SRC-W3-003,docs/W3-ai-behavior/02-ai-eval-safety-standard.md,59,59,merge,VERIFY-SAFETY-REDTEAM-FP-W3-003-L059,,,
RULE-W3-003-042,SRC-W3-003,docs/W3-ai-behavior/02-ai-eval-safety-standard.md,59,59,merge,VERIFY-SAFETY-REDTEAM-FP-W3-003-L059,,,
RULE-W3-003-043,SRC-W3-003,docs/W3-ai-behavior/02-ai-eval-safety-standard.md,59,59,merge,VERIFY-SAFETY-REDTEAM-FP-W3-003-L059,,,
RULE-W3-003-044,SRC-W3-003,docs/W3-ai-behavior/02-ai-eval-safety-standard.md,60,60,rewrite,TECH-199-GOVERNANCE-AI-EVAL-SAFETY-S01,,,
RULE-W3-003-045,SRC-W3-003,docs/W3-ai-behavior/02-ai-eval-safety-standard.md,60,60,merge,VERIFY-AI-EVAL-SAFETY-W3-003-L060,,,
RULE-W3-003-046,SRC-W3-003,docs/W3-ai-behavior/02-ai-eval-safety-standard.md,60,60,merge,VERIFY-AI-EVAL-SAFETY-W3-003-L060,,,
RULE-W3-003-047,SRC-W3-003,docs/W3-ai-behavior/02-ai-eval-safety-standard.md,60,60,merge,OPERATION-CONTENT-001,,,
RULE-W3-003-048,SRC-W3-003,docs/W3-ai-behavior/02-ai-eval-safety-standard.md,60,60,merge,DEFINITION-CONTENT-SAFETY-RECOURSE,,,
RULE-W3-003-049,SRC-W3-003,docs/W3-ai-behavior/02-ai-eval-safety-standard.md,60,60,merge,DEFINITION-CONTENT-SAFETY-RECOURSE,,,
RULE-W3-003-050,SRC-W3-003,docs/W3-ai-behavior/02-ai-eval-safety-standard.md,60,60,merge,VERIFY-AI-EVAL-SAFETY-W3-003-L060,,,
RULE-W3-003-051,SRC-W3-003,docs/W3-ai-behavior/02-ai-eval-safety-standard.md,61,61,rewrite,VERIFY-AI-EVAL-SAFETY-W3-003-L061,,,
RULE-W3-003-052,SRC-W3-003,docs/W3-ai-behavior/02-ai-eval-safety-standard.md,61,61,merge,RELEASE-AI-002,,,
RULE-W3-003-053,SRC-W3-003,docs/W3-ai-behavior/02-ai-eval-safety-standard.md,61,61,merge,RELEASE-AI-002,,,
RULE-W3-003-054,SRC-W3-003,docs/W3-ai-behavior/02-ai-eval-safety-standard.md,65,65,rewrite,VERIFY-EVIDENCE-W3-003-L065,,,
RULE-W3-003-055,SRC-W3-003,docs/W3-ai-behavior/02-ai-eval-safety-standard.md,65,65,rewrite,VERIFY-AI-EVAL-FIXTURE-W3-003-L065,,,
RULE-W3-003-056,SRC-W3-003,docs/W3-ai-behavior/02-ai-eval-safety-standard.md,66,66,merge,VERIFY-EVIDENCE-W3-003-L066,,,
RULE-W3-003-057,SRC-W3-003,docs/W3-ai-behavior/02-ai-eval-safety-standard.md,66,66,merge,VERIFY-EVIDENCE-W3-003-L066,,,
RULE-W3-003-058,SRC-W3-003,docs/W3-ai-behavior/02-ai-eval-safety-standard.md,66,66,merge,VERIFY-EVIDENCE-W3-003-L066,,,
RULE-W3-003-059,SRC-W3-003,docs/W3-ai-behavior/02-ai-eval-safety-standard.md,66,66,rewrite,VERIFY-AI-EVAL-FIXTURE-W3-003-L066,,,
RULE-W3-003-060,SRC-W3-003,docs/W3-ai-behavior/02-ai-eval-safety-standard.md,66,66,merge,VERIFY-EVIDENCE-W3-003-L066,,,
RULE-W3-003-061,SRC-W3-003,docs/W3-ai-behavior/02-ai-eval-safety-standard.md,66,66,merge,VERIFY-EVIDENCE-W3-003-L066,,,
RULE-W3-003-062,SRC-W3-003,docs/W3-ai-behavior/02-ai-eval-safety-standard.md,66,66,merge,VERIFY-EVIDENCE-W3-003-L066,,,
RULE-W3-003-063,SRC-W3-003,docs/W3-ai-behavior/02-ai-eval-safety-standard.md,67,67,merge,RELEASE-AI-002,,,
RULE-W3-003-064,SRC-W3-003,docs/W3-ai-behavior/02-ai-eval-safety-standard.md,67,67,merge,RELEASE-AI-002,,,
RULE-W3-003-065,SRC-W3-003,docs/W3-ai-behavior/02-ai-eval-safety-standard.md,68,68,merge,VERIFY-EVIDENCE-W3-003-L068,,,
RULE-W3-003-066,SRC-W3-003,docs/W3-ai-behavior/02-ai-eval-safety-standard.md,68,68,rewrite,TECH-259-SECURITY-PRIVACY-S01,,,
RULE-W3-003-067,SRC-W3-003,docs/W3-ai-behavior/02-ai-eval-safety-standard.md,68,68,merge,VERIFY-EVIDENCE-W3-003-L068,,,
RULE-W3-003-068,SRC-W3-003,docs/W3-ai-behavior/02-ai-eval-safety-standard.md,68,68,merge,DEFINITION-AI-SAFETY-DECISION,,,
RULE-W3-003-069,SRC-W3-003,docs/W3-ai-behavior/02-ai-eval-safety-standard.md,69,69,merge,VERIFY-EVIDENCE-W3-003-L069,,,
RULE-W3-003-070,SRC-W3-003,docs/W3-ai-behavior/02-ai-eval-safety-standard.md,69,69,merge,VERIFY-EVIDENCE-W3-003-L069,,,
RULE-W3-003-071,SRC-W3-003,docs/W3-ai-behavior/02-ai-eval-safety-standard.md,69,69,merge,VERIFY-EVIDENCE-W3-003-L069,,,
RULE-W3-003-072,SRC-W3-003,docs/W3-ai-behavior/02-ai-eval-safety-standard.md,69,69,merge,VERIFY-EVIDENCE-W3-003-L069,,,
RULE-W3-003-073,SRC-W3-003,docs/W3-ai-behavior/02-ai-eval-safety-standard.md,69,69,merge,VERIFY-EVIDENCE-W3-003-L069,,,
RULE-W3-003-074,SRC-W3-003,docs/W3-ai-behavior/02-ai-eval-safety-standard.md,77,77,rewrite,VERIFY-AI-EVAL-FIXTURE-W3-003-L077,,,
RULE-W3-003-075,SRC-W3-003,docs/W3-ai-behavior/02-ai-eval-safety-standard.md,77,77,rewrite,VERIFY-AI-EVAL-SAFETY-W3-003-L077,,,
RULE-W3-003-076,SRC-W3-003,docs/W3-ai-behavior/02-ai-eval-safety-standard.md,3,3,rewrite,VERIFY-AI-EVAL-PLAYBOOK-OPTIONAL-W3-003-L003,,,
RULE-W3-004-001,SRC-W3-004,docs/W3-ai-behavior/03-ai-context-memory-retrieval-standard.md,3,3,rewrite,TECH-198-GOVERNANCE-AI-CONTEXT-MEMORY-RETRIEVAL-S01,,,
RULE-W3-004-002,SRC-W3-004,docs/W3-ai-behavior/03-ai-context-memory-retrieval-standard.md,7,7,rewrite,VERIFY-AI-RAG-MEMORY,,,
RULE-W3-004-003,SRC-W3-004,docs/W3-ai-behavior/03-ai-context-memory-retrieval-standard.md,9,9,rewrite,TECH-233-PLANNING-GOVERNANCE-ROUTING-S01,,,
RULE-W3-004-004,SRC-W3-004,docs/W3-ai-behavior/03-ai-context-memory-retrieval-standard.md,15,15,rewrite,TECH-038-AI-RAG-MEMORY-S01,,,
RULE-W3-004-005,SRC-W3-004,docs/W3-ai-behavior/03-ai-context-memory-retrieval-standard.md,15,15,rewrite,TECH-137-AUTH-TENANT-PERMISSION-S01,,,
RULE-W3-004-006,SRC-W3-004,docs/W3-ai-behavior/03-ai-context-memory-retrieval-standard.md,15,15,rewrite,TECH-029-AI-PROMPT-ARTIFACT-S01,,,
RULE-W3-004-007,SRC-W3-004,docs/W3-ai-behavior/03-ai-context-memory-retrieval-standard.md,15,15,rewrite,TECH-020-AI-MODEL-ROUTING-S01,,,
RULE-W3-004-008,SRC-W3-004,docs/W3-ai-behavior/03-ai-context-memory-retrieval-standard.md,15,15,rewrite,TECH-137-AUTH-TENANT-PERMISSION-S02,,,
RULE-W3-004-009,SRC-W3-004,docs/W3-ai-behavior/03-ai-context-memory-retrieval-standard.md,15,15,rewrite,EVALUATION-AI-FRESHNESS-001,,,
RULE-W3-004-010,SRC-W3-004,docs/W3-ai-behavior/03-ai-context-memory-retrieval-standard.md,15,15,rewrite,TECH-020-AI-MODEL-ROUTING-S02,,,
RULE-W3-004-011,SRC-W3-004,docs/W3-ai-behavior/03-ai-context-memory-retrieval-standard.md,15,15,merge,EXPERIENCE-AI-MEMORY-CONTROLS,,,
RULE-W3-004-012,SRC-W3-004,docs/W3-ai-behavior/03-ai-context-memory-retrieval-standard.md,15,15,rewrite,TECH-020-AI-MODEL-ROUTING-S03,,,
RULE-W3-004-013,SRC-W3-004,docs/W3-ai-behavior/03-ai-context-memory-retrieval-standard.md,30,30,rewrite,TECH-038-AI-RAG-MEMORY-S02,,,
RULE-W3-004-014,SRC-W3-004,docs/W3-ai-behavior/03-ai-context-memory-retrieval-standard.md,31,31,rewrite,TECH-245-SCHEMA-DATA-AI-CONTEXT-MEMORY-RETRIEVAL-S01,,,
RULE-W3-004-015,SRC-W3-004,docs/W3-ai-behavior/03-ai-context-memory-retrieval-standard.md,32,32,rewrite,TECH-005-AI-CONTEXT-RAG-S01,,,
RULE-W3-004-016,SRC-W3-004,docs/W3-ai-behavior/03-ai-context-memory-retrieval-standard.md,33,33,rewrite,VERIFY-AI-EVAL-FIXTURE-W3-004-L033,,,
RULE-W3-004-017,SRC-W3-004,docs/W3-ai-behavior/03-ai-context-memory-retrieval-standard.md,34,34,rewrite,VERIFY-AI-CONTEXT-MEMORY-RETRIEVAL-W3-004-L034,,,
RULE-W3-004-018,SRC-W3-004,docs/W3-ai-behavior/03-ai-context-memory-retrieval-standard.md,35,35,rewrite,TECH-005-AI-CONTEXT-RAG-S02,,,
RULE-W3-004-019,SRC-W3-004,docs/W3-ai-behavior/03-ai-context-memory-retrieval-standard.md,40,40,rewrite,TECH-038-AI-RAG-MEMORY-S03,,,
RULE-W3-004-020,SRC-W3-004,docs/W3-ai-behavior/03-ai-context-memory-retrieval-standard.md,40,40,merge,TECH-038-AI-RAG-MEMORY-S03,,,
RULE-W3-004-021,SRC-W3-004,docs/W3-ai-behavior/03-ai-context-memory-retrieval-standard.md,40,40,merge,TECH-038-AI-RAG-MEMORY-S03,,,
RULE-W3-004-022,SRC-W3-004,docs/W3-ai-behavior/03-ai-context-memory-retrieval-standard.md,40,40,rewrite,IMPL-MEMORY-WORKSPACE-CONTEXT-TYPE,,,
RULE-W3-004-023,SRC-W3-004,docs/W3-ai-behavior/03-ai-context-memory-retrieval-standard.md,40,40,merge,TECH-038-AI-RAG-MEMORY-S03,,,
RULE-W3-004-024,SRC-W3-004,docs/W3-ai-behavior/03-ai-context-memory-retrieval-standard.md,40,40,merge,TECH-038-AI-RAG-MEMORY-S03,,,
RULE-W3-004-025,SRC-W3-004,docs/W3-ai-behavior/03-ai-context-memory-retrieval-standard.md,40,40,merge,TECH-038-AI-RAG-MEMORY-S03,,,
RULE-W3-004-026,SRC-W3-004,docs/W3-ai-behavior/03-ai-context-memory-retrieval-standard.md,41,41,rewrite,TECH-245-SCHEMA-DATA-AI-CONTEXT-MEMORY-RETRIEVAL-S02,,,
RULE-W3-004-027,SRC-W3-004,docs/W3-ai-behavior/03-ai-context-memory-retrieval-standard.md,41,41,merge,TECH-245-SCHEMA-DATA-AI-CONTEXT-MEMORY-RETRIEVAL-S02,,,
RULE-W3-004-028,SRC-W3-004,docs/W3-ai-behavior/03-ai-context-memory-retrieval-standard.md,41,41,merge,TECH-245-SCHEMA-DATA-AI-CONTEXT-MEMORY-RETRIEVAL-S02,,,
RULE-W3-004-029,SRC-W3-004,docs/W3-ai-behavior/03-ai-context-memory-retrieval-standard.md,41,41,merge,TECH-245-SCHEMA-DATA-AI-CONTEXT-MEMORY-RETRIEVAL-S02,,,
RULE-W3-004-030,SRC-W3-004,docs/W3-ai-behavior/03-ai-context-memory-retrieval-standard.md,41,41,merge,EVALUATION-FRESHNESS-001,,,
RULE-W3-004-031,SRC-W3-004,docs/W3-ai-behavior/03-ai-context-memory-retrieval-standard.md,41,41,merge,TECH-245-SCHEMA-DATA-AI-CONTEXT-MEMORY-RETRIEVAL-S02,,,
RULE-W3-004-032,SRC-W3-004,docs/W3-ai-behavior/03-ai-context-memory-retrieval-standard.md,41,41,merge,TECH-245-SCHEMA-DATA-AI-CONTEXT-MEMORY-RETRIEVAL-S02,,,
RULE-W3-004-033,SRC-W3-004,docs/W3-ai-behavior/03-ai-context-memory-retrieval-standard.md,41,41,merge,TECH-245-SCHEMA-DATA-AI-CONTEXT-MEMORY-RETRIEVAL-S02,,,
RULE-W3-004-034,SRC-W3-004,docs/W3-ai-behavior/03-ai-context-memory-retrieval-standard.md,42,42,merge,VERIFY-AI-EVAL-FIXTURE-W3-004-L042,,,
RULE-W3-004-035,SRC-W3-004,docs/W3-ai-behavior/03-ai-context-memory-retrieval-standard.md,42,42,merge,VERIFY-AI-EVAL-FIXTURE-W3-004-L042,,,
RULE-W3-004-036,SRC-W3-004,docs/W3-ai-behavior/03-ai-context-memory-retrieval-standard.md,42,42,merge,VERIFY-AI-EVAL-FIXTURE-W3-004-L042,,,
RULE-W3-004-037,SRC-W3-004,docs/W3-ai-behavior/03-ai-context-memory-retrieval-standard.md,42,42,merge,VERIFY-AI-EVAL-FIXTURE-W3-004-L042,,,
RULE-W3-004-038,SRC-W3-004,docs/W3-ai-behavior/03-ai-context-memory-retrieval-standard.md,42,42,merge,VERIFY-AI-EVAL-FIXTURE-W3-004-L042,,,
RULE-W3-004-039,SRC-W3-004,docs/W3-ai-behavior/03-ai-context-memory-retrieval-standard.md,42,42,merge,VERIFY-AI-EVAL-FIXTURE-W3-004-L042,,,
RULE-W3-004-040,SRC-W3-004,docs/W3-ai-behavior/03-ai-context-memory-retrieval-standard.md,42,42,merge,VERIFY-AI-EVAL-FIXTURE-W3-004-L042,,,
RULE-W3-004-041,SRC-W3-004,docs/W3-ai-behavior/03-ai-context-memory-retrieval-standard.md,42,42,merge,VERIFY-AI-EVAL-FIXTURE-W3-004-L042,,,
RULE-W3-004-042,SRC-W3-004,docs/W3-ai-behavior/03-ai-context-memory-retrieval-standard.md,43,43,merge,EXPERIENCE-AI-MEMORY-CONTROLS,,,
RULE-W3-004-043,SRC-W3-004,docs/W3-ai-behavior/03-ai-context-memory-retrieval-standard.md,43,43,merge,EXPERIENCE-AI-MEMORY-CONTROLS,,,
RULE-W3-004-044,SRC-W3-004,docs/W3-ai-behavior/03-ai-context-memory-retrieval-standard.md,43,43,merge,EXPERIENCE-AI-MEMORY-CONTROLS,,,
RULE-W3-004-045,SRC-W3-004,docs/W3-ai-behavior/03-ai-context-memory-retrieval-standard.md,43,43,merge,EXPERIENCE-AI-MEMORY-CONTROLS,,,
RULE-W3-004-046,SRC-W3-004,docs/W3-ai-behavior/03-ai-context-memory-retrieval-standard.md,43,43,merge,EXPERIENCE-AI-MEMORY-CONTROLS,,,
RULE-W3-004-048,SRC-W3-004,docs/W3-ai-behavior/03-ai-context-memory-retrieval-standard.md,44,44,merge,IMPL-CONTEXT-DELETION-SURFACES,,,
RULE-W3-004-049,SRC-W3-004,docs/W3-ai-behavior/03-ai-context-memory-retrieval-standard.md,44,44,merge,IMPL-CONTEXT-DELETION-SURFACES,,,
RULE-W3-004-050,SRC-W3-004,docs/W3-ai-behavior/03-ai-context-memory-retrieval-standard.md,44,44,merge,IMPL-CONTEXT-DELETION-SURFACES,,,
RULE-W3-004-051,SRC-W3-004,docs/W3-ai-behavior/03-ai-context-memory-retrieval-standard.md,44,44,merge,IMPL-CONTEXT-DELETION-SURFACES,,,
RULE-W3-004-052,SRC-W3-004,docs/W3-ai-behavior/03-ai-context-memory-retrieval-standard.md,44,44,merge,IMPL-CONTEXT-DELETION-SURFACES,,,
RULE-W3-004-053,SRC-W3-004,docs/W3-ai-behavior/03-ai-context-memory-retrieval-standard.md,44,44,merge,IMPL-CONTEXT-DELETION-SURFACES,,,
RULE-W3-004-054,SRC-W3-004,docs/W3-ai-behavior/03-ai-context-memory-retrieval-standard.md,44,44,merge,IMPL-CONTEXT-DELETION-SURFACES,,,
RULE-W3-004-055,SRC-W3-004,docs/W3-ai-behavior/03-ai-context-memory-retrieval-standard.md,48,48,rewrite,TECH-029-AI-PROMPT-ARTIFACT-S02,,,
RULE-W3-004-056,SRC-W3-004,docs/W3-ai-behavior/03-ai-context-memory-retrieval-standard.md,48,48,merge,TECH-029-AI-PROMPT-ARTIFACT-S02,,,
RULE-W3-004-057,SRC-W3-004,docs/W3-ai-behavior/03-ai-context-memory-retrieval-standard.md,48,48,merge,TECH-029-AI-PROMPT-ARTIFACT-S02,,,
RULE-W3-004-058,SRC-W3-004,docs/W3-ai-behavior/03-ai-context-memory-retrieval-standard.md,48,48,merge,TECH-029-AI-PROMPT-ARTIFACT-S02,,,
RULE-W3-004-059,SRC-W3-004,docs/W3-ai-behavior/03-ai-context-memory-retrieval-standard.md,48,48,merge,TECH-029-AI-PROMPT-ARTIFACT-S02,,,
RULE-W3-004-060,SRC-W3-004,docs/W3-ai-behavior/03-ai-context-memory-retrieval-standard.md,49,49,rewrite,TECH-137-AUTH-TENANT-PERMISSION-S03,,,
RULE-W3-004-062,SRC-W3-004,docs/W3-ai-behavior/03-ai-context-memory-retrieval-standard.md,50,50,rewrite,TECH-029-AI-PROMPT-ARTIFACT-S03,,,
RULE-W3-004-063,SRC-W3-004,docs/W3-ai-behavior/03-ai-context-memory-retrieval-standard.md,50,50,rewrite,TECH-038-AI-RAG-MEMORY-S04,,,
RULE-W3-004-064,SRC-W3-004,docs/W3-ai-behavior/03-ai-context-memory-retrieval-standard.md,51,51,rewrite,VERIFY-AI-CONTEXT-MEMORY-RETRIEVAL-W3-004-L051,,,
RULE-W3-004-068,SRC-W3-004,docs/W3-ai-behavior/03-ai-context-memory-retrieval-standard.md,52,52,merge,VERIFY-AI-CONTEXT-MEMORY-RETRIEVAL-W3-004-L052,,,
RULE-W3-004-069,SRC-W3-004,docs/W3-ai-behavior/03-ai-context-memory-retrieval-standard.md,52,52,merge,VERIFY-AI-CONTEXT-MEMORY-RETRIEVAL-W3-004-L052,,,
RULE-W3-004-070,SRC-W3-004,docs/W3-ai-behavior/03-ai-context-memory-retrieval-standard.md,52,52,merge,VERIFY-AI-CONTEXT-MEMORY-RETRIEVAL-W3-004-L052,,,
RULE-W3-004-071,SRC-W3-004,docs/W3-ai-behavior/03-ai-context-memory-retrieval-standard.md,52,52,merge,VERIFY-AI-CONTEXT-MEMORY-RETRIEVAL-W3-004-L052,,,
RULE-W3-004-072,SRC-W3-004,docs/W3-ai-behavior/03-ai-context-memory-retrieval-standard.md,56,56,rewrite,TECH-010-AI-MEMORY-CONTEXT-DEFAULTS-S01,,,
RULE-W3-004-073,SRC-W3-004,docs/W3-ai-behavior/03-ai-context-memory-retrieval-standard.md,56,56,merge,TECH-010-AI-MEMORY-CONTEXT-DEFAULTS-S01,,,
RULE-W3-004-074,SRC-W3-004,docs/W3-ai-behavior/03-ai-context-memory-retrieval-standard.md,56,56,merge,TECH-010-AI-MEMORY-CONTEXT-DEFAULTS-S01,,,
RULE-W3-004-075,SRC-W3-004,docs/W3-ai-behavior/03-ai-context-memory-retrieval-standard.md,56,56,rewrite,TECH-010-AI-MEMORY-CONTEXT-DEFAULTS-S02,,,
RULE-W3-004-076,SRC-W3-004,docs/W3-ai-behavior/03-ai-context-memory-retrieval-standard.md,56,56,rewrite,TECH-010-AI-MEMORY-CONTEXT-DEFAULTS-S03,,,
RULE-W3-004-077,SRC-W3-004,docs/W3-ai-behavior/03-ai-context-memory-retrieval-standard.md,57,57,rewrite,TECH-038-AI-RAG-MEMORY-S05,,,
RULE-W3-004-078,SRC-W3-004,docs/W3-ai-behavior/03-ai-context-memory-retrieval-standard.md,57,57,rewrite,TECH-038-AI-RAG-MEMORY-S06,,,
RULE-W3-004-079,SRC-W3-004,docs/W3-ai-behavior/03-ai-context-memory-retrieval-standard.md,57,57,rewrite,TECH-038-AI-RAG-MEMORY-S07,,,
RULE-W3-004-080,SRC-W3-004,docs/W3-ai-behavior/03-ai-context-memory-retrieval-standard.md,58,58,rewrite,TECH-137-AUTH-TENANT-PERMISSION-S04,,,
RULE-W3-004-081,SRC-W3-004,docs/W3-ai-behavior/03-ai-context-memory-retrieval-standard.md,59,59,rewrite,TECH-038-AI-RAG-MEMORY-S08,,,
RULE-W3-004-082,SRC-W3-004,docs/W3-ai-behavior/03-ai-context-memory-retrieval-standard.md,60,60,rewrite,TECH-005-AI-CONTEXT-RAG-S03,,,
RULE-W3-004-083,SRC-W3-004,docs/W3-ai-behavior/03-ai-context-memory-retrieval-standard.md,60,60,rewrite,TECH-005-AI-CONTEXT-RAG-S04,,,
RULE-W3-004-084,SRC-W3-004,docs/W3-ai-behavior/03-ai-context-memory-retrieval-standard.md,60,60,rewrite,TECH-005-AI-CONTEXT-RAG-S05,,,
RULE-W3-004-085,SRC-W3-004,docs/W3-ai-behavior/03-ai-context-memory-retrieval-standard.md,60,60,rewrite,TECH-005-AI-CONTEXT-RAG-S06,,,
RULE-W3-004-086,SRC-W3-004,docs/W3-ai-behavior/03-ai-context-memory-retrieval-standard.md,61,61,rewrite,TECH-038-AI-RAG-MEMORY-S09,,,
RULE-W3-004-087,SRC-W3-004,docs/W3-ai-behavior/03-ai-context-memory-retrieval-standard.md,61,61,rewrite,TECH-038-AI-RAG-MEMORY-S10,,,
RULE-W3-004-088,SRC-W3-004,docs/W3-ai-behavior/03-ai-context-memory-retrieval-standard.md,61,61,rewrite,TECH-038-AI-RAG-MEMORY-S11,,,
RULE-W3-004-089,SRC-W3-004,docs/W3-ai-behavior/03-ai-context-memory-retrieval-standard.md,61,61,rewrite,TECH-038-AI-RAG-MEMORY-S12,,,
RULE-W3-004-090,SRC-W3-004,docs/W3-ai-behavior/03-ai-context-memory-retrieval-standard.md,61,61,rewrite,TECH-038-AI-RAG-MEMORY-S13,,,
RULE-W3-004-091,SRC-W3-004,docs/W3-ai-behavior/03-ai-context-memory-retrieval-standard.md,61,61,rewrite,TECH-038-AI-RAG-MEMORY-S14,,,
RULE-W3-004-092,SRC-W3-004,docs/W3-ai-behavior/03-ai-context-memory-retrieval-standard.md,61,61,rewrite,TECH-038-AI-RAG-MEMORY-S15,,,
RULE-W3-004-093,SRC-W3-004,docs/W3-ai-behavior/03-ai-context-memory-retrieval-standard.md,69,69,rewrite,TECH-260-SECURITY-PRIVACY-S01,,,
RULE-W3-004-094,SRC-W3-004,docs/W3-ai-behavior/03-ai-context-memory-retrieval-standard.md,69,69,rewrite,TECH-137-AUTH-TENANT-PERMISSION-S05,,,
RULE-W3-004-095,SRC-W3-004,docs/W3-ai-behavior/03-ai-context-memory-retrieval-standard.md,69,69,merge,TECH-260-SECURITY-PRIVACY-S01,,,
RULE-W3-004-096,SRC-W3-004,docs/W3-ai-behavior/03-ai-context-memory-retrieval-standard.md,3,3,rewrite,TECH-198-GOVERNANCE-AI-CONTEXT-MEMORY-RETRIEVAL-S02,,,
RULE-W3-005-001,SRC-W3-005,docs/W3-ai-behavior/04-ai-runtime-routing-tools-standard.md,3,3,rewrite,TECH-042-AI-RUNTIME-ROUTING-S01,,,
RULE-W3-005-002,SRC-W3-005,docs/W3-ai-behavior/04-ai-runtime-routing-tools-standard.md,7,7,rewrite,TECH-021-AI-MODEL-ROUTING-S01,,,
RULE-W3-005-003,SRC-W3-005,docs/W3-ai-behavior/04-ai-runtime-routing-tools-standard.md,9,9,rewrite,TECH-234-AI-QUALITY-ROUTING-BOUNDARY,,,
RULE-W3-005-004,SRC-W3-005,docs/W3-ai-behavior/04-ai-runtime-routing-tools-standard.md,17,17,rewrite,TECH-042-AI-RUNTIME-ROUTING-S02,,,
RULE-W3-005-005,SRC-W3-005,docs/W3-ai-behavior/04-ai-runtime-routing-tools-standard.md,17,17,rewrite,VERIFY-AI-EVAL-FIXTURE-W3-005-L017,,,
RULE-W3-005-006,SRC-W3-005,docs/W3-ai-behavior/04-ai-runtime-routing-tools-standard.md,17,17,rewrite,TECH-140-AUTH-TENANT-PERMISSION-S01,,,
RULE-W3-005-007,SRC-W3-005,docs/W3-ai-behavior/04-ai-runtime-routing-tools-standard.md,17,17,rewrite,TECH-021-AI-MODEL-ROUTING-S02,,,
RULE-W3-005-008,SRC-W3-005,docs/W3-ai-behavior/04-ai-runtime-routing-tools-standard.md,17,17,rewrite,TECH-044-AI-RUNTIME-ROUTING-S01,,,
RULE-W3-005-010,SRC-W3-005,docs/W3-ai-behavior/04-ai-runtime-routing-tools-standard.md,30,30,rewrite,VERIFY-AI-EVAL-FIXTURE-W3-005-L030,,,
RULE-W3-005-011,SRC-W3-005,docs/W3-ai-behavior/04-ai-runtime-routing-tools-standard.md,31,31,rewrite,TECH-041-AI-RUNTIME-GOVERNANCE-LINK-S01,,,
RULE-W3-005-012,SRC-W3-005,docs/W3-ai-behavior/04-ai-runtime-routing-tools-standard.md,32,32,rewrite,IMPL-AI-RUNTIME-W4-LANDING,,,
RULE-W3-005-013,SRC-W3-005,docs/W3-ai-behavior/04-ai-runtime-routing-tools-standard.md,33,33,rewrite,TECH-234-PLATFORM-CAPABILITY-SEPARATE-CHANGE,,,
RULE-W3-005-014,SRC-W3-005,docs/W3-ai-behavior/04-ai-runtime-routing-tools-standard.md,41,41,rewrite,TECH-040-AI-ROUTE-POLICY-ARTIFACT-S01,,,
RULE-W3-005-015,SRC-W3-005,docs/W3-ai-behavior/04-ai-runtime-routing-tools-standard.md,42,42,rewrite,TECH-011-AI-MODEL-REGISTRY-S01,,,
RULE-W3-005-016,SRC-W3-005,docs/W3-ai-behavior/04-ai-runtime-routing-tools-standard.md,43,43,rewrite,TECH-045-AI-RUNTIME-ROUTING-S01,,,
RULE-W3-005-017,SRC-W3-005,docs/W3-ai-behavior/04-ai-runtime-routing-tools-standard.md,44,44,rewrite,TECH-138-AUTH-TENANT-PERMISSION-S01,,,
RULE-W3-005-018,SRC-W3-005,docs/W3-ai-behavior/04-ai-runtime-routing-tools-standard.md,45,45,rewrite,VERIFY-AI-EVAL-FIXTURE-W3-005-L045,,,
RULE-W3-005-019,SRC-W3-005,docs/W3-ai-behavior/04-ai-runtime-routing-tools-standard.md,46,46,merge,OPERATION-AI-RUNTIME-001,,,
RULE-W3-005-020,SRC-W3-005,docs/W3-ai-behavior/04-ai-runtime-routing-tools-standard.md,47,47,rewrite,TECH-042-AI-RUNTIME-ROUTING-S03,,,
RULE-W3-005-021,SRC-W3-005,docs/W3-ai-behavior/04-ai-runtime-routing-tools-standard.md,54,54,rewrite,TECH-040-AI-ROUTE-POLICY-ARTIFACT-S02,,,
RULE-W3-005-022,SRC-W3-005,docs/W3-ai-behavior/04-ai-runtime-routing-tools-standard.md,55,55,merge,TECH-040-AI-ROUTE-POLICY-ARTIFACT-S02,,,
RULE-W3-005-023,SRC-W3-005,docs/W3-ai-behavior/04-ai-runtime-routing-tools-standard.md,56,56,merge,TECH-040-AI-ROUTE-POLICY-ARTIFACT-S02,,,
RULE-W3-005-024,SRC-W3-005,docs/W3-ai-behavior/04-ai-runtime-routing-tools-standard.md,57,57,merge,TECH-040-AI-ROUTE-POLICY-ARTIFACT-S02,,,
RULE-W3-005-025,SRC-W3-005,docs/W3-ai-behavior/04-ai-runtime-routing-tools-standard.md,58,58,rewrite,TECH-241-ROUTE-POLICY-RESILIENCE-FIELDS,,,
RULE-W3-005-026,SRC-W3-005,docs/W3-ai-behavior/04-ai-runtime-routing-tools-standard.md,59,59,merge,TECH-241-ROUTE-POLICY-RESILIENCE-FIELDS,,,
RULE-W3-005-027,SRC-W3-005,docs/W3-ai-behavior/04-ai-runtime-routing-tools-standard.md,60,60,merge,TECH-040-AI-ROUTE-POLICY-ARTIFACT-S02,,,
RULE-W3-005-028,SRC-W3-005,docs/W3-ai-behavior/04-ai-runtime-routing-tools-standard.md,61,61,merge,TECH-040-AI-ROUTE-POLICY-ARTIFACT-S02,,,
RULE-W3-005-029,SRC-W3-005,docs/W3-ai-behavior/04-ai-runtime-routing-tools-standard.md,62,62,merge,TECH-040-AI-ROUTE-POLICY-ARTIFACT-S02,,,
RULE-W3-005-030,SRC-W3-005,docs/W3-ai-behavior/04-ai-runtime-routing-tools-standard.md,63,63,merge,OPERATION-OBSERVE-005,,,
RULE-W3-005-031,SRC-W3-005,docs/W3-ai-behavior/04-ai-runtime-routing-tools-standard.md,64,64,merge,TECH-040-AI-ROUTE-POLICY-ARTIFACT-S02,,,
RULE-W3-005-032,SRC-W3-005,docs/W3-ai-behavior/04-ai-runtime-routing-tools-standard.md,65,65,merge,TECH-040-AI-ROUTE-POLICY-ARTIFACT-S02,,,
RULE-W3-005-033,SRC-W3-005,docs/W3-ai-behavior/04-ai-runtime-routing-tools-standard.md,69,69,rewrite,TECH-164-CONFIG-FLAG-RUNTIME-ROUTING-S01,,,
RULE-W3-005-034,SRC-W3-005,docs/W3-ai-behavior/04-ai-runtime-routing-tools-standard.md,69,69,rewrite,TECH-164-CONFIG-FLAG-RUNTIME-ROUTING-S02,,,
RULE-W3-005-035,SRC-W3-005,docs/W3-ai-behavior/04-ai-runtime-routing-tools-standard.md,69,69,rewrite,TECH-164-CONFIG-FLAG-RUNTIME-ROUTING-S03,,,
RULE-W3-005-036,SRC-W3-005,docs/W3-ai-behavior/04-ai-runtime-routing-tools-standard.md,69,69,rewrite,TECH-164-CONFIG-FLAG-RUNTIME-ROUTING-S04,,,
RULE-W3-005-037,SRC-W3-005,docs/W3-ai-behavior/04-ai-runtime-routing-tools-standard.md,69,69,rewrite,TECH-164-CONFIG-FLAG-RUNTIME-ROUTING-S05,,,
RULE-W3-005-038,SRC-W3-005,docs/W3-ai-behavior/04-ai-runtime-routing-tools-standard.md,69,69,rewrite,TECH-164-CONFIG-FLAG-RUNTIME-ROUTING-S06,,,
RULE-W3-005-039,SRC-W3-005,docs/W3-ai-behavior/04-ai-runtime-routing-tools-standard.md,69,69,rewrite,TECH-164-CONFIG-FLAG-RUNTIME-ROUTING-S07,,,
RULE-W3-005-040,SRC-W3-005,docs/W3-ai-behavior/04-ai-runtime-routing-tools-standard.md,69,69,rewrite,TECH-164-CONFIG-FLAG-RUNTIME-ROUTING-S08,,,
RULE-W3-005-041,SRC-W3-005,docs/W3-ai-behavior/04-ai-runtime-routing-tools-standard.md,69,69,rewrite,TECH-164-CONFIG-FLAG-RUNTIME-ROUTING-S09,,,
RULE-W3-005-043,SRC-W3-005,docs/W3-ai-behavior/04-ai-runtime-routing-tools-standard.md,70,70,rewrite,TECH-025-AI-PRODUCTION-ROUTE-RECORD-S01,,,
RULE-W3-005-044,SRC-W3-005,docs/W3-ai-behavior/04-ai-runtime-routing-tools-standard.md,70,70,merge,TECH-025-AI-PRODUCTION-ROUTE-RECORD-S01,,,
RULE-W3-005-045,SRC-W3-005,docs/W3-ai-behavior/04-ai-runtime-routing-tools-standard.md,70,70,rewrite,VERIFY-AI-EVAL-FIXTURE-W3-005-L070,,,
RULE-W3-005-046,SRC-W3-005,docs/W3-ai-behavior/04-ai-runtime-routing-tools-standard.md,70,70,merge,TECH-025-AI-PRODUCTION-ROUTE-RECORD-S01,,,
RULE-W3-005-047,SRC-W3-005,docs/W3-ai-behavior/04-ai-runtime-routing-tools-standard.md,71,71,rewrite,TECH-241-CORE-ROUTE-FALLBACK,,,
RULE-W3-005-048,SRC-W3-005,docs/W3-ai-behavior/04-ai-runtime-routing-tools-standard.md,71,71,rewrite,TECH-164-CONFIG-FLAG-RUNTIME-ROUTING-S10,,,
RULE-W3-005-049,SRC-W3-005,docs/W3-ai-behavior/04-ai-runtime-routing-tools-standard.md,72,72,rewrite,TECH-241-ROUTE-RETRY-POLICY,,,
RULE-W3-005-050,SRC-W3-005,docs/W3-ai-behavior/04-ai-runtime-routing-tools-standard.md,72,72,merge,TECH-241-ROUTE-RETRY-POLICY,,,
RULE-W3-005-051,SRC-W3-005,docs/W3-ai-behavior/04-ai-runtime-routing-tools-standard.md,72,72,merge,TECH-241-ROUTE-RETRY-POLICY,,,
RULE-W3-005-052,SRC-W3-005,docs/W3-ai-behavior/04-ai-runtime-routing-tools-standard.md,72,72,rewrite,TECH-241-SIDE-EFFECT-TOOL-RETRY-DEFAULT,,,
RULE-W3-005-053,SRC-W3-005,docs/W3-ai-behavior/04-ai-runtime-routing-tools-standard.md,73,73,rewrite,TECH-140-AUTH-TENANT-PERMISSION-S02,,,
RULE-W3-005-054,SRC-W3-005,docs/W3-ai-behavior/04-ai-runtime-routing-tools-standard.md,79,79,rewrite,TECH-011-AI-MODEL-REGISTRY-S02,,,
RULE-W3-005-055,SRC-W3-005,docs/W3-ai-behavior/04-ai-runtime-routing-tools-standard.md,80,80,merge,TECH-011-AI-MODEL-REGISTRY-S02,,,
RULE-W3-005-056,SRC-W3-005,docs/W3-ai-behavior/04-ai-runtime-routing-tools-standard.md,81,81,merge,TECH-011-AI-MODEL-REGISTRY-S02,,,
RULE-W3-005-057,SRC-W3-005,docs/W3-ai-behavior/04-ai-runtime-routing-tools-standard.md,82,82,merge,TECH-011-AI-MODEL-REGISTRY-S02,,,
RULE-W3-005-058,SRC-W3-005,docs/W3-ai-behavior/04-ai-runtime-routing-tools-standard.md,83,83,merge,TECH-011-AI-MODEL-REGISTRY-S02,,,
RULE-W3-005-059,SRC-W3-005,docs/W3-ai-behavior/04-ai-runtime-routing-tools-standard.md,84,84,merge,TECH-011-AI-MODEL-REGISTRY-S02,,,
RULE-W3-005-060,SRC-W3-005,docs/W3-ai-behavior/04-ai-runtime-routing-tools-standard.md,85,85,merge,OPERATION-OBSERVE-005,,,
RULE-W3-005-061,SRC-W3-005,docs/W3-ai-behavior/04-ai-runtime-routing-tools-standard.md,86,86,rewrite,VERIFY-EVIDENCE-W3-005-L086,,,
RULE-W3-005-062,SRC-W3-005,docs/W3-ai-behavior/04-ai-runtime-routing-tools-standard.md,87,87,merge,TECH-011-AI-MODEL-REGISTRY-S02,,,
RULE-W3-005-063,SRC-W3-005,docs/W3-ai-behavior/04-ai-runtime-routing-tools-standard.md,88,88,merge,OPERATION-OBSERVE-005,,,
RULE-W3-005-064,SRC-W3-005,docs/W3-ai-behavior/04-ai-runtime-routing-tools-standard.md,89,89,merge,TECH-011-AI-MODEL-REGISTRY-S02,,,
RULE-W3-005-065,SRC-W3-005,docs/W3-ai-behavior/04-ai-runtime-routing-tools-standard.md,90,90,merge,TECH-011-AI-MODEL-REGISTRY-S02,,,
RULE-W3-005-066,SRC-W3-005,docs/W3-ai-behavior/04-ai-runtime-routing-tools-standard.md,92,92,rewrite,TECH-012-AI-MODEL-ROUTE-CONTRACT-S01,,,
RULE-W3-005-067,SRC-W3-005,docs/W3-ai-behavior/04-ai-runtime-routing-tools-standard.md,92,92,merge,TECH-012-AI-MODEL-ROUTE-CONTRACT-S01,,,
RULE-W3-005-068,SRC-W3-005,docs/W3-ai-behavior/04-ai-runtime-routing-tools-standard.md,92,92,merge,TECH-012-AI-MODEL-ROUTE-CONTRACT-S01,,,
RULE-W3-005-069,SRC-W3-005,docs/W3-ai-behavior/04-ai-runtime-routing-tools-standard.md,92,92,rewrite,TECH-241-MODEL-ROUTE-RESILIENCE-FIELDS,,,
RULE-W3-005-070,SRC-W3-005,docs/W3-ai-behavior/04-ai-runtime-routing-tools-standard.md,92,92,merge,TECH-241-MODEL-ROUTE-RESILIENCE-FIELDS,,,
RULE-W3-005-071,SRC-W3-005,docs/W3-ai-behavior/04-ai-runtime-routing-tools-standard.md,92,92,merge,TECH-012-AI-MODEL-ROUTE-CONTRACT-S01,,,
RULE-W3-005-072,SRC-W3-005,docs/W3-ai-behavior/04-ai-runtime-routing-tools-standard.md,92,92,merge,TECH-012-AI-MODEL-ROUTE-CONTRACT-S01,,,
RULE-W3-005-073,SRC-W3-005,docs/W3-ai-behavior/04-ai-runtime-routing-tools-standard.md,92,92,merge,TECH-012-AI-MODEL-ROUTE-CONTRACT-S01,,,
RULE-W3-005-074,SRC-W3-005,docs/W3-ai-behavior/04-ai-runtime-routing-tools-standard.md,92,92,merge,TECH-012-AI-MODEL-ROUTE-CONTRACT-S01,,,
RULE-W3-005-075,SRC-W3-005,docs/W3-ai-behavior/04-ai-runtime-routing-tools-standard.md,92,92,merge,TECH-012-AI-MODEL-ROUTE-CONTRACT-S01,,,
RULE-W3-005-076,SRC-W3-005,docs/W3-ai-behavior/04-ai-runtime-routing-tools-standard.md,92,92,merge,TECH-241-MODEL-ROUTE-RESILIENCE-FIELDS,,,
RULE-W3-005-077,SRC-W3-005,docs/W3-ai-behavior/04-ai-runtime-routing-tools-standard.md,92,92,rewrite,VERIFY-AI-EVAL-FIXTURE-W3-005-L092,,,
RULE-W3-005-078,SRC-W3-005,docs/W3-ai-behavior/04-ai-runtime-routing-tools-standard.md,92,92,merge,TECH-012-AI-MODEL-ROUTE-CONTRACT-S01,,,
RULE-W3-005-079,SRC-W3-005,docs/W3-ai-behavior/04-ai-runtime-routing-tools-standard.md,92,92,merge,TECH-012-AI-MODEL-ROUTE-CONTRACT-S01,,,
RULE-W3-005-080,SRC-W3-005,docs/W3-ai-behavior/04-ai-runtime-routing-tools-standard.md,96,96,rewrite,VERIFY-AI-EVAL-FIXTURE-W3-005-L096,,,
RULE-W3-005-082,SRC-W3-005,docs/W3-ai-behavior/04-ai-runtime-routing-tools-standard.md,97,97,rewrite,TECH-021-AI-MODEL-ROUTING-S03,,,
RULE-W3-005-083,SRC-W3-005,docs/W3-ai-behavior/04-ai-runtime-routing-tools-standard.md,97,97,rewrite,TECH-035-AI-PROVIDER-CALL-TELEMETRY-S01,,,
RULE-W3-005-084,SRC-W3-005,docs/W3-ai-behavior/04-ai-runtime-routing-tools-standard.md,97,97,merge,TECH-035-AI-PROVIDER-CALL-TELEMETRY-S01,,,
RULE-W3-005-085,SRC-W3-005,docs/W3-ai-behavior/04-ai-runtime-routing-tools-standard.md,97,97,merge,TECH-035-AI-PROVIDER-CALL-TELEMETRY-S01,,,
RULE-W3-005-086,SRC-W3-005,docs/W3-ai-behavior/04-ai-runtime-routing-tools-standard.md,97,97,merge,TECH-035-AI-PROVIDER-CALL-TELEMETRY-S01,,,
RULE-W3-005-087,SRC-W3-005,docs/W3-ai-behavior/04-ai-runtime-routing-tools-standard.md,97,97,merge,TECH-035-AI-PROVIDER-CALL-TELEMETRY-S01,,,
RULE-W3-005-088,SRC-W3-005,docs/W3-ai-behavior/04-ai-runtime-routing-tools-standard.md,97,97,merge,TECH-035-AI-PROVIDER-CALL-TELEMETRY-S01,,,
RULE-W3-005-089,SRC-W3-005,docs/W3-ai-behavior/04-ai-runtime-routing-tools-standard.md,97,97,merge,TECH-035-AI-PROVIDER-CALL-TELEMETRY-S01,,,
RULE-W3-005-090,SRC-W3-005,docs/W3-ai-behavior/04-ai-runtime-routing-tools-standard.md,97,97,merge,TECH-035-AI-PROVIDER-CALL-TELEMETRY-S01,,,
RULE-W3-005-091,SRC-W3-005,docs/W3-ai-behavior/04-ai-runtime-routing-tools-standard.md,97,97,merge,TECH-035-AI-PROVIDER-CALL-TELEMETRY-S01,,,
RULE-W3-005-092,SRC-W3-005,docs/W3-ai-behavior/04-ai-runtime-routing-tools-standard.md,98,98,rewrite,TECH-164-CONFIG-FLAG-RUNTIME-ROUTING-S11,,,
RULE-W3-005-093,SRC-W3-005,docs/W3-ai-behavior/04-ai-runtime-routing-tools-standard.md,98,98,rewrite,TECH-164-CONFIG-FLAG-RUNTIME-ROUTING-S12,,,
RULE-W3-005-094,SRC-W3-005,docs/W3-ai-behavior/04-ai-runtime-routing-tools-standard.md,104,104,rewrite,TECH-062-AI-TOOL-REGISTRY-SCHEMA-S01,,,
RULE-W3-005-095,SRC-W3-005,docs/W3-ai-behavior/04-ai-runtime-routing-tools-standard.md,105,105,merge,TECH-062-AI-TOOL-REGISTRY-SCHEMA-S01,,,
RULE-W3-005-096,SRC-W3-005,docs/W3-ai-behavior/04-ai-runtime-routing-tools-standard.md,106,106,merge,TECH-062-AI-TOOL-REGISTRY-SCHEMA-S01,,,
RULE-W3-005-097,SRC-W3-005,docs/W3-ai-behavior/04-ai-runtime-routing-tools-standard.md,107,107,merge,TECH-062-AI-TOOL-REGISTRY-SCHEMA-S01,,,
RULE-W3-005-098,SRC-W3-005,docs/W3-ai-behavior/04-ai-runtime-routing-tools-standard.md,108,108,merge,TECH-062-AI-TOOL-REGISTRY-SCHEMA-S01,,,
RULE-W3-005-099,SRC-W3-005,docs/W3-ai-behavior/04-ai-runtime-routing-tools-standard.md,109,109,merge,TECH-062-AI-TOOL-REGISTRY-SCHEMA-S01,,,
RULE-W3-005-100,SRC-W3-005,docs/W3-ai-behavior/04-ai-runtime-routing-tools-standard.md,110,110,merge,TECH-062-AI-TOOL-REGISTRY-SCHEMA-S01,,,
RULE-W3-005-101,SRC-W3-005,docs/W3-ai-behavior/04-ai-runtime-routing-tools-standard.md,111,111,merge,TECH-062-AI-TOOL-REGISTRY-SCHEMA-S01,,,
RULE-W3-005-102,SRC-W3-005,docs/W3-ai-behavior/04-ai-runtime-routing-tools-standard.md,112,112,merge,TECH-062-AI-TOOL-REGISTRY-SCHEMA-S01,,,
RULE-W3-005-103,SRC-W3-005,docs/W3-ai-behavior/04-ai-runtime-routing-tools-standard.md,113,113,merge,TECH-062-AI-TOOL-REGISTRY-SCHEMA-S01,,,
RULE-W3-005-104,SRC-W3-005,docs/W3-ai-behavior/04-ai-runtime-routing-tools-standard.md,114,114,merge,TECH-062-AI-TOOL-REGISTRY-SCHEMA-S01,,,
RULE-W3-005-105,SRC-W3-005,docs/W3-ai-behavior/04-ai-runtime-routing-tools-standard.md,118,118,rewrite,TECH-064-AI-TOOL-SIDE-EFFECT-TAXONOMY-S01,,,
RULE-W3-005-106,SRC-W3-005,docs/W3-ai-behavior/04-ai-runtime-routing-tools-standard.md,119,119,rewrite,TECH-064-AI-TOOL-SIDE-EFFECT-TAXONOMY-S02,,,
RULE-W3-005-107,SRC-W3-005,docs/W3-ai-behavior/04-ai-runtime-routing-tools-standard.md,120,120,rewrite,TECH-064-AI-TOOL-SIDE-EFFECT-TAXONOMY-S03,,,
RULE-W3-005-108,SRC-W3-005,docs/W3-ai-behavior/04-ai-runtime-routing-tools-standard.md,121,121,rewrite,TECH-064-AI-TOOL-SIDE-EFFECT-TAXONOMY-S04,,,
RULE-W3-005-109,SRC-W3-005,docs/W3-ai-behavior/04-ai-runtime-routing-tools-standard.md,122,122,rewrite,TECH-064-AI-TOOL-SIDE-EFFECT-TAXONOMY-S05,,,
RULE-W3-005-110,SRC-W3-005,docs/W3-ai-behavior/04-ai-runtime-routing-tools-standard.md,123,123,rewrite,TECH-064-AI-TOOL-SIDE-EFFECT-TAXONOMY-S06,,,
RULE-W3-005-111,SRC-W3-005,docs/W3-ai-behavior/04-ai-runtime-routing-tools-standard.md,124,124,rewrite,TECH-064-AI-TOOL-SIDE-EFFECT-TAXONOMY-S07,,,
RULE-W3-005-112,SRC-W3-005,docs/W3-ai-behavior/04-ai-runtime-routing-tools-standard.md,125,125,rewrite,TECH-064-AI-TOOL-SIDE-EFFECT-TAXONOMY-S08,,,
RULE-W3-005-113,SRC-W3-005,docs/W3-ai-behavior/04-ai-runtime-routing-tools-standard.md,129,129,rewrite,TECH-059-AI-TOOL-PERMISSION-S01,,,
RULE-W3-005-114,SRC-W3-005,docs/W3-ai-behavior/04-ai-runtime-routing-tools-standard.md,130,130,rewrite,TECH-059-AI-TOOL-PERMISSION-S02,,,
RULE-W3-005-115,SRC-W3-005,docs/W3-ai-behavior/04-ai-runtime-routing-tools-standard.md,130,130,merge,TECH-059-AI-TOOL-PERMISSION-S02,,,
RULE-W3-005-116,SRC-W3-005,docs/W3-ai-behavior/04-ai-runtime-routing-tools-standard.md,130,130,merge,TECH-059-AI-TOOL-PERMISSION-S02,,,
RULE-W3-005-117,SRC-W3-005,docs/W3-ai-behavior/04-ai-runtime-routing-tools-standard.md,130,130,merge,TECH-059-AI-TOOL-PERMISSION-S02,,,
RULE-W3-005-118,SRC-W3-005,docs/W3-ai-behavior/04-ai-runtime-routing-tools-standard.md,131,131,rewrite,TECH-059-AI-TOOL-PERMISSION-S03,,,
RULE-W3-005-119,SRC-W3-005,docs/W3-ai-behavior/04-ai-runtime-routing-tools-standard.md,131,131,rewrite,TECH-059-AI-TOOL-PERMISSION-S04,,,
RULE-W3-005-120,SRC-W3-005,docs/W3-ai-behavior/04-ai-runtime-routing-tools-standard.md,131,131,rewrite,TECH-158-BILLING-ENTITLEMENT-PRICING-S01,,,
RULE-W3-005-121,SRC-W3-005,docs/W3-ai-behavior/04-ai-runtime-routing-tools-standard.md,131,131,rewrite,TECH-059-AI-TOOL-PERMISSION-S05,,,
RULE-W3-005-122,SRC-W3-005,docs/W3-ai-behavior/04-ai-runtime-routing-tools-standard.md,131,131,rewrite,TECH-059-AI-TOOL-PERMISSION-S06,,,
RULE-W3-005-123,SRC-W3-005,docs/W3-ai-behavior/04-ai-runtime-routing-tools-standard.md,131,131,rewrite,TECH-059-AI-TOOL-PERMISSION-S07,,,
RULE-W3-005-124,SRC-W3-005,docs/W3-ai-behavior/04-ai-runtime-routing-tools-standard.md,132,132,rewrite,TECH-059-AI-TOOL-PERMISSION-S08,,,
RULE-W3-005-125,SRC-W3-005,docs/W3-ai-behavior/04-ai-runtime-routing-tools-standard.md,132,132,merge,TECH-059-AI-TOOL-PERMISSION-S08,,,
RULE-W3-005-126,SRC-W3-005,docs/W3-ai-behavior/04-ai-runtime-routing-tools-standard.md,132,132,rewrite,TECH-140-AUTH-TENANT-PERMISSION-S03,,,
RULE-W3-005-127,SRC-W3-005,docs/W3-ai-behavior/04-ai-runtime-routing-tools-standard.md,132,132,merge,TECH-059-AI-TOOL-PERMISSION-S08,,,
RULE-W3-005-128,SRC-W3-005,docs/W3-ai-behavior/04-ai-runtime-routing-tools-standard.md,138,138,rewrite,TECH-138-AUTH-TENANT-PERMISSION-S02,,,
RULE-W3-005-129,SRC-W3-005,docs/W3-ai-behavior/04-ai-runtime-routing-tools-standard.md,139,139,merge,TECH-138-AUTH-TENANT-PERMISSION-S02,,,
RULE-W3-005-130,SRC-W3-005,docs/W3-ai-behavior/04-ai-runtime-routing-tools-standard.md,140,140,merge,TECH-138-AUTH-TENANT-PERMISSION-S02,,,
RULE-W3-005-131,SRC-W3-005,docs/W3-ai-behavior/04-ai-runtime-routing-tools-standard.md,141,141,merge,TECH-138-AUTH-TENANT-PERMISSION-S02,,,
RULE-W3-005-132,SRC-W3-005,docs/W3-ai-behavior/04-ai-runtime-routing-tools-standard.md,142,142,merge,TECH-138-AUTH-TENANT-PERMISSION-S02,,,
RULE-W3-005-133,SRC-W3-005,docs/W3-ai-behavior/04-ai-runtime-routing-tools-standard.md,143,143,merge,TECH-138-AUTH-TENANT-PERMISSION-S02,,,
RULE-W3-005-134,SRC-W3-005,docs/W3-ai-behavior/04-ai-runtime-routing-tools-standard.md,144,144,merge,TECH-138-AUTH-TENANT-PERMISSION-S02,,,
RULE-W3-005-135,SRC-W3-005,docs/W3-ai-behavior/04-ai-runtime-routing-tools-standard.md,145,145,merge,TECH-138-AUTH-TENANT-PERMISSION-S02,,,
RULE-W3-005-136,SRC-W3-005,docs/W3-ai-behavior/04-ai-runtime-routing-tools-standard.md,146,146,merge,TECH-138-AUTH-TENANT-PERMISSION-S02,,,
RULE-W3-005-137,SRC-W3-005,docs/W3-ai-behavior/04-ai-runtime-routing-tools-standard.md,147,147,merge,TECH-138-AUTH-TENANT-PERMISSION-S02,,,
RULE-W3-005-138,SRC-W3-005,docs/W3-ai-behavior/04-ai-runtime-routing-tools-standard.md,148,148,merge,TECH-138-AUTH-TENANT-PERMISSION-S02,,,
RULE-W3-005-139,SRC-W3-005,docs/W3-ai-behavior/04-ai-runtime-routing-tools-standard.md,152,152,rewrite,TECH-139-AUTH-TENANT-PERMISSION-S01,,,
RULE-W3-005-140,SRC-W3-005,docs/W3-ai-behavior/04-ai-runtime-routing-tools-standard.md,152,152,merge,TECH-139-AUTH-TENANT-PERMISSION-S01,,,
RULE-W3-005-141,SRC-W3-005,docs/W3-ai-behavior/04-ai-runtime-routing-tools-standard.md,152,152,merge,TECH-139-AUTH-TENANT-PERMISSION-S01,,,
RULE-W3-005-142,SRC-W3-005,docs/W3-ai-behavior/04-ai-runtime-routing-tools-standard.md,152,152,merge,TECH-139-AUTH-TENANT-PERMISSION-S01,,,
RULE-W3-005-143,SRC-W3-005,docs/W3-ai-behavior/04-ai-runtime-routing-tools-standard.md,152,152,merge,TECH-139-AUTH-TENANT-PERMISSION-S01,,,
RULE-W3-005-144,SRC-W3-005,docs/W3-ai-behavior/04-ai-runtime-routing-tools-standard.md,152,152,merge,TECH-139-AUTH-TENANT-PERMISSION-S01,,,
RULE-W3-005-145,SRC-W3-005,docs/W3-ai-behavior/04-ai-runtime-routing-tools-standard.md,152,152,merge,TECH-139-AUTH-TENANT-PERMISSION-S01,,,
RULE-W3-005-146,SRC-W3-005,docs/W3-ai-behavior/04-ai-runtime-routing-tools-standard.md,152,152,merge,TECH-139-AUTH-TENANT-PERMISSION-S01,,,
RULE-W3-005-147,SRC-W3-005,docs/W3-ai-behavior/04-ai-runtime-routing-tools-standard.md,152,152,rewrite,TECH-140-AUTH-TENANT-PERMISSION-S04,,,
RULE-W3-005-148,SRC-W3-005,docs/W3-ai-behavior/04-ai-runtime-routing-tools-standard.md,152,152,merge,TECH-140-AUTH-TENANT-PERMISSION-S04,,,
RULE-W3-005-149,SRC-W3-005,docs/W3-ai-behavior/04-ai-runtime-routing-tools-standard.md,153,153,rewrite,TECH-140-AUTH-TENANT-PERMISSION-S05,,,
RULE-W3-005-150,SRC-W3-005,docs/W3-ai-behavior/04-ai-runtime-routing-tools-standard.md,153,153,rewrite,TECH-140-AUTH-TENANT-PERMISSION-S06,,,
RULE-W3-005-151,SRC-W3-005,docs/W3-ai-behavior/04-ai-runtime-routing-tools-standard.md,154,154,rewrite,TECH-021-AI-MODEL-ROUTING-S04,,,
RULE-W3-005-152,SRC-W3-005,docs/W3-ai-behavior/04-ai-runtime-routing-tools-standard.md,154,154,rewrite,TECH-261-SECURITY-PRIVACY-S01,,,
RULE-W3-005-153,SRC-W3-005,docs/W3-ai-behavior/04-ai-runtime-routing-tools-standard.md,154,154,merge,TECH-261-SECURITY-PRIVACY-S01,,,
RULE-W3-005-154,SRC-W3-005,docs/W3-ai-behavior/04-ai-runtime-routing-tools-standard.md,154,154,merge,TECH-261-SECURITY-PRIVACY-S01,,,
RULE-W3-005-155,SRC-W3-005,docs/W3-ai-behavior/04-ai-runtime-routing-tools-standard.md,155,155,rewrite,TECH-059-AI-TOOL-PERMISSION-S09,,,
RULE-W3-005-156,SRC-W3-005,docs/W3-ai-behavior/04-ai-runtime-routing-tools-standard.md,161,161,rewrite,VERIFY-AI-EVAL-FIXTURE-W3-005-L161,,,
RULE-W3-005-157,SRC-W3-005,docs/W3-ai-behavior/04-ai-runtime-routing-tools-standard.md,162,162,rewrite,VERIFY-AI-EVAL-FIXTURE-W3-005-L162,,,
RULE-W3-005-158,SRC-W3-005,docs/W3-ai-behavior/04-ai-runtime-routing-tools-standard.md,163,163,rewrite,VERIFY-AI-EVAL-FIXTURE-W3-005-L163,,,
RULE-W3-005-159,SRC-W3-005,docs/W3-ai-behavior/04-ai-runtime-routing-tools-standard.md,164,164,rewrite,VERIFY-AI-EVAL-FIXTURE-W3-005-L164,,,
RULE-W3-005-160,SRC-W3-005,docs/W3-ai-behavior/04-ai-runtime-routing-tools-standard.md,165,165,rewrite,VERIFY-AI-EVAL-FIXTURE-W3-005-L165,,,
RULE-W3-005-161,SRC-W3-005,docs/W3-ai-behavior/04-ai-runtime-routing-tools-standard.md,166,166,rewrite,VERIFY-AI-EVAL-FIXTURE-W3-005-L166,,,
RULE-W3-005-162,SRC-W3-005,docs/W3-ai-behavior/04-ai-runtime-routing-tools-standard.md,167,167,rewrite,VERIFY-AI-EVAL-FIXTURE-W3-005-L167,,,
RULE-W3-005-163,SRC-W3-005,docs/W3-ai-behavior/04-ai-runtime-routing-tools-standard.md,168,168,rewrite,VERIFY-AI-EVAL-FIXTURE-W3-005-L168,,,
RULE-W3-005-164,SRC-W3-005,docs/W3-ai-behavior/04-ai-runtime-routing-tools-standard.md,169,169,rewrite,VERIFY-AI-EVAL-FIXTURE-W3-005-L169,,,
RULE-W3-005-165,SRC-W3-005,docs/W3-ai-behavior/04-ai-runtime-routing-tools-standard.md,170,170,rewrite,VERIFY-AI-EVAL-FIXTURE-W3-005-L170,,,
RULE-W3-005-166,SRC-W3-005,docs/W3-ai-behavior/04-ai-runtime-routing-tools-standard.md,171,171,rewrite,VERIFY-AI-EVAL-FIXTURE-W3-005-L171,,,
RULE-W3-005-167,SRC-W3-005,docs/W3-ai-behavior/04-ai-runtime-routing-tools-standard.md,172,172,rewrite,VERIFY-AI-EVAL-FIXTURE-W3-005-L172,,,
RULE-W3-005-168,SRC-W3-005,docs/W3-ai-behavior/04-ai-runtime-routing-tools-standard.md,173,173,rewrite,VERIFY-AI-EVAL-FIXTURE-W3-005-L173,,,
RULE-W3-005-169,SRC-W3-005,docs/W3-ai-behavior/04-ai-runtime-routing-tools-standard.md,174,174,rewrite,VERIFY-AI-EVAL-FIXTURE-W3-005-L174,,,
RULE-W3-005-170,SRC-W3-005,docs/W3-ai-behavior/04-ai-runtime-routing-tools-standard.md,175,175,rewrite,VERIFY-AI-EVAL-FIXTURE-W3-005-L175,,,
RULE-W3-005-171,SRC-W3-005,docs/W3-ai-behavior/04-ai-runtime-routing-tools-standard.md,179,179,merge,VERIFY-AI-EVAL-FIXTURE-W3-005-L179,,,
RULE-W3-005-172,SRC-W3-005,docs/W3-ai-behavior/04-ai-runtime-routing-tools-standard.md,179,179,merge,VERIFY-AI-EVAL-FIXTURE-W3-005-L179,,,
RULE-W3-005-173,SRC-W3-005,docs/W3-ai-behavior/04-ai-runtime-routing-tools-standard.md,179,179,merge,VERIFY-AI-EVAL-FIXTURE-W3-005-L179,,,
RULE-W3-005-174,SRC-W3-005,docs/W3-ai-behavior/04-ai-runtime-routing-tools-standard.md,179,179,merge,VERIFY-AI-EVAL-FIXTURE-W3-005-L179,,,
RULE-W3-005-175,SRC-W3-005,docs/W3-ai-behavior/04-ai-runtime-routing-tools-standard.md,179,179,merge,VERIFY-AI-EVAL-FIXTURE-W3-005-L179,,,
RULE-W3-005-176,SRC-W3-005,docs/W3-ai-behavior/04-ai-runtime-routing-tools-standard.md,179,179,merge,VERIFY-AI-EVAL-FIXTURE-W3-005-L179,,,
RULE-W3-005-177,SRC-W3-005,docs/W3-ai-behavior/04-ai-runtime-routing-tools-standard.md,179,179,merge,VERIFY-AI-EVAL-FIXTURE-W3-005-L179,,,
RULE-W3-005-178,SRC-W3-005,docs/W3-ai-behavior/04-ai-runtime-routing-tools-standard.md,179,179,merge,VERIFY-AI-EVAL-FIXTURE-W3-005-L179,,,
RULE-W3-005-179,SRC-W3-005,docs/W3-ai-behavior/04-ai-runtime-routing-tools-standard.md,180,180,merge,VERIFY-AI-MODEL-ROUTING-FP-W3-005-L180,,,
RULE-W3-005-180,SRC-W3-005,docs/W3-ai-behavior/04-ai-runtime-routing-tools-standard.md,180,180,merge,VERIFY-AI-MODEL-ROUTING-FP-W3-005-L180,,,
RULE-W3-005-181,SRC-W3-005,docs/W3-ai-behavior/04-ai-runtime-routing-tools-standard.md,180,180,merge,VERIFY-AI-MODEL-ROUTING-FP-W3-005-L180,,,
RULE-W3-005-182,SRC-W3-005,docs/W3-ai-behavior/04-ai-runtime-routing-tools-standard.md,180,180,merge,VERIFY-AI-MODEL-ROUTING-FP-W3-005-L180,,,
RULE-W3-005-183,SRC-W3-005,docs/W3-ai-behavior/04-ai-runtime-routing-tools-standard.md,180,180,merge,VERIFY-AI-MODEL-ROUTING-FP-W3-005-L180,,,
RULE-W3-005-184,SRC-W3-005,docs/W3-ai-behavior/04-ai-runtime-routing-tools-standard.md,180,180,merge,VERIFY-AI-MODEL-ROUTING-FP-W3-005-L180,,,
RULE-W3-005-185,SRC-W3-005,docs/W3-ai-behavior/04-ai-runtime-routing-tools-standard.md,180,180,merge,VERIFY-AI-MODEL-ROUTING-FP-W3-005-L180,,,
RULE-W3-005-186,SRC-W3-005,docs/W3-ai-behavior/04-ai-runtime-routing-tools-standard.md,180,180,merge,VERIFY-AI-MODEL-ROUTING-FP-W3-005-L180,,,
RULE-W3-005-187,SRC-W3-005,docs/W3-ai-behavior/04-ai-runtime-routing-tools-standard.md,180,180,rewrite,VERIFY-RETRY-FALLBACK-RESILIENCE-FP-W3-005-L180,,,
RULE-W3-005-188,SRC-W3-005,docs/W3-ai-behavior/04-ai-runtime-routing-tools-standard.md,181,181,merge,VERIFY-EVIDENCE-W3-005-L181,,,
RULE-W3-005-189,SRC-W3-005,docs/W3-ai-behavior/04-ai-runtime-routing-tools-standard.md,181,181,merge,VERIFY-EVIDENCE-W3-005-L181,,,
RULE-W3-005-190,SRC-W3-005,docs/W3-ai-behavior/04-ai-runtime-routing-tools-standard.md,181,181,merge,VERIFY-EVIDENCE-W3-005-L181,,,
RULE-W3-005-191,SRC-W3-005,docs/W3-ai-behavior/04-ai-runtime-routing-tools-standard.md,181,181,merge,VERIFY-EVIDENCE-W3-005-L181,,,
RULE-W3-005-193,SRC-W3-005,docs/W3-ai-behavior/04-ai-runtime-routing-tools-standard.md,181,181,merge,VERIFY-EVIDENCE-W3-005-L181,,,
RULE-W3-005-194,SRC-W3-005,docs/W3-ai-behavior/04-ai-runtime-routing-tools-standard.md,181,181,merge,VERIFY-EVIDENCE-W3-005-L181,,,
RULE-W3-005-195,SRC-W3-005,docs/W3-ai-behavior/04-ai-runtime-routing-tools-standard.md,181,181,merge,VERIFY-EVIDENCE-W3-005-L181,,,
RULE-W3-005-196,SRC-W3-005,docs/W3-ai-behavior/04-ai-runtime-routing-tools-standard.md,181,181,merge,VERIFY-EVIDENCE-W3-005-L181,,,
RULE-W3-005-197,SRC-W3-005,docs/W3-ai-behavior/04-ai-runtime-routing-tools-standard.md,182,182,merge,RELEASE-ROLLOUT-002,,,
RULE-W3-005-198,SRC-W3-005,docs/W3-ai-behavior/04-ai-runtime-routing-tools-standard.md,182,182,merge,RELEASE-ROLLOUT-002,,,
RULE-W3-005-199,SRC-W3-005,docs/W3-ai-behavior/04-ai-runtime-routing-tools-standard.md,182,182,merge,RELEASE-ROLLOUT-002,,,
RULE-W3-005-200,SRC-W3-005,docs/W3-ai-behavior/04-ai-runtime-routing-tools-standard.md,182,182,merge,RELEASE-ROLLOUT-002,,,
RULE-W3-005-201,SRC-W3-005,docs/W3-ai-behavior/04-ai-runtime-routing-tools-standard.md,182,182,merge,RELEASE-ROLLOUT-002,,,
RULE-W3-005-202,SRC-W3-005,docs/W3-ai-behavior/04-ai-runtime-routing-tools-standard.md,188,188,merge,OPERATION-AI-RUNTIME-001,,,
RULE-W3-005-203,SRC-W3-005,docs/W3-ai-behavior/04-ai-runtime-routing-tools-standard.md,189,189,rewrite,VERIFY-RETRY-FALLBACK-RESILIENCE-FP-W3-005-L189,,,
RULE-W3-005-204,SRC-W3-005,docs/W3-ai-behavior/04-ai-runtime-routing-tools-standard.md,190,190,merge,OPERATION-AI-RUNTIME-001,,,
RULE-W3-005-205,SRC-W3-005,docs/W3-ai-behavior/04-ai-runtime-routing-tools-standard.md,191,191,merge,OPERATION-AI-RUNTIME-001,,,
RULE-W3-005-206,SRC-W3-005,docs/W3-ai-behavior/04-ai-runtime-routing-tools-standard.md,192,192,merge,OPERATION-AI-RUNTIME-001,,,
RULE-W3-005-207,SRC-W3-005,docs/W3-ai-behavior/04-ai-runtime-routing-tools-standard.md,193,193,merge,OPERATION-AI-RUNTIME-001,,,
RULE-W3-005-208,SRC-W3-005,docs/W3-ai-behavior/04-ai-runtime-routing-tools-standard.md,194,194,merge,OPERATION-AI-RUNTIME-001,,,
RULE-W3-005-209,SRC-W3-005,docs/W3-ai-behavior/04-ai-runtime-routing-tools-standard.md,195,195,merge,OPERATION-AI-RUNTIME-001,,,
RULE-W3-005-210,SRC-W3-005,docs/W3-ai-behavior/04-ai-runtime-routing-tools-standard.md,196,196,merge,OPERATION-AI-RUNTIME-001,,,
RULE-W3-005-211,SRC-W3-005,docs/W3-ai-behavior/04-ai-runtime-routing-tools-standard.md,197,197,rewrite,OPERATION-INCIDENT-005,,,
RULE-W3-005-212,SRC-W3-005,docs/W3-ai-behavior/04-ai-runtime-routing-tools-standard.md,198,198,merge,OPERATION-AI-RUNTIME-001,,,
RULE-W3-005-213,SRC-W3-005,docs/W3-ai-behavior/04-ai-runtime-routing-tools-standard.md,202,202,merge,OPERATION-AI-RUNTIME-002,,,
RULE-W3-005-214,SRC-W3-005,docs/W3-ai-behavior/04-ai-runtime-routing-tools-standard.md,202,202,merge,OPERATION-AI-RUNTIME-002,,,
RULE-W3-005-215,SRC-W3-005,docs/W3-ai-behavior/04-ai-runtime-routing-tools-standard.md,202,202,merge,OPERATION-AI-RUNTIME-002,,,
RULE-W3-005-216,SRC-W3-005,docs/W3-ai-behavior/04-ai-runtime-routing-tools-standard.md,202,202,merge,OPERATION-AI-RUNTIME-002,,,
RULE-W3-005-217,SRC-W3-005,docs/W3-ai-behavior/04-ai-runtime-routing-tools-standard.md,202,202,merge,OPERATION-AI-RUNTIME-002,,,
RULE-W3-005-218,SRC-W3-005,docs/W3-ai-behavior/04-ai-runtime-routing-tools-standard.md,202,202,merge,OPERATION-AI-RUNTIME-002,,,
RULE-W3-005-219,SRC-W3-005,docs/W3-ai-behavior/04-ai-runtime-routing-tools-standard.md,202,202,merge,OPERATION-AI-RUNTIME-002,,,
RULE-W3-005-220,SRC-W3-005,docs/W3-ai-behavior/04-ai-runtime-routing-tools-standard.md,202,202,merge,OPERATION-AI-RUNTIME-002,,,
RULE-W3-005-221,SRC-W3-005,docs/W3-ai-behavior/04-ai-runtime-routing-tools-standard.md,202,202,merge,OPERATION-OBSERVE-005,,,
RULE-W3-005-222,SRC-W3-005,docs/W3-ai-behavior/04-ai-runtime-routing-tools-standard.md,202,202,merge,OPERATION-AI-RUNTIME-002,,,
RULE-W3-005-223,SRC-W3-005,docs/W3-ai-behavior/04-ai-runtime-routing-tools-standard.md,203,203,merge,OPERATION-AI-RUNTIME-003,,,
RULE-W3-005-224,SRC-W3-005,docs/W3-ai-behavior/04-ai-runtime-routing-tools-standard.md,203,203,merge,OPERATION-AI-RUNTIME-003,,,
RULE-W3-005-225,SRC-W3-005,docs/W3-ai-behavior/04-ai-runtime-routing-tools-standard.md,203,203,merge,OPERATION-AI-RUNTIME-003,,,
RULE-W3-005-226,SRC-W3-005,docs/W3-ai-behavior/04-ai-runtime-routing-tools-standard.md,203,203,merge,OPERATION-AI-RUNTIME-003,,,
RULE-W3-005-227,SRC-W3-005,docs/W3-ai-behavior/04-ai-runtime-routing-tools-standard.md,203,203,merge,OPERATION-AI-RUNTIME-003,,,
RULE-W3-005-228,SRC-W3-005,docs/W3-ai-behavior/04-ai-runtime-routing-tools-standard.md,203,203,merge,OPERATION-AI-RUNTIME-003,,,
RULE-W3-005-229,SRC-W3-005,docs/W3-ai-behavior/04-ai-runtime-routing-tools-standard.md,203,203,rewrite,VERIFY-EVIDENCE-W3-005-L203,,,
RULE-W3-005-230,SRC-W3-005,docs/W3-ai-behavior/04-ai-runtime-routing-tools-standard.md,203,203,merge,OPERATION-AI-RUNTIME-003,,,
RULE-W3-005-231,SRC-W3-005,docs/W3-ai-behavior/04-ai-runtime-routing-tools-standard.md,204,204,rewrite,OPERATION-AI-RUNTIME-004,,,
RULE-W3-005-232,SRC-W3-005,docs/W3-ai-behavior/04-ai-runtime-routing-tools-standard.md,205,205,merge,OPERATION-AI-RUNTIME-003,,,
RULE-W3-005-234,SRC-W3-005,docs/W3-ai-behavior/04-ai-runtime-routing-tools-standard.md,205,205,merge,OPERATION-AI-RUNTIME-003,,,
RULE-W3-005-235,SRC-W3-005,docs/W3-ai-behavior/04-ai-runtime-routing-tools-standard.md,209,209,rewrite,IMPL-AI-RUNTIME-EXPLICIT-USECASE,,,
RULE-W3-005-236,SRC-W3-005,docs/W3-ai-behavior/04-ai-runtime-routing-tools-standard.md,209,209,merge,IMPL-AI-RUNTIME-INPUT-SCHEMA,,,
RULE-W3-005-237,SRC-W3-005,docs/W3-ai-behavior/04-ai-runtime-routing-tools-standard.md,209,209,merge,IMPL-AI-RUNTIME-INPUT-SCHEMA,,,
RULE-W3-005-238,SRC-W3-005,docs/W3-ai-behavior/04-ai-runtime-routing-tools-standard.md,209,209,merge,IMPL-AI-RUNTIME-INPUT-SCHEMA,,,
RULE-W3-005-239,SRC-W3-005,docs/W3-ai-behavior/04-ai-runtime-routing-tools-standard.md,209,209,merge,IMPL-AI-RUNTIME-INPUT-SCHEMA,,,
RULE-W3-005-240,SRC-W3-005,docs/W3-ai-behavior/04-ai-runtime-routing-tools-standard.md,209,209,merge,IMPL-AI-RUNTIME-INPUT-SCHEMA,,,
RULE-W3-005-241,SRC-W3-005,docs/W3-ai-behavior/04-ai-runtime-routing-tools-standard.md,209,209,merge,IMPL-AI-RUNTIME-INPUT-SCHEMA,,,
RULE-W3-005-242,SRC-W3-005,docs/W3-ai-behavior/04-ai-runtime-routing-tools-standard.md,209,209,merge,IMPL-AI-RUNTIME-INPUT-SCHEMA,,,
RULE-W3-005-243,SRC-W3-005,docs/W3-ai-behavior/04-ai-runtime-routing-tools-standard.md,209,209,merge,IMPL-AI-RUNTIME-INPUT-SCHEMA,,,
RULE-W3-005-244,SRC-W3-005,docs/W3-ai-behavior/04-ai-runtime-routing-tools-standard.md,209,209,merge,IMPL-AI-RUNTIME-INPUT-SCHEMA,,,
RULE-W3-005-245,SRC-W3-005,docs/W3-ai-behavior/04-ai-runtime-routing-tools-standard.md,209,209,merge,IMPL-AI-RUNTIME-OUTPUT-SCHEMA,,,
RULE-W3-005-246,SRC-W3-005,docs/W3-ai-behavior/04-ai-runtime-routing-tools-standard.md,209,209,merge,IMPL-AI-RUNTIME-OUTPUT-SCHEMA,,,
RULE-W3-005-247,SRC-W3-005,docs/W3-ai-behavior/04-ai-runtime-routing-tools-standard.md,209,209,merge,IMPL-AI-RUNTIME-OUTPUT-SCHEMA,,,
RULE-W3-005-248,SRC-W3-005,docs/W3-ai-behavior/04-ai-runtime-routing-tools-standard.md,210,210,merge,IMPL-AI-RUNTIME-NO-SCATTERED-HARDCODE,,,
RULE-W3-005-249,SRC-W3-005,docs/W3-ai-behavior/04-ai-runtime-routing-tools-standard.md,210,210,merge,IMPL-AI-RUNTIME-NO-SCATTERED-HARDCODE,,,
RULE-W3-005-250,SRC-W3-005,docs/W3-ai-behavior/04-ai-runtime-routing-tools-standard.md,210,210,rewrite,TECH-241-CENTRALIZED-RUNTIME-TIMEOUT,,,
RULE-W3-005-251,SRC-W3-005,docs/W3-ai-behavior/04-ai-runtime-routing-tools-standard.md,210,210,merge,IMPL-AI-RUNTIME-NO-SCATTERED-HARDCODE,,,
RULE-W3-005-252,SRC-W3-005,docs/W3-ai-behavior/04-ai-runtime-routing-tools-standard.md,210,210,merge,IMPL-AI-RUNTIME-NO-SCATTERED-HARDCODE,,,
RULE-W3-005-253,SRC-W3-005,docs/W3-ai-behavior/04-ai-runtime-routing-tools-standard.md,210,210,merge,IMPL-AI-RUNTIME-NO-SCATTERED-HARDCODE,,,
RULE-W3-005-254,SRC-W3-005,docs/W3-ai-behavior/04-ai-runtime-routing-tools-standard.md,210,210,merge,IMPL-AI-RUNTIME-NO-SCATTERED-HARDCODE,,,
RULE-W3-005-255,SRC-W3-005,docs/W3-ai-behavior/04-ai-runtime-routing-tools-standard.md,210,210,merge,IMPL-AI-RUNTIME-NO-SCATTERED-HARDCODE,,,
RULE-W3-005-256,SRC-W3-005,docs/W3-ai-behavior/04-ai-runtime-routing-tools-standard.md,211,211,rewrite,IMPL-AI-ADAPTER-STABLE-INTERFACE,,,
RULE-W3-005-257,SRC-W3-005,docs/W3-ai-behavior/04-ai-runtime-routing-tools-standard.md,211,211,merge,IMPL-AI-ADAPTER-NO-LEAKAGE,,,
RULE-W3-005-258,SRC-W3-005,docs/W3-ai-behavior/04-ai-runtime-routing-tools-standard.md,211,211,merge,IMPL-AI-ADAPTER-NO-LEAKAGE,,,
RULE-W3-005-259,SRC-W3-005,docs/W3-ai-behavior/04-ai-runtime-routing-tools-standard.md,211,211,merge,IMPL-AI-ADAPTER-NO-LEAKAGE,,,
RULE-W3-005-260,SRC-W3-005,docs/W3-ai-behavior/04-ai-runtime-routing-tools-standard.md,212,212,rewrite,TECH-087-API-CONTRACT-ERROR-MODEL-S01,,,
RULE-W3-005-261,SRC-W3-005,docs/W3-ai-behavior/04-ai-runtime-routing-tools-standard.md,212,212,merge,TECH-087-API-CONTRACT-ERROR-MODEL-S01,,,
RULE-W3-005-262,SRC-W3-005,docs/W3-ai-behavior/04-ai-runtime-routing-tools-standard.md,212,212,merge,TECH-087-API-CONTRACT-ERROR-MODEL-S01,,,
RULE-W3-005-263,SRC-W3-005,docs/W3-ai-behavior/04-ai-runtime-routing-tools-standard.md,212,212,merge,TECH-087-API-CONTRACT-ERROR-MODEL-S01,,,
RULE-W3-005-264,SRC-W3-005,docs/W3-ai-behavior/04-ai-runtime-routing-tools-standard.md,212,212,merge,TECH-087-API-CONTRACT-ERROR-MODEL-S01,,,
RULE-W3-005-265,SRC-W3-005,docs/W3-ai-behavior/04-ai-runtime-routing-tools-standard.md,212,212,merge,TECH-087-API-CONTRACT-ERROR-MODEL-S01,,,
RULE-W3-005-266,SRC-W3-005,docs/W3-ai-behavior/04-ai-runtime-routing-tools-standard.md,212,212,merge,TECH-087-API-CONTRACT-ERROR-MODEL-S01,,,
RULE-W3-005-267,SRC-W3-005,docs/W3-ai-behavior/04-ai-runtime-routing-tools-standard.md,212,212,merge,TECH-087-API-CONTRACT-ERROR-MODEL-S01,,,
RULE-W3-005-268,SRC-W3-005,docs/W3-ai-behavior/04-ai-runtime-routing-tools-standard.md,212,212,merge,TECH-087-API-CONTRACT-ERROR-MODEL-S01,,,
RULE-W3-005-269,SRC-W3-005,docs/W3-ai-behavior/04-ai-runtime-routing-tools-standard.md,213,213,rewrite,TECH-241-AUTOMATIC-RETRY-ELIGIBILITY,,,
RULE-W3-005-270,SRC-W3-005,docs/W3-ai-behavior/04-ai-runtime-routing-tools-standard.md,213,213,merge,TECH-241-AUTOMATIC-RETRY-ELIGIBILITY,,,
RULE-W3-005-271,SRC-W3-005,docs/W3-ai-behavior/04-ai-runtime-routing-tools-standard.md,213,213,merge,TECH-241-AUTOMATIC-RETRY-ELIGIBILITY,,,
RULE-W3-005-272,SRC-W3-005,docs/W3-ai-behavior/04-ai-runtime-routing-tools-standard.md,213,213,rewrite,TECH-241-NO-BLIND-SIDE-EFFECT-RETRY,,,
RULE-W3-005-273,SRC-W3-005,docs/W3-ai-behavior/04-ai-runtime-routing-tools-standard.md,213,213,merge,TECH-241-NO-BLIND-SIDE-EFFECT-RETRY,,,
RULE-W3-005-274,SRC-W3-005,docs/W3-ai-behavior/04-ai-runtime-routing-tools-standard.md,213,213,merge,TECH-241-NO-BLIND-SIDE-EFFECT-RETRY,,,
RULE-W3-005-275,SRC-W3-005,docs/W3-ai-behavior/04-ai-runtime-routing-tools-standard.md,213,213,merge,TECH-241-NO-BLIND-SIDE-EFFECT-RETRY,,,
RULE-W3-005-276,SRC-W3-005,docs/W3-ai-behavior/04-ai-runtime-routing-tools-standard.md,213,213,rewrite,TECH-140-AUTH-TENANT-PERMISSION-S07,,,
RULE-W3-005-277,SRC-W3-005,docs/W3-ai-behavior/04-ai-runtime-routing-tools-standard.md,217,217,merge,EXPERIENCE-AI-DEGRADATION,,,
RULE-W3-005-282,SRC-W3-005,docs/W3-ai-behavior/04-ai-runtime-routing-tools-standard.md,218,218,merge,EXPERIENCE-AI-MODE-SELECTION,,,
RULE-W3-005-283,SRC-W3-005,docs/W3-ai-behavior/04-ai-runtime-routing-tools-standard.md,218,218,merge,EXPERIENCE-AI-MODE-SELECTION,,,
RULE-W3-005-284,SRC-W3-005,docs/W3-ai-behavior/04-ai-runtime-routing-tools-standard.md,219,219,merge,EXPERIENCE-AI-TOOL-AUTHORIZATION,,,
RULE-W3-005-285,SRC-W3-005,docs/W3-ai-behavior/04-ai-runtime-routing-tools-standard.md,219,219,merge,EXPERIENCE-AI-TOOL-AUTHORIZATION,,,
RULE-W3-005-286,SRC-W3-005,docs/W3-ai-behavior/04-ai-runtime-routing-tools-standard.md,219,219,merge,EXPERIENCE-AI-TOOL-AUTHORIZATION,,,
RULE-W3-005-287,SRC-W3-005,docs/W3-ai-behavior/04-ai-runtime-routing-tools-standard.md,219,219,merge,EXPERIENCE-AI-TOOL-AUTHORIZATION,,,
RULE-W3-005-288,SRC-W3-005,docs/W3-ai-behavior/04-ai-runtime-routing-tools-standard.md,219,219,merge,EXPERIENCE-AI-TOOL-AUTHORIZATION,,,
RULE-W3-005-289,SRC-W3-005,docs/W3-ai-behavior/04-ai-runtime-routing-tools-standard.md,219,219,merge,EXPERIENCE-AI-TOOL-AUTHORIZATION,,,
RULE-W3-005-290,SRC-W3-005,docs/W3-ai-behavior/04-ai-runtime-routing-tools-standard.md,219,219,merge,EXPERIENCE-AI-TOOL-AUTHORIZATION,,,
RULE-W3-005-291,SRC-W3-005,docs/W3-ai-behavior/04-ai-runtime-routing-tools-standard.md,219,219,merge,EXPERIENCE-AI-TOOL-AUTHORIZATION,,,
RULE-W3-005-292,SRC-W3-005,docs/W3-ai-behavior/04-ai-runtime-routing-tools-standard.md,220,220,merge,EXPERIENCE-HIGH-RISK-CONFIRMATION,,,
RULE-W3-005-293,SRC-W3-005,docs/W3-ai-behavior/04-ai-runtime-routing-tools-standard.md,220,220,merge,EXPERIENCE-HIGH-RISK-CONFIRMATION,,,
RULE-W3-005-294,SRC-W3-005,docs/W3-ai-behavior/04-ai-runtime-routing-tools-standard.md,220,220,merge,EXPERIENCE-HIGH-RISK-CONFIRMATION,,,
RULE-W3-005-295,SRC-W3-005,docs/W3-ai-behavior/04-ai-runtime-routing-tools-standard.md,220,220,merge,EXPERIENCE-HIGH-RISK-CONFIRMATION,,,
RULE-W3-005-296,SRC-W3-005,docs/W3-ai-behavior/04-ai-runtime-routing-tools-standard.md,220,220,merge,EXPERIENCE-HIGH-RISK-CONFIRMATION,,,
RULE-W3-005-297,SRC-W3-005,docs/W3-ai-behavior/04-ai-runtime-routing-tools-standard.md,220,220,merge,EXPERIENCE-HIGH-RISK-CONFIRMATION,,,
RULE-W3-005-298,SRC-W3-005,docs/W3-ai-behavior/04-ai-runtime-routing-tools-standard.md,220,220,merge,EXPERIENCE-HIGH-RISK-CONFIRMATION,,,
RULE-W3-005-299,SRC-W3-005,docs/W3-ai-behavior/04-ai-runtime-routing-tools-standard.md,221,221,merge,EXPERIENCE-AI-RUNTIME-STATUS,,,
RULE-W3-005-300,SRC-W3-005,docs/W3-ai-behavior/04-ai-runtime-routing-tools-standard.md,221,221,merge,EXPERIENCE-AI-RUNTIME-STATUS,,,
RULE-W3-005-301,SRC-W3-005,docs/W3-ai-behavior/04-ai-runtime-routing-tools-standard.md,221,221,merge,EXPERIENCE-AI-RUNTIME-STATUS,,,
RULE-W3-005-302,SRC-W3-005,docs/W3-ai-behavior/04-ai-runtime-routing-tools-standard.md,221,221,merge,EXPERIENCE-AI-RUNTIME-STATUS,,,
RULE-W3-005-303,SRC-W3-005,docs/W3-ai-behavior/04-ai-runtime-routing-tools-standard.md,221,221,merge,EXPERIENCE-AI-RUNTIME-STATUS,,,
RULE-W3-005-304,SRC-W3-005,docs/W3-ai-behavior/04-ai-runtime-routing-tools-standard.md,221,221,merge,EXPERIENCE-AI-RUNTIME-STATUS,,,
RULE-W3-005-305,SRC-W3-005,docs/W3-ai-behavior/04-ai-runtime-routing-tools-standard.md,221,221,merge,EXPERIENCE-AI-RUNTIME-STATUS,,,
RULE-W3-005-306,SRC-W3-005,docs/W3-ai-behavior/04-ai-runtime-routing-tools-standard.md,225,225,rewrite,TECH-033-AI-PROMPT-RUNTIME-CONTRACT-S01,,,
RULE-W3-005-307,SRC-W3-005,docs/W3-ai-behavior/04-ai-runtime-routing-tools-standard.md,225,225,merge,TECH-033-AI-PROMPT-RUNTIME-CONTRACT-S01,,,
RULE-W3-005-308,SRC-W3-005,docs/W3-ai-behavior/04-ai-runtime-routing-tools-standard.md,225,225,merge,TECH-033-AI-PROMPT-RUNTIME-CONTRACT-S01,,,
RULE-W3-005-309,SRC-W3-005,docs/W3-ai-behavior/04-ai-runtime-routing-tools-standard.md,225,225,rewrite,TECH-033-AI-PROMPT-RUNTIME-CONTRACT-S02,,,
RULE-W3-005-310,SRC-W3-005,docs/W3-ai-behavior/04-ai-runtime-routing-tools-standard.md,225,225,merge,TECH-033-AI-PROMPT-RUNTIME-CONTRACT-S02,,,
RULE-W3-005-311,SRC-W3-005,docs/W3-ai-behavior/04-ai-runtime-routing-tools-standard.md,225,225,merge,TECH-033-AI-PROMPT-RUNTIME-CONTRACT-S02,,,
RULE-W3-005-312,SRC-W3-005,docs/W3-ai-behavior/04-ai-runtime-routing-tools-standard.md,225,225,merge,TECH-033-AI-PROMPT-RUNTIME-CONTRACT-S02,,,
RULE-W3-005-313,SRC-W3-005,docs/W3-ai-behavior/04-ai-runtime-routing-tools-standard.md,225,225,merge,TECH-033-AI-PROMPT-RUNTIME-CONTRACT-S02,,,
RULE-W3-005-314,SRC-W3-005,docs/W3-ai-behavior/04-ai-runtime-routing-tools-standard.md,225,225,merge,TECH-033-AI-PROMPT-RUNTIME-CONTRACT-S02,,,
RULE-W3-005-315,SRC-W3-005,docs/W3-ai-behavior/04-ai-runtime-routing-tools-standard.md,225,225,merge,TECH-033-AI-PROMPT-RUNTIME-CONTRACT-S02,,,
RULE-W3-005-316,SRC-W3-005,docs/W3-ai-behavior/04-ai-runtime-routing-tools-standard.md,226,226,rewrite,TECH-246-SCHEMA-DATA-AI-RUNTIME-ROUTING-TOOLS-S01,,,
RULE-W3-005-317,SRC-W3-005,docs/W3-ai-behavior/04-ai-runtime-routing-tools-standard.md,226,226,rewrite,VERIFY-AI-EVAL-FIXTURE-W3-005-L226,,,
RULE-W3-005-318,SRC-W3-005,docs/W3-ai-behavior/04-ai-runtime-routing-tools-standard.md,227,227,rewrite,TECH-138-AUTH-TENANT-PERMISSION-S03,,,
RULE-W3-005-319,SRC-W3-005,docs/W3-ai-behavior/04-ai-runtime-routing-tools-standard.md,227,227,merge,TECH-138-AUTH-TENANT-PERMISSION-S03,,,
RULE-W3-005-320,SRC-W3-005,docs/W3-ai-behavior/04-ai-runtime-routing-tools-standard.md,227,227,rewrite,TECH-001-ADMIN-ACTION-CONTROL-S01,,,
RULE-W3-005-321,SRC-W3-005,docs/W3-ai-behavior/04-ai-runtime-routing-tools-standard.md,227,227,rewrite,TECH-042-AI-RUNTIME-ROUTING-S04,,,
RULE-W3-005-322,SRC-W3-005,docs/W3-ai-behavior/04-ai-runtime-routing-tools-standard.md,227,227,rewrite,TECH-140-AUTH-TENANT-PERMISSION-S08,,,
RULE-W3-005-323,SRC-W3-005,docs/W3-ai-behavior/04-ai-runtime-routing-tools-standard.md,228,228,rewrite,TECH-004-AI-AUTONOMY-BOUNDARY-S03,,,
RULE-W3-005-324,SRC-W3-005,docs/W3-ai-behavior/04-ai-runtime-routing-tools-standard.md,228,228,merge,TECH-004-AI-AUTONOMY-BOUNDARY-S03,,,
RULE-W3-005-325,SRC-W3-005,docs/W3-ai-behavior/04-ai-runtime-routing-tools-standard.md,228,228,merge,TECH-004-AI-AUTONOMY-BOUNDARY-S03,,,
RULE-W3-005-326,SRC-W3-005,docs/W3-ai-behavior/04-ai-runtime-routing-tools-standard.md,228,228,merge,TECH-004-AI-AUTONOMY-BOUNDARY-S03,,,
RULE-W3-005-327,SRC-W3-005,docs/W3-ai-behavior/04-ai-runtime-routing-tools-standard.md,228,228,merge,TECH-004-AI-AUTONOMY-BOUNDARY-S03,,,
RULE-W3-005-328,SRC-W3-005,docs/W3-ai-behavior/04-ai-runtime-routing-tools-standard.md,228,228,rewrite,TECH-004-AI-AUTONOMY-BOUNDARY-S04,,,
RULE-W3-005-329,SRC-W3-005,docs/W3-ai-behavior/04-ai-runtime-routing-tools-standard.md,229,229,merge,VERIFY-AI-EVAL-FIXTURE-W3-005-L229,,,
RULE-W3-005-330,SRC-W3-005,docs/W3-ai-behavior/04-ai-runtime-routing-tools-standard.md,229,229,merge,VERIFY-AI-EVAL-FIXTURE-W3-005-L229,,,
RULE-W3-005-331,SRC-W3-005,docs/W3-ai-behavior/04-ai-runtime-routing-tools-standard.md,229,229,merge,VERIFY-AI-EVAL-FIXTURE-W3-005-L229,,,
RULE-W3-005-332,SRC-W3-005,docs/W3-ai-behavior/04-ai-runtime-routing-tools-standard.md,229,229,merge,VERIFY-AI-EVAL-FIXTURE-W3-005-L229,,,
RULE-W3-005-333,SRC-W3-005,docs/W3-ai-behavior/04-ai-runtime-routing-tools-standard.md,229,229,merge,VERIFY-AI-EVAL-FIXTURE-W3-005-L229,,,
RULE-W3-005-334,SRC-W3-005,docs/W3-ai-behavior/04-ai-runtime-routing-tools-standard.md,235,235,rewrite,TECH-021-AI-MODEL-ROUTING-S05,,,
RULE-W3-005-335,SRC-W3-005,docs/W3-ai-behavior/04-ai-runtime-routing-tools-standard.md,235,235,rewrite,TECH-021-AI-MODEL-ROUTING-S06,,,
RULE-W3-005-336,SRC-W3-005,docs/W3-ai-behavior/04-ai-runtime-routing-tools-standard.md,235,235,rewrite,TECH-021-AI-MODEL-ROUTING-S07,,,
RULE-W3-005-337,SRC-W3-005,docs/W3-ai-behavior/04-ai-runtime-routing-tools-standard.md,236,236,rewrite,TECH-021-AI-MODEL-ROUTING-S08,,,
RULE-W3-005-338,SRC-W3-005,docs/W3-ai-behavior/04-ai-runtime-routing-tools-standard.md,236,236,rewrite,TECH-043-AI-RUNTIME-ROUTING-S01,,,
RULE-W3-005-339,SRC-W3-005,docs/W3-ai-behavior/04-ai-runtime-routing-tools-standard.md,236,236,rewrite,TECH-043-AI-RUNTIME-ROUTING-S02,,,
RULE-W3-005-340,SRC-W3-005,docs/W3-ai-behavior/04-ai-runtime-routing-tools-standard.md,236,236,rewrite,TECH-043-AI-RUNTIME-ROUTING-S03,,,
RULE-W3-005-341,SRC-W3-005,docs/W3-ai-behavior/04-ai-runtime-routing-tools-standard.md,236,236,rewrite,IMPL-CODE-EXECUTION-TOOL-HUMAN-GATE,,,
RULE-W3-005-342,SRC-W3-005,docs/W3-ai-behavior/04-ai-runtime-routing-tools-standard.md,236,236,rewrite,TECH-043-AI-RUNTIME-ROUTING-S04,,,
RULE-W3-005-343,SRC-W3-005,docs/W3-ai-behavior/04-ai-runtime-routing-tools-standard.md,237,237,rewrite,TECH-021-AI-MODEL-ROUTING-S09,,,
RULE-W3-005-344,SRC-W3-005,docs/W3-ai-behavior/04-ai-runtime-routing-tools-standard.md,237,237,rewrite,TECH-021-AI-MODEL-ROUTING-S10,,,
RULE-W3-005-345,SRC-W3-005,docs/W3-ai-behavior/04-ai-runtime-routing-tools-standard.md,237,237,rewrite,TECH-021-AI-MODEL-ROUTING-S11,,,
RULE-W3-005-346,SRC-W3-005,docs/W3-ai-behavior/04-ai-runtime-routing-tools-standard.md,237,237,rewrite,TECH-021-AI-MODEL-ROUTING-S12,,,
RULE-W3-005-347,SRC-W3-005,docs/W3-ai-behavior/04-ai-runtime-routing-tools-standard.md,237,237,rewrite,TECH-021-AI-MODEL-ROUTING-S13,,,
RULE-W3-005-348,SRC-W3-005,docs/W3-ai-behavior/04-ai-runtime-routing-tools-standard.md,238,238,rewrite,TECH-021-AI-MODEL-ROUTING-S14,,,
RULE-W3-005-349,SRC-W3-005,docs/W3-ai-behavior/04-ai-runtime-routing-tools-standard.md,238,238,rewrite,TECH-021-AI-MODEL-ROUTING-S15,,,
RULE-W3-005-350,SRC-W3-005,docs/W3-ai-behavior/04-ai-runtime-routing-tools-standard.md,238,238,rewrite,TECH-021-AI-MODEL-ROUTING-S16,,,
RULE-W3-005-351,SRC-W3-005,docs/W3-ai-behavior/04-ai-runtime-routing-tools-standard.md,238,238,rewrite,TECH-021-AI-MODEL-ROUTING-S17,,,
RULE-W3-005-352,SRC-W3-005,docs/W3-ai-behavior/04-ai-runtime-routing-tools-standard.md,238,238,rewrite,TECH-004-AI-AUTONOMY-BOUNDARY-S05,,,
RULE-W3-005-353,SRC-W3-005,docs/W3-ai-behavior/04-ai-runtime-routing-tools-standard.md,239,239,rewrite,TECH-140-AUTH-TENANT-PERMISSION-S09,,,
RULE-W3-005-354,SRC-W3-005,docs/W3-ai-behavior/04-ai-runtime-routing-tools-standard.md,239,239,rewrite,TECH-140-AUTH-TENANT-PERMISSION-S10,,,
RULE-W3-005-355,SRC-W3-005,docs/W3-ai-behavior/04-ai-runtime-routing-tools-standard.md,239,239,rewrite,TECH-140-AUTH-TENANT-PERMISSION-S11,,,
RULE-W3-005-356,SRC-W3-005,docs/W3-ai-behavior/04-ai-runtime-routing-tools-standard.md,239,239,rewrite,TECH-140-AUTH-TENANT-PERMISSION-S12,,,
RULE-W3-005-357,SRC-W3-005,docs/W3-ai-behavior/04-ai-runtime-routing-tools-standard.md,239,239,rewrite,TECH-140-AUTH-TENANT-PERMISSION-S13,,,
RULE-W3-005-358,SRC-W3-005,docs/W3-ai-behavior/04-ai-runtime-routing-tools-standard.md,239,239,rewrite,TECH-140-AUTH-TENANT-PERMISSION-S14,,,
RULE-W3-005-359,SRC-W3-005,docs/W3-ai-behavior/04-ai-runtime-routing-tools-standard.md,239,239,rewrite,TECH-140-AUTH-TENANT-PERMISSION-S15,,,
RULE-W3-005-360,SRC-W3-005,docs/W3-ai-behavior/04-ai-runtime-routing-tools-standard.md,239,239,rewrite,TECH-140-AUTH-TENANT-PERMISSION-S16,,,
RULE-W3-005-361,SRC-W3-005,docs/W3-ai-behavior/04-ai-runtime-routing-tools-standard.md,239,239,rewrite,TECH-140-AUTH-TENANT-PERMISSION-S17,,,
RULE-W3-005-362,SRC-W3-005,docs/W3-ai-behavior/04-ai-runtime-routing-tools-standard.md,239,239,rewrite,TECH-140-AUTH-TENANT-PERMISSION-S18,,,
RULE-W3-005-363,SRC-W3-005,docs/W3-ai-behavior/04-ai-runtime-routing-tools-standard.md,240,240,rewrite,TECH-241-MISSING-FALLBACK-HUMAN-GATE,,,
RULE-W3-005-364,SRC-W3-005,docs/W3-ai-behavior/04-ai-runtime-routing-tools-standard.md,240,240,rewrite,TECH-042-AI-RUNTIME-ROUTING-S05,,,
RULE-W3-005-365,SRC-W3-005,docs/W3-ai-behavior/04-ai-runtime-routing-tools-standard.md,240,240,rewrite,TECH-155-BACKUP-RESTORE-RECOVERY-S01,,,
RULE-W3-005-367,SRC-W3-005,docs/W3-ai-behavior/04-ai-runtime-routing-tools-standard.md,240,240,rewrite,TECH-042-AI-RUNTIME-ROUTING-S06,,,
RULE-W3-005-368,SRC-W3-005,docs/W3-ai-behavior/04-ai-runtime-routing-tools-standard.md,240,240,rewrite,TECH-042-AI-RUNTIME-ROUTING-S07,,,
RULE-W3-005-369,SRC-W3-005,docs/W3-ai-behavior/04-ai-runtime-routing-tools-standard.md,240,240,rewrite,VERIFY-EVIDENCE-W3-005-L240,,,
RULE-W3-005-370,SRC-W3-005,docs/W3-ai-behavior/04-ai-runtime-routing-tools-standard.md,241,241,rewrite,TECH-042-AI-RUNTIME-ROUTING-S08,,,
RULE-W3-005-371,SRC-W3-005,docs/W3-ai-behavior/04-ai-runtime-routing-tools-standard.md,241,241,rewrite,TECH-269-USER-CONTROL-S01,,,
RULE-W3-005-372,SRC-W3-005,docs/W3-ai-behavior/04-ai-runtime-routing-tools-standard.md,241,241,rewrite,TECH-042-AI-RUNTIME-ROUTING-S09,,,
RULE-W3-005-373,SRC-W3-005,docs/W3-ai-behavior/04-ai-runtime-routing-tools-standard.md,241,241,rewrite,TECH-042-AI-RUNTIME-ROUTING-S10,,,
RULE-W3-005-374,SRC-W3-005,docs/W3-ai-behavior/04-ai-runtime-routing-tools-standard.md,241,241,rewrite,TECH-042-AI-RUNTIME-ROUTING-S11,,,
RULE-W3-005-375,SRC-W3-005,docs/W3-ai-behavior/04-ai-runtime-routing-tools-standard.md,241,241,rewrite,TECH-042-AI-RUNTIME-ROUTING-S12,,,
RULE-W3-005-376,SRC-W3-005,docs/W3-ai-behavior/04-ai-runtime-routing-tools-standard.md,241,241,rewrite,TECH-241-RETRY-LIMIT-EXPANSION-HUMAN-GATE,,,
RULE-W3-005-377,SRC-W3-005,docs/W3-ai-behavior/04-ai-runtime-routing-tools-standard.md,241,241,rewrite,TECH-164-CONFIG-FLAG-RUNTIME-ROUTING-S13,,,
RULE-W3-005-378,SRC-W3-005,docs/W3-ai-behavior/04-ai-runtime-routing-tools-standard.md,243,243,merge,VERIFY-EVIDENCE-W3-005-L243,,,
RULE-W3-005-379,SRC-W3-005,docs/W3-ai-behavior/04-ai-runtime-routing-tools-standard.md,243,243,merge,VERIFY-EVIDENCE-W3-005-L243,,,
RULE-W3-005-380,SRC-W3-005,docs/W3-ai-behavior/04-ai-runtime-routing-tools-standard.md,243,243,merge,VERIFY-EVIDENCE-W3-005-L243,,,
RULE-W3-005-381,SRC-W3-005,docs/W3-ai-behavior/04-ai-runtime-routing-tools-standard.md,243,243,merge,VERIFY-EVIDENCE-W3-005-L243,,,
RULE-W3-005-382,SRC-W3-005,docs/W3-ai-behavior/04-ai-runtime-routing-tools-standard.md,243,243,merge,VERIFY-EVIDENCE-W3-005-L243,,,
RULE-W3-005-383,SRC-W3-005,docs/W3-ai-behavior/04-ai-runtime-routing-tools-standard.md,243,243,merge,VERIFY-EVIDENCE-W3-005-L243,,,
RULE-W3-005-384,SRC-W3-005,docs/W3-ai-behavior/04-ai-runtime-routing-tools-standard.md,243,243,merge,VERIFY-EVIDENCE-W3-005-L243,,,
RULE-W3-005-385,SRC-W3-005,docs/W3-ai-behavior/04-ai-runtime-routing-tools-standard.md,243,243,merge,VERIFY-EVIDENCE-W3-005-L243,,,
RULE-W3-005-386,SRC-W3-005,docs/W3-ai-behavior/04-ai-runtime-routing-tools-standard.md,243,243,rewrite,VERIFY-AI-EVAL-FIXTURE-W3-005-L243,,,
RULE-W3-005-387,SRC-W3-005,docs/W3-ai-behavior/04-ai-runtime-routing-tools-standard.md,3,3,rewrite,TECH-042-AI-RUNTIME-ROUTING-S13,,,
RULE-W4-001-001,SRC-W4-001,docs/W4-build/00-main.md,3,3,merge,IMPL-MINIMAL-KERNEL-PRECEDENCE,,,
RULE-W4-001-002,SRC-W4-001,docs/W4-build/00-main.md,7,7,merge,IMPL-W4-MAIN-FIRST,,,
RULE-W4-001-003,SRC-W4-001,docs/W4-build/00-main.md,7,7,merge,IMPL-W4-MAIN-FIRST,,,
RULE-W4-001-004,SRC-W4-001,docs/W4-build/00-main.md,11,11,merge,IMPL-W4-AUTHORITY-BOUNDARY,,,
RULE-W4-001-005,SRC-W4-001,docs/W4-build/00-main.md,11,11,merge,IMPL-W4-AUTHORITY-BOUNDARY;IMPL-VISUAL-UX-DEVIATION,,,
RULE-W4-001-006,SRC-W4-001,docs/W4-build/00-main.md,24,24,merge,IMPL-WORTH-RETURN-INTAKE,,,
RULE-W4-001-007,SRC-W4-001,docs/W4-build/00-main.md,25,25,merge,DEFINITION-PRODUCT-ROUTING,,,
RULE-W4-001-008,SRC-W4-001,docs/W4-build/00-main.md,26,26,merge,IMPL-BOUNDARY-RETURN-TECH-DESIGN,,,
RULE-W4-001-009,SRC-W4-001,docs/W4-build/00-main.md,27,27,rewrite,VERIFY-AI-EVAL-FIXTURE-W4-001-L027,,,
RULE-W4-001-010,SRC-W4-001,docs/W4-build/00-main.md,28,28,rewrite,VERIFY-EVIDENCE-W4-001-L028,,,
RULE-W4-001-011,SRC-W4-001,docs/W4-build/00-main.md,34,34,rewrite,IMPL-OPEN-SPEC-LINK-OR-RATIONALE,,,
RULE-W4-001-013,SRC-W4-001,docs/W4-build/00-main.md,35,35,rewrite,IMPL-REVIEWABLE-BATCH,,,
RULE-W4-001-014,SRC-W4-001,docs/W4-build/00-main.md,36,36,rewrite,IMPL-LOCAL-RUN-COMMAND,,,
RULE-W4-001-015,SRC-W4-001,docs/W4-build/00-main.md,36,36,rewrite,VERIFY-EVIDENCE-W4-001-L036,,,
RULE-W4-001-016,SRC-W4-001,docs/W4-build/00-main.md,37,37,rewrite,VERIFY-EVIDENCE-W4-001-L037,,,
RULE-W4-001-017,SRC-W4-001,docs/W4-build/00-main.md,37,37,merge,IMPL-VERIFICATION-HANDOFF-RISKS,,,
RULE-W4-001-018,SRC-W4-001,docs/W4-build/00-main.md,37,37,merge,IMPL-VERIFICATION-HANDOFF-RISKS,,,
RULE-W4-001-019,SRC-W4-001,docs/W4-build/00-main.md,37,37,merge,IMPL-VERIFICATION-HANDOFF-RISKS,,,
RULE-W4-001-020,SRC-W4-001,docs/W4-build/00-main.md,37,37,merge,IMPL-VERIFICATION-HANDOFF-RISKS,,,
RULE-W4-001-021,SRC-W4-001,docs/W4-build/00-main.md,38,38,merge,IMPL-TRIGGERED-SPECIALTY-MINIMUM,,,
RULE-W4-001-023,SRC-W4-001,docs/W4-build/00-main.md,40,40,merge,IMPL-TRIGGERED-SPECIALTY-MINIMUM,,,
RULE-W4-001-024,SRC-W4-001,docs/W4-build/00-main.md,44,44,rewrite,IMPL-LOW-RISK-DETAIL-DISCRETION,,,
RULE-W4-001-025,SRC-W4-001,docs/W4-build/00-main.md,48,48,merge,DEFINITION-COMMERCIAL-BOUNDARY,,,
RULE-W4-001-026,SRC-W4-001,docs/W4-build/00-main.md,48,48,rewrite,TECH-088-PUBLIC-API-HUMAN-GATE,,,
RULE-W4-001-027,SRC-W4-001,docs/W4-build/00-main.md,48,48,rewrite,TECH-211-GOVERNANCE-MAIN-S01,,,
RULE-W4-001-028,SRC-W4-001,docs/W4-build/00-main.md,48,48,rewrite,TECH-141-AUTH-TENANT-PERMISSION-S01,,,
RULE-W4-001-029,SRC-W4-001,docs/W4-build/00-main.md,48,48,rewrite,TECH-211-GOVERNANCE-MAIN-S02,,,
RULE-W4-001-030,SRC-W4-001,docs/W4-build/00-main.md,48,48,merge,DEFINITION-COMMERCIAL-BOUNDARY,,,
RULE-W4-001-031,SRC-W4-001,docs/W4-build/00-main.md,48,48,merge,DEFINITION-COMMERCIAL-BOUNDARY,,,
RULE-W4-001-032,SRC-W4-001,docs/W4-build/00-main.md,48,48,rewrite,EXPERIENCE-NOTIFICATION-APPROVAL,,,
RULE-W4-001-033,SRC-W4-001,docs/W4-build/00-main.md,48,48,merge,DEFINITION-COMMERCIAL-BOUNDARY,,,
RULE-W4-001-034,SRC-W4-001,docs/W4-build/00-main.md,49,49,merge,RELEASE-MIGRATION-002,,,
RULE-W4-001-035,SRC-W4-001,docs/W4-build/00-main.md,49,49,merge,RELEASE-MIGRATION-002,,,
RULE-W4-001-036,SRC-W4-001,docs/W4-build/00-main.md,49,49,merge,OPERATION-ADMIN-011,,,
RULE-W4-001-037,SRC-W4-001,docs/W4-build/00-main.md,49,49,merge,OPERATION-ADMIN-011,,,
RULE-W4-001-038,SRC-W4-001,docs/W4-build/00-main.md,49,49,merge,OPERATION-EXTERNAL-001,,,
RULE-W4-001-039,SRC-W4-001,docs/W4-build/00-main.md,50,50,rewrite,TECH-190-DEPENDENCY-UPDATE-S01,,,
RULE-W4-001-040,SRC-W4-001,docs/W4-build/00-main.md,50,50,rewrite,TECH-124-ASYNC-JOB-WORKER-S01,,,
RULE-W4-001-041,SRC-W4-001,docs/W4-build/00-main.md,50,50,rewrite,TECH-124-ASYNC-JOB-WORKER-S02,,,
RULE-W4-001-042,SRC-W4-001,docs/W4-build/00-main.md,50,50,rewrite,TECH-225-NOTIFICATION-MESSAGING-S01,,,
RULE-W4-001-043,SRC-W4-001,docs/W4-build/00-main.md,50,50,rewrite,TECH-022-AI-MODEL-ROUTING-S01,,,
RULE-W4-001-044,SRC-W4-001,docs/W4-build/00-main.md,50,50,rewrite,TECH-212-GOVERNANCE-MAIN-S01,,,
RULE-W4-001-045,SRC-W4-001,docs/W4-build/00-main.md,51,51,rewrite,TECH-165-CONFIG-FLAG-RUNTIME-ROUTING-S01,,,
RULE-W4-001-046,SRC-W4-001,docs/W4-build/00-main.md,51,51,rewrite,TECH-165-CONFIG-FLAG-RUNTIME-ROUTING-S02,,,
RULE-W4-001-047,SRC-W4-001,docs/W4-build/00-main.md,51,51,rewrite,TECH-165-CONFIG-FLAG-RUNTIME-ROUTING-S03,,,
RULE-W4-001-048,SRC-W4-001,docs/W4-build/00-main.md,51,51,rewrite,TECH-165-CONFIG-FLAG-RUNTIME-ROUTING-S04,,,
RULE-W4-001-049,SRC-W4-001,docs/W4-build/00-main.md,51,51,rewrite,TECH-165-CONFIG-FLAG-RUNTIME-ROUTING-S05,,,
RULE-W4-001-050,SRC-W4-001,docs/W4-build/00-main.md,52,52,rewrite,TECH-141-AUTH-TENANT-PERMISSION-S02,,,
RULE-W4-001-051,SRC-W4-001,docs/W4-build/00-main.md,52,52,rewrite,TECH-141-AUTH-TENANT-PERMISSION-S03,,,
RULE-W4-001-052,SRC-W4-001,docs/W4-build/00-main.md,52,52,rewrite,TECH-141-AUTH-TENANT-PERMISSION-S04,,,
RULE-W4-001-053,SRC-W4-001,docs/W4-build/00-main.md,52,52,rewrite,VERIFY-EVIDENCE-W4-001-L052,,,
RULE-W4-001-054,SRC-W4-001,docs/W4-build/00-main.md,52,52,rewrite,TECH-004-AI-AUTONOMY-BOUNDARY-S06,,,
RULE-W4-001-055,SRC-W4-001,docs/W4-build/00-main.md,53,53,merge,VERIFY-EVIDENCE-W4-001-L053,,,
RULE-W4-001-056,SRC-W4-001,docs/W4-build/00-main.md,53,53,rewrite,TECH-212-GOVERNANCE-MAIN-S02,,,
RULE-W4-001-057,SRC-W4-001,docs/W4-build/00-main.md,53,53,rewrite,TECH-213-GOVERNANCE-MAIN-S01,,,
RULE-W4-001-058,SRC-W4-001,docs/W4-build/00-main.md,53,53,rewrite,TECH-242-RETRY-FALLBACK-RESILIENCE-S01,,,
RULE-W4-001-059,SRC-W4-001,docs/W4-build/00-main.md,53,53,merge,VERIFY-EVIDENCE-W4-001-L053,,,
RULE-W4-001-060,SRC-W4-001,docs/W4-build/00-main.md,67,67,rewrite,TECH-088-DEVELOPER-SURFACE-SEPARATE-CHANGE,,,
RULE-W4-001-061,SRC-W4-001,docs/W4-build/00-main.md,69,69,rewrite,IMPL-NEAREST-SIDE-EFFECT-SPECIALTY,,,
RULE-W4-001-062,SRC-W4-001,docs/W4-build/00-main.md,69,69,rewrite,IMPL-AI-LONG-JOB-DUAL-ROUTING,,,
RULE-W4-001-063,SRC-W4-001,docs/W4-build/00-main.md,75,75,rewrite,IMPL-INPUT-INTEGRITY-EXIT,,,
RULE-W4-001-064,SRC-W4-001,docs/W4-build/00-main.md,75,75,rewrite,IMPL-INPUT-CHANGE-RECORDED-RETURN,ITEM-IMPLEMENTATION-001,,
RULE-W4-001-065,SRC-W4-001,docs/W4-build/00-main.md,76,76,rewrite,IMPL-MINIMUM-ARTIFACT-EXIT,,,
RULE-W4-001-067,SRC-W4-001,docs/W4-build/00-main.md,77,77,rewrite,IMPL-BUILDABLE-OR-CONCRETE-BLOCKER,,,
RULE-W4-001-069,SRC-W4-001,docs/W4-build/00-main.md,78,78,rewrite,IMPL-HIGH-RISK-CONTROL-DESCRIPTION,,,
RULE-W4-001-074,SRC-W4-001,docs/W4-build/00-main.md,79,79,rewrite,IMPL-AI-CODING-SMALL-BATCH,,,
RULE-W4-001-075,SRC-W4-001,docs/W4-build/00-main.md,79,79,rewrite,IMPL-AI-CODING-SELF-REVIEW,,,
RULE-W4-001-076,SRC-W4-001,docs/W4-build/00-main.md,79,79,rewrite,VERIFY-EVIDENCE-W4-001-L079,,,
RULE-W4-001-077,SRC-W4-001,docs/W4-build/00-main.md,80,80,merge,IMPL-VERIFICATION-HANDOFF-RISKS,,,
RULE-W4-001-078,SRC-W4-001,docs/W4-build/00-main.md,84,84,rewrite,VERIFY-EVIDENCE-W4-001-L084,,,
RULE-W4-001-079,SRC-W4-001,docs/W4-build/00-main.md,85,85,rewrite,VERIFY-PLANNING-GOVERNANCE-ROUTING-FP-W4-001-L085,,,
RULE-W4-001-080,SRC-W4-001,docs/W4-build/00-main.md,86,86,rewrite,IMPL-OPERATIONS-HANDOFF,,,
RULE-W4-001-081,SRC-W4-001,docs/W4-build/00-main.md,87,87,merge,EVALUATION-ROUTE-001,,,
RULE-W4-001-082,SRC-W4-001,docs/W4-build/00-main.md,91,91,merge,DEFINITION-PRODUCT-ROUTING,,,
RULE-W4-001-083,SRC-W4-001,docs/W4-build/00-main.md,92,92,merge,IMPL-WORTH-RETURN-INTAKE,,,
RULE-W4-001-084,SRC-W4-001,docs/W4-build/00-main.md,93,93,merge,IMPL-BOUNDARY-RETURN-TECH-DESIGN,CATEGORY-ENGINEERING-001;ITEM-IMPLEMENTATION-001,,
RULE-W4-001-085,SRC-W4-001,docs/W4-build/00-main.md,94,94,rewrite,VERIFY-AI-EVAL-FIXTURE-W4-001-L094,,,
RULE-W4-001-086,SRC-W4-001,docs/W4-build/00-main.md,95,95,rewrite,VERIFY-EVIDENCE-W4-001-L095,,,
RULE-W4-001-087,SRC-W4-001,docs/W4-build/00-main.md,3,3,merge,IMPL-OPTIONAL-PLAYBOOK-STATUS,,,
RULE-W4-002-001,SRC-W4-002,docs/W4-build/01-go-kratos-sqlc-grpc-service-standard.md,3,3,merge,IMPL-MINIMAL-KERNEL-PRECEDENCE,,,
RULE-W4-002-002,SRC-W4-002,docs/W4-build/01-go-kratos-sqlc-grpc-service-standard.md,7,7,merge,IMPL-SPECIALTY-TRIGGER-MATRIX,,,
RULE-W4-002-003,SRC-W4-002,docs/W4-build/01-go-kratos-sqlc-grpc-service-standard.md,9,9,merge,IMPL-W4-MAIN-FIRST,,,
RULE-W4-002-004,SRC-W4-002,docs/W4-build/01-go-kratos-sqlc-grpc-service-standard.md,13,13,merge,IMPL-SERVICE-CHANGE-SOURCE,,,
RULE-W4-002-005,SRC-W4-002,docs/W4-build/01-go-kratos-sqlc-grpc-service-standard.md,13,13,merge,IMPL-SERVICE-CHANGE-SOURCE,,,
RULE-W4-002-006,SRC-W4-002,docs/W4-build/01-go-kratos-sqlc-grpc-service-standard.md,37,37,rewrite,TECH-208-GOVERNANCE-GO-KRATOS-SQLC-GRPC-SERVICE-S01,,,
RULE-W4-002-007,SRC-W4-002,docs/W4-build/01-go-kratos-sqlc-grpc-service-standard.md,37,37,merge,TECH-208-GOVERNANCE-GO-KRATOS-SQLC-GRPC-SERVICE-S01,,,
RULE-W4-002-008,SRC-W4-002,docs/W4-build/01-go-kratos-sqlc-grpc-service-standard.md,38,38,rewrite,TECH-089-SERVICE-COMMUNICATION-PROTOCOL,,,
RULE-W4-002-009,SRC-W4-002,docs/W4-build/01-go-kratos-sqlc-grpc-service-standard.md,38,38,merge,TECH-089-SERVICE-COMMUNICATION-PROTOCOL,,,
RULE-W4-002-010,SRC-W4-002,docs/W4-build/01-go-kratos-sqlc-grpc-service-standard.md,39,39,rewrite,TECH-089-PROTOBUF-FIRST-CONTRACT-SOURCE,,,
RULE-W4-002-011,SRC-W4-002,docs/W4-build/01-go-kratos-sqlc-grpc-service-standard.md,39,39,merge,TECH-089-PROTOBUF-FIRST-CONTRACT-SOURCE,,,
RULE-W4-002-012,SRC-W4-002,docs/W4-build/01-go-kratos-sqlc-grpc-service-standard.md,40,40,rewrite,TECH-251-SCHEMA-DATA-GO-KRATOS-SQLC-GRPC-SERVICE-S01,,,
RULE-W4-002-013,SRC-W4-002,docs/W4-build/01-go-kratos-sqlc-grpc-service-standard.md,40,40,rewrite,TECH-251-SCHEMA-DATA-GO-KRATOS-SQLC-GRPC-SERVICE-S02,,,
RULE-W4-002-014,SRC-W4-002,docs/W4-build/01-go-kratos-sqlc-grpc-service-standard.md,40,40,rewrite,TECH-251-SCHEMA-DATA-GO-KRATOS-SQLC-GRPC-SERVICE-S03,,,
RULE-W4-002-015,SRC-W4-002,docs/W4-build/01-go-kratos-sqlc-grpc-service-standard.md,41,41,rewrite,IMPL-SQLC-NOT-ORM-DEFAULT,,,
RULE-W4-002-017,SRC-W4-002,docs/W4-build/01-go-kratos-sqlc-grpc-service-standard.md,42,42,merge,IMPL-NEW-SERVICE-TEMPLATE,,,
RULE-W4-002-018,SRC-W4-002,docs/W4-build/01-go-kratos-sqlc-grpc-service-standard.md,42,42,merge,IMPL-NEW-SERVICE-TEMPLATE,,,
RULE-W4-002-019,SRC-W4-002,docs/W4-build/01-go-kratos-sqlc-grpc-service-standard.md,42,42,merge,TECH-208-GOVERNANCE-GO-KRATOS-SQLC-GRPC-SERVICE-S01,,,
RULE-W4-002-020,SRC-W4-002,docs/W4-build/01-go-kratos-sqlc-grpc-service-standard.md,42,42,merge,TECH-208-GOVERNANCE-GO-KRATOS-SQLC-GRPC-SERVICE-S01,,,
RULE-W4-002-021,SRC-W4-002,docs/W4-build/01-go-kratos-sqlc-grpc-service-standard.md,43,43,merge,OPERATION-SLO-001,,,
RULE-W4-002-022,SRC-W4-002,docs/W4-build/01-go-kratos-sqlc-grpc-service-standard.md,50,50,merge,IMPL-SERVICE-DIRECTORY-LAYOUT,,,
RULE-W4-002-023,SRC-W4-002,docs/W4-build/01-go-kratos-sqlc-grpc-service-standard.md,51,51,merge,IMPL-SERVICE-DIRECTORY-LAYOUT,,,
RULE-W4-002-024,SRC-W4-002,docs/W4-build/01-go-kratos-sqlc-grpc-service-standard.md,52,52,merge,IMPL-SERVICE-DIRECTORY-LAYOUT,,,
RULE-W4-002-025,SRC-W4-002,docs/W4-build/01-go-kratos-sqlc-grpc-service-standard.md,53,53,merge,IMPL-SERVICE-DIRECTORY-LAYOUT,,,
RULE-W4-002-026,SRC-W4-002,docs/W4-build/01-go-kratos-sqlc-grpc-service-standard.md,54,54,merge,IMPL-SERVICE-DIRECTORY-LAYOUT,,,
RULE-W4-002-027,SRC-W4-002,docs/W4-build/01-go-kratos-sqlc-grpc-service-standard.md,55,55,merge,IMPL-SERVICE-DIRECTORY-LAYOUT,,,
RULE-W4-002-028,SRC-W4-002,docs/W4-build/01-go-kratos-sqlc-grpc-service-standard.md,56,56,merge,IMPL-SERVICE-DIRECTORY-LAYOUT,,,
RULE-W4-002-029,SRC-W4-002,docs/W4-build/01-go-kratos-sqlc-grpc-service-standard.md,57,57,merge,IMPL-SERVICE-DIRECTORY-LAYOUT,,,
RULE-W4-002-030,SRC-W4-002,docs/W4-build/01-go-kratos-sqlc-grpc-service-standard.md,58,58,rewrite,TECH-089-PROTO-DEPENDENCY-LOCATION,,,
RULE-W4-002-031,SRC-W4-002,docs/W4-build/01-go-kratos-sqlc-grpc-service-standard.md,59,59,merge,IMPL-SERVICE-DIRECTORY-LAYOUT,,,
RULE-W4-002-032,SRC-W4-002,docs/W4-build/01-go-kratos-sqlc-grpc-service-standard.md,60,60,merge,IMPL-SERVICE-DIRECTORY-LAYOUT,,,
RULE-W4-002-033,SRC-W4-002,docs/W4-build/01-go-kratos-sqlc-grpc-service-standard.md,61,61,merge,IMPL-SERVICE-DIRECTORY-LAYOUT,,,
RULE-W4-002-034,SRC-W4-002,docs/W4-build/01-go-kratos-sqlc-grpc-service-standard.md,64,64,merge,IMPL-COMMAND-REGISTRY-TRIGGER-PATH,,,
RULE-W4-002-035,SRC-W4-002,docs/W4-build/01-go-kratos-sqlc-grpc-service-standard.md,64,64,merge,IMPL-COMMAND-REGISTRY-TRIGGER-PATH,,,
RULE-W4-002-036,SRC-W4-002,docs/W4-build/01-go-kratos-sqlc-grpc-service-standard.md,64,64,rewrite,IMPL-COMMAND-REGISTRY-EXACT-REGISTRATION,,,
RULE-W4-002-037,SRC-W4-002,docs/W4-build/01-go-kratos-sqlc-grpc-service-standard.md,64,64,merge,IMPL-COMMAND-REGISTRY-SCHEMA,,,
RULE-W4-002-038,SRC-W4-002,docs/W4-build/01-go-kratos-sqlc-grpc-service-standard.md,64,64,merge,IMPL-COMMAND-REGISTRY-SCHEMA,,,
RULE-W4-002-039,SRC-W4-002,docs/W4-build/01-go-kratos-sqlc-grpc-service-standard.md,64,64,merge,IMPL-COMMAND-REGISTRY-SCHEMA,,,
RULE-W4-002-040,SRC-W4-002,docs/W4-build/01-go-kratos-sqlc-grpc-service-standard.md,64,64,merge,IMPL-COMMAND-REGISTRY-SCHEMA,,,
RULE-W4-002-041,SRC-W4-002,docs/W4-build/01-go-kratos-sqlc-grpc-service-standard.md,64,64,merge,IMPL-COMMAND-REGISTRY-SCHEMA,,,
RULE-W4-002-042,SRC-W4-002,docs/W4-build/01-go-kratos-sqlc-grpc-service-standard.md,64,64,merge,IMPL-COMMAND-REGISTRY-SCHEMA,,,
RULE-W4-002-043,SRC-W4-002,docs/W4-build/01-go-kratos-sqlc-grpc-service-standard.md,64,64,merge,IMPL-COMMAND-REGISTRY-SCHEMA,,,
RULE-W4-002-044,SRC-W4-002,docs/W4-build/01-go-kratos-sqlc-grpc-service-standard.md,64,64,merge,IMPL-COMMAND-REGISTRY-SCHEMA,,,
RULE-W4-002-045,SRC-W4-002,docs/W4-build/01-go-kratos-sqlc-grpc-service-standard.md,64,64,merge,IMPL-COMMAND-REGISTRY-SCHEMA,,,
RULE-W4-002-046,SRC-W4-002,docs/W4-build/01-go-kratos-sqlc-grpc-service-standard.md,64,64,merge,IMPL-COMMAND-REGISTRY-SCHEMA,,,
RULE-W4-002-047,SRC-W4-002,docs/W4-build/01-go-kratos-sqlc-grpc-service-standard.md,64,64,merge,IMPL-COMMAND-REGISTRY-SCHEMA,,,
RULE-W4-002-048,SRC-W4-002,docs/W4-build/01-go-kratos-sqlc-grpc-service-standard.md,64,64,rewrite,IMPL-COMMAND-KIND-DISTINCTION,,,
RULE-W4-002-049,SRC-W4-002,docs/W4-build/01-go-kratos-sqlc-grpc-service-standard.md,64,64,rewrite,TECH-142-AUTH-TENANT-PERMISSION-S01,,,
RULE-W4-002-050,SRC-W4-002,docs/W4-build/01-go-kratos-sqlc-grpc-service-standard.md,64,64,rewrite,TECH-125-ASYNC-JOB-WORKER-S01,,,
RULE-W4-002-051,SRC-W4-002,docs/W4-build/01-go-kratos-sqlc-grpc-service-standard.md,68,68,rewrite,IMPL-SERVICE-PACKAGE-YAGNI,,,
RULE-W4-002-052,SRC-W4-002,docs/W4-build/01-go-kratos-sqlc-grpc-service-standard.md,69,69,merge,IMPL-SERVICE-LAYER-SCOPE,,,
RULE-W4-002-053,SRC-W4-002,docs/W4-build/01-go-kratos-sqlc-grpc-service-standard.md,69,69,merge,IMPL-SERVICE-LAYER-SCOPE,,,
RULE-W4-002-054,SRC-W4-002,docs/W4-build/01-go-kratos-sqlc-grpc-service-standard.md,70,70,rewrite,IMPL-BIZ-INDEPENDENCE,,,
RULE-W4-002-055,SRC-W4-002,docs/W4-build/01-go-kratos-sqlc-grpc-service-standard.md,71,71,rewrite,IMPL-DATA-RESULT-ENCAPSULATION,,,
RULE-W4-002-056,SRC-W4-002,docs/W4-build/01-go-kratos-sqlc-grpc-service-standard.md,72,72,rewrite,IMPL-NO-SPECULATIVE-BACKEND-PLATFORM,,,
RULE-W4-002-057,SRC-W4-002,docs/W4-build/01-go-kratos-sqlc-grpc-service-standard.md,76,76,rewrite,TECH-089-OPEN-SPEC-PROTO-LINKAGE,,,
RULE-W4-002-058,SRC-W4-002,docs/W4-build/01-go-kratos-sqlc-grpc-service-standard.md,77,77,rewrite,TECH-089-PROTO-IDENTITY-FIELDS,,,
RULE-W4-002-059,SRC-W4-002,docs/W4-build/01-go-kratos-sqlc-grpc-service-standard.md,77,77,merge,TECH-089-PROTO-IDENTITY-FIELDS,,,
RULE-W4-002-060,SRC-W4-002,docs/W4-build/01-go-kratos-sqlc-grpc-service-standard.md,78,78,rewrite,TECH-089-GRPC-METHOD-SHAPE,,,
RULE-W4-002-061,SRC-W4-002,docs/W4-build/01-go-kratos-sqlc-grpc-service-standard.md,78,78,merge,TECH-089-GRPC-METHOD-SHAPE,,,
RULE-W4-002-062,SRC-W4-002,docs/W4-build/01-go-kratos-sqlc-grpc-service-standard.md,79,79,rewrite,TECH-089-API-REQUEST-CONSTRAINTS,,,
RULE-W4-002-063,SRC-W4-002,docs/W4-build/01-go-kratos-sqlc-grpc-service-standard.md,79,79,merge,TECH-089-API-REQUEST-CONSTRAINTS,,,
RULE-W4-002-064,SRC-W4-002,docs/W4-build/01-go-kratos-sqlc-grpc-service-standard.md,79,79,merge,TECH-089-API-REQUEST-CONSTRAINTS,,,
RULE-W4-002-065,SRC-W4-002,docs/W4-build/01-go-kratos-sqlc-grpc-service-standard.md,79,79,merge,TECH-089-API-REQUEST-CONSTRAINTS,,,
RULE-W4-002-066,SRC-W4-002,docs/W4-build/01-go-kratos-sqlc-grpc-service-standard.md,79,79,merge,TECH-089-API-REQUEST-CONSTRAINTS,,,
RULE-W4-002-067,SRC-W4-002,docs/W4-build/01-go-kratos-sqlc-grpc-service-standard.md,79,79,merge,TECH-089-API-REQUEST-CONSTRAINTS,,,
RULE-W4-002-068,SRC-W4-002,docs/W4-build/01-go-kratos-sqlc-grpc-service-standard.md,80,80,rewrite,TECH-089-HTTP-GATEWAY-BOUNDARY,,,
RULE-W4-002-069,SRC-W4-002,docs/W4-build/01-go-kratos-sqlc-grpc-service-standard.md,80,80,merge,TECH-089-HTTP-GATEWAY-BOUNDARY,,,
RULE-W4-002-070,SRC-W4-002,docs/W4-build/01-go-kratos-sqlc-grpc-service-standard.md,81,81,rewrite,TECH-089-API-ERROR-CATEGORIES,,,
RULE-W4-002-071,SRC-W4-002,docs/W4-build/01-go-kratos-sqlc-grpc-service-standard.md,81,81,merge,TECH-089-API-ERROR-CATEGORIES,,,
RULE-W4-002-072,SRC-W4-002,docs/W4-build/01-go-kratos-sqlc-grpc-service-standard.md,81,81,merge,TECH-089-API-ERROR-CATEGORIES,,,
RULE-W4-002-073,SRC-W4-002,docs/W4-build/01-go-kratos-sqlc-grpc-service-standard.md,81,81,merge,TECH-089-API-ERROR-CATEGORIES,,,
RULE-W4-002-074,SRC-W4-002,docs/W4-build/01-go-kratos-sqlc-grpc-service-standard.md,81,81,merge,TECH-089-API-ERROR-CATEGORIES,,,
RULE-W4-002-075,SRC-W4-002,docs/W4-build/01-go-kratos-sqlc-grpc-service-standard.md,82,82,rewrite,TECH-089-GRPC-METADATA-SCOPE,,,
RULE-W4-002-076,SRC-W4-002,docs/W4-build/01-go-kratos-sqlc-grpc-service-standard.md,82,82,merge,TECH-089-GRPC-METADATA-SCOPE,,,
RULE-W4-002-077,SRC-W4-002,docs/W4-build/01-go-kratos-sqlc-grpc-service-standard.md,83,83,rewrite,IMPL-GRPC-CLIENT-DEADLINE,,,
RULE-W4-002-078,SRC-W4-002,docs/W4-build/01-go-kratos-sqlc-grpc-service-standard.md,83,83,rewrite,IMPL-GRPC-SERVER-CANCELLATION,,,
RULE-W4-002-079,SRC-W4-002,docs/W4-build/01-go-kratos-sqlc-grpc-service-standard.md,83,83,rewrite,TECH-156-BACKUP-RESTORE-RECOVERY-S01,,,
RULE-W4-002-080,SRC-W4-002,docs/W4-build/01-go-kratos-sqlc-grpc-service-standard.md,87,87,rewrite,TECH-221-MIGRATION-BACKFILL-DATA-FIX-S01,,,
RULE-W4-002-081,SRC-W4-002,docs/W4-build/01-go-kratos-sqlc-grpc-service-standard.md,88,88,rewrite,IMPL-QUERY-BEFORE-REPOSITORY,,,
RULE-W4-002-082,SRC-W4-002,docs/W4-build/01-go-kratos-sqlc-grpc-service-standard.md,89,89,rewrite,TECH-251-SCHEMA-DATA-GO-KRATOS-SQLC-GRPC-SERVICE-S04,,,
RULE-W4-002-083,SRC-W4-002,docs/W4-build/01-go-kratos-sqlc-grpc-service-standard.md,89,89,rewrite,TECH-251-SCHEMA-DATA-GO-KRATOS-SQLC-GRPC-SERVICE-S05,,,
RULE-W4-002-084,SRC-W4-002,docs/W4-build/01-go-kratos-sqlc-grpc-service-standard.md,89,89,merge,TECH-251-SCHEMA-DATA-GO-KRATOS-SQLC-GRPC-SERVICE-S05,,,
RULE-W4-002-085,SRC-W4-002,docs/W4-build/01-go-kratos-sqlc-grpc-service-standard.md,89,89,merge,TECH-251-SCHEMA-DATA-GO-KRATOS-SQLC-GRPC-SERVICE-S05,,,
RULE-W4-002-086,SRC-W4-002,docs/W4-build/01-go-kratos-sqlc-grpc-service-standard.md,90,90,rewrite,TECH-251-SCHEMA-DATA-GO-KRATOS-SQLC-GRPC-SERVICE-S06,,,
RULE-W4-002-087,SRC-W4-002,docs/W4-build/01-go-kratos-sqlc-grpc-service-standard.md,90,90,merge,IMPL-NO-FK-APPLICATION-INTEGRITY,,,
RULE-W4-002-088,SRC-W4-002,docs/W4-build/01-go-kratos-sqlc-grpc-service-standard.md,90,90,merge,IMPL-NO-FK-APPLICATION-INTEGRITY,,,
RULE-W4-002-089,SRC-W4-002,docs/W4-build/01-go-kratos-sqlc-grpc-service-standard.md,90,90,rewrite,TECH-118-ASYNC-JOB-CONTRACT-S01,,,
RULE-W4-002-090,SRC-W4-002,docs/W4-build/01-go-kratos-sqlc-grpc-service-standard.md,90,90,merge,IMPL-NO-FK-APPLICATION-INTEGRITY,,,
RULE-W4-002-091,SRC-W4-002,docs/W4-build/01-go-kratos-sqlc-grpc-service-standard.md,90,90,merge,IMPL-NO-FK-APPLICATION-INTEGRITY,,,
RULE-W4-002-092,SRC-W4-002,docs/W4-build/01-go-kratos-sqlc-grpc-service-standard.md,90,90,merge,IMPL-NO-FK-APPLICATION-INTEGRITY,,,
RULE-W4-002-093,SRC-W4-002,docs/W4-build/01-go-kratos-sqlc-grpc-service-standard.md,90,90,merge,IMPL-NO-FK-APPLICATION-INTEGRITY,,,
RULE-W4-002-094,SRC-W4-002,docs/W4-build/01-go-kratos-sqlc-grpc-service-standard.md,90,90,rewrite,VERIFY-EVIDENCE-W4-002-L090,,,
RULE-W4-002-095,SRC-W4-002,docs/W4-build/01-go-kratos-sqlc-grpc-service-standard.md,91,91,rewrite,TECH-251-SCHEMA-DATA-GO-KRATOS-SQLC-GRPC-SERVICE-S07,,,
RULE-W4-002-096,SRC-W4-002,docs/W4-build/01-go-kratos-sqlc-grpc-service-standard.md,91,91,merge,TECH-251-SCHEMA-DATA-GO-KRATOS-SQLC-GRPC-SERVICE-S07,,,
RULE-W4-002-097,SRC-W4-002,docs/W4-build/01-go-kratos-sqlc-grpc-service-standard.md,91,91,merge,TECH-251-SCHEMA-DATA-GO-KRATOS-SQLC-GRPC-SERVICE-S07,,,
RULE-W4-002-098,SRC-W4-002,docs/W4-build/01-go-kratos-sqlc-grpc-service-standard.md,91,91,merge,TECH-251-SCHEMA-DATA-GO-KRATOS-SQLC-GRPC-SERVICE-S07,,,
RULE-W4-002-099,SRC-W4-002,docs/W4-build/01-go-kratos-sqlc-grpc-service-standard.md,91,91,merge,TECH-251-SCHEMA-DATA-GO-KRATOS-SQLC-GRPC-SERVICE-S07,,,
RULE-W4-002-100,SRC-W4-002,docs/W4-build/01-go-kratos-sqlc-grpc-service-standard.md,91,91,merge,TECH-251-SCHEMA-DATA-GO-KRATOS-SQLC-GRPC-SERVICE-S07,,,
RULE-W4-002-101,SRC-W4-002,docs/W4-build/01-go-kratos-sqlc-grpc-service-standard.md,92,92,rewrite,TECH-251-SCHEMA-DATA-GO-KRATOS-SQLC-GRPC-SERVICE-S08,,,
RULE-W4-002-102,SRC-W4-002,docs/W4-build/01-go-kratos-sqlc-grpc-service-standard.md,92,92,rewrite,TECH-251-SCHEMA-DATA-GO-KRATOS-SQLC-GRPC-SERVICE-S09,,,
RULE-W4-002-103,SRC-W4-002,docs/W4-build/01-go-kratos-sqlc-grpc-service-standard.md,93,93,rewrite,TECH-208-GOVERNANCE-GO-KRATOS-SQLC-GRPC-SERVICE-S02,,,
RULE-W4-002-104,SRC-W4-002,docs/W4-build/01-go-kratos-sqlc-grpc-service-standard.md,93,93,rewrite,IMPL-CROSS-REPOSITORY-TRANSACTION-ENTRY,,,
RULE-W4-002-105,SRC-W4-002,docs/W4-build/01-go-kratos-sqlc-grpc-service-standard.md,94,94,rewrite,IMPL-DYNAMIC-SQL-NONDEFAULT,,,
RULE-W4-002-106,SRC-W4-002,docs/W4-build/01-go-kratos-sqlc-grpc-service-standard.md,94,94,rewrite,TECH-251-SCHEMA-DATA-GO-KRATOS-SQLC-GRPC-SERVICE-S10,,,
RULE-W4-002-107,SRC-W4-002,docs/W4-build/01-go-kratos-sqlc-grpc-service-standard.md,94,94,merge,TECH-251-SCHEMA-DATA-GO-KRATOS-SQLC-GRPC-SERVICE-S10,,,
RULE-W4-002-108,SRC-W4-002,docs/W4-build/01-go-kratos-sqlc-grpc-service-standard.md,95,95,merge,IMPL-GENERATED-CODE-ONLY-FROM-SOURCES,,,
RULE-W4-002-109,SRC-W4-002,docs/W4-build/01-go-kratos-sqlc-grpc-service-standard.md,95,95,merge,IMPL-GENERATED-CODE-ONLY-FROM-SOURCES,,,
RULE-W4-002-110,SRC-W4-002,docs/W4-build/01-go-kratos-sqlc-grpc-service-standard.md,96,96,rewrite,VERIFY-EVIDENCE-W4-002-L096,,,
RULE-W4-002-111,SRC-W4-002,docs/W4-build/01-go-kratos-sqlc-grpc-service-standard.md,96,96,rewrite,VERIFY-PLANNING-GOVERNANCE-ROUTING-FP-W4-002-L096,,,
RULE-W4-002-112,SRC-W4-002,docs/W4-build/01-go-kratos-sqlc-grpc-service-standard.md,102,102,merge,PLAN-SERVICE-CHANGE-START;PLAN-VISUAL-UX-READINESS,,,
RULE-W4-002-113,SRC-W4-002,docs/W4-build/01-go-kratos-sqlc-grpc-service-standard.md,102,102,merge,PLAN-SERVICE-CHANGE-START,,,
RULE-W4-002-114,SRC-W4-002,docs/W4-build/01-go-kratos-sqlc-grpc-service-standard.md,102,102,rewrite,IMPL-SERVICE-TASK-STATE,,,
RULE-W4-002-115,SRC-W4-002,docs/W4-build/01-go-kratos-sqlc-grpc-service-standard.md,103,103,rewrite,VERIFY-API-CONTRACT-ERROR-MODEL-FP-W4-002-L103,,,
RULE-W4-002-116,SRC-W4-002,docs/W4-build/01-go-kratos-sqlc-grpc-service-standard.md,104,104,rewrite,IMPL-SERVICE-SEQUENCE-DATA-DEFINITION,,,
RULE-W4-002-117,SRC-W4-002,docs/W4-build/01-go-kratos-sqlc-grpc-service-standard.md,105,105,rewrite,IMPL-SERVICE-SEQUENCE-GENERATE,,,
RULE-W4-002-118,SRC-W4-002,docs/W4-build/01-go-kratos-sqlc-grpc-service-standard.md,106,106,rewrite,IMPL-SERVICE-SEQUENCE-BIZ,,,
RULE-W4-002-119,SRC-W4-002,docs/W4-build/01-go-kratos-sqlc-grpc-service-standard.md,107,107,rewrite,IMPL-SERVICE-SEQUENCE-DATA,,,
RULE-W4-002-120,SRC-W4-002,docs/W4-build/01-go-kratos-sqlc-grpc-service-standard.md,108,108,rewrite,IMPL-SERVICE-SEQUENCE-TRANSPORT,,,
RULE-W4-002-121,SRC-W4-002,docs/W4-build/01-go-kratos-sqlc-grpc-service-standard.md,109,109,merge,VERIFY-EVIDENCE-W4-002-L109,,,
RULE-W4-002-122,SRC-W4-002,docs/W4-build/01-go-kratos-sqlc-grpc-service-standard.md,110,110,rewrite,IMPL-SERVICE-MINIMUM-OBSERVABILITY,,,
RULE-W4-002-123,SRC-W4-002,docs/W4-build/01-go-kratos-sqlc-grpc-service-standard.md,111,111,rewrite,VERIFY-SERVICE-QUALITY-GATE,,,
RULE-W4-002-124,SRC-W4-002,docs/W4-build/01-go-kratos-sqlc-grpc-service-standard.md,113,113,merge,IMPL-COMPLEX-CODE-COMMENT-CONTENTS,,,
RULE-W4-002-125,SRC-W4-002,docs/W4-build/01-go-kratos-sqlc-grpc-service-standard.md,113,113,merge,IMPL-COMPLEX-CODE-COMMENT-CONTENTS,,,
RULE-W4-002-126,SRC-W4-002,docs/W4-build/01-go-kratos-sqlc-grpc-service-standard.md,113,113,merge,IMPL-COMPLEX-CODE-COMMENT-CONTENTS,,,
RULE-W4-002-127,SRC-W4-002,docs/W4-build/01-go-kratos-sqlc-grpc-service-standard.md,113,113,rewrite,IMPL-NO-COMMENT-COVERAGE-GATE,,,
RULE-W4-002-128,SRC-W4-002,docs/W4-build/01-go-kratos-sqlc-grpc-service-standard.md,113,113,rewrite,IMPL-NO-SYNTAX-RESTATEMENT-COMMENT,,,
RULE-W4-002-129,SRC-W4-002,docs/W4-build/01-go-kratos-sqlc-grpc-service-standard.md,120,120,rewrite,VERIFY-EVIDENCE-W4-002-L120,,,
RULE-W4-002-130,SRC-W4-002,docs/W4-build/01-go-kratos-sqlc-grpc-service-standard.md,121,121,rewrite,VERIFY-EVIDENCE-W4-002-L121,,,
RULE-W4-002-131,SRC-W4-002,docs/W4-build/01-go-kratos-sqlc-grpc-service-standard.md,122,122,rewrite,VERIFY-EVIDENCE-W4-002-L122,,,
RULE-W4-002-132,SRC-W4-002,docs/W4-build/01-go-kratos-sqlc-grpc-service-standard.md,123,123,rewrite,VERIFY-EVIDENCE-W4-002-L123,,,
RULE-W4-002-133,SRC-W4-002,docs/W4-build/01-go-kratos-sqlc-grpc-service-standard.md,124,124,rewrite,VERIFY-EVIDENCE-W4-002-L124,,,
RULE-W4-002-134,SRC-W4-002,docs/W4-build/01-go-kratos-sqlc-grpc-service-standard.md,130,130,rewrite,VERIFY-EVIDENCE-W4-002-L130,,,
RULE-W4-002-135,SRC-W4-002,docs/W4-build/01-go-kratos-sqlc-grpc-service-standard.md,131,131,rewrite,VERIFY-EVIDENCE-W4-002-L131,,,
RULE-W4-002-136,SRC-W4-002,docs/W4-build/01-go-kratos-sqlc-grpc-service-standard.md,134,134,merge,VERIFY-EVIDENCE-W4-002-L134,,,
RULE-W4-002-137,SRC-W4-002,docs/W4-build/01-go-kratos-sqlc-grpc-service-standard.md,134,134,merge,VERIFY-EVIDENCE-W4-002-L134,,,
RULE-W4-002-138,SRC-W4-002,docs/W4-build/01-go-kratos-sqlc-grpc-service-standard.md,134,134,merge,VERIFY-EVIDENCE-W4-002-L134,,,
RULE-W4-002-139,SRC-W4-002,docs/W4-build/01-go-kratos-sqlc-grpc-service-standard.md,136,136,merge,VERIFY-EVIDENCE-W4-002-L136,,,
RULE-W4-002-140,SRC-W4-002,docs/W4-build/01-go-kratos-sqlc-grpc-service-standard.md,136,136,merge,VERIFY-EVIDENCE-W4-002-L136,,,
RULE-W4-002-141,SRC-W4-002,docs/W4-build/01-go-kratos-sqlc-grpc-service-standard.md,142,142,merge,OPERATION-OBSERVE-003,,,
RULE-W4-002-142,SRC-W4-002,docs/W4-build/01-go-kratos-sqlc-grpc-service-standard.md,143,143,merge,OPERATION-OBSERVE-003,,,
RULE-W4-002-143,SRC-W4-002,docs/W4-build/01-go-kratos-sqlc-grpc-service-standard.md,144,144,merge,OPERATION-OBSERVE-003,,,
RULE-W4-002-144,SRC-W4-002,docs/W4-build/01-go-kratos-sqlc-grpc-service-standard.md,144,144,merge,OPERATION-OBSERVE-003,,,
RULE-W4-002-145,SRC-W4-002,docs/W4-build/01-go-kratos-sqlc-grpc-service-standard.md,144,144,merge,OPERATION-OBSERVE-003,,,
RULE-W4-002-146,SRC-W4-002,docs/W4-build/01-go-kratos-sqlc-grpc-service-standard.md,144,144,merge,OPERATION-OBSERVE-003,,,
RULE-W4-002-147,SRC-W4-002,docs/W4-build/01-go-kratos-sqlc-grpc-service-standard.md,145,145,rewrite,TECH-268-STRUCTURED-LOG-FIELD-CONTRACT-S01,,,
RULE-W4-002-148,SRC-W4-002,docs/W4-build/01-go-kratos-sqlc-grpc-service-standard.md,146,146,merge,OPERATION-OBSERVE-003,,,
RULE-W4-002-149,SRC-W4-002,docs/W4-build/01-go-kratos-sqlc-grpc-service-standard.md,147,147,merge,IMPL-GRACEFUL-SERVICE-SHUTDOWN,,,
RULE-W4-002-150,SRC-W4-002,docs/W4-build/01-go-kratos-sqlc-grpc-service-standard.md,147,147,merge,IMPL-GRACEFUL-SERVICE-SHUTDOWN,,,
RULE-W4-002-151,SRC-W4-002,docs/W4-build/01-go-kratos-sqlc-grpc-service-standard.md,155,155,rewrite,IMPL-DATABASE-DEVIATION-HUMAN-GATE,,,
RULE-W4-002-152,SRC-W4-002,docs/W4-build/01-go-kratos-sqlc-grpc-service-standard.md,156,156,rewrite,TECH-089-PUBLIC-HTTP-API-HUMAN-GATE,,,
RULE-W4-002-153,SRC-W4-002,docs/W4-build/01-go-kratos-sqlc-grpc-service-standard.md,157,157,rewrite,TECH-142-AUTH-TENANT-PERMISSION-S02,,,
RULE-W4-002-154,SRC-W4-002,docs/W4-build/01-go-kratos-sqlc-grpc-service-standard.md,158,158,rewrite,TECH-226-NOTIFICATION-MESSAGING-S01,,,
RULE-W4-002-155,SRC-W4-002,docs/W4-build/01-go-kratos-sqlc-grpc-service-standard.md,159,159,rewrite,IMPL-CLOUD-DATABASE-HUMAN-GATE,,,
RULE-W4-002-156,SRC-W4-002,docs/W4-build/01-go-kratos-sqlc-grpc-service-standard.md,160,160,rewrite,TECH-089-INCOMPATIBLE-CHANGE-HUMAN-GATE,,,
RULE-W4-002-157,SRC-W4-002,docs/W4-build/01-go-kratos-sqlc-grpc-service-standard.md,3,3,merge,IMPL-OPTIONAL-PLAYBOOK-STATUS,,,
RULE-W4-002-158,SRC-W4-002,docs/W4-build/01-go-kratos-sqlc-grpc-service-standard.md,145,145,merge,TECH-268-STRUCTURED-LOG-FIELD-CONTRACT-S01,,,
RULE-W4-002-159,SRC-W4-002,docs/W4-build/01-go-kratos-sqlc-grpc-service-standard.md,145,145,merge,TECH-268-STRUCTURED-LOG-FIELD-CONTRACT-S01,,,
RULE-W4-002-160,SRC-W4-002,docs/W4-build/01-go-kratos-sqlc-grpc-service-standard.md,145,145,merge,TECH-268-STRUCTURED-LOG-FIELD-CONTRACT-S01,,,
RULE-W4-002-161,SRC-W4-002,docs/W4-build/01-go-kratos-sqlc-grpc-service-standard.md,145,145,merge,TECH-268-STRUCTURED-LOG-FIELD-CONTRACT-S01,,,
RULE-W4-002-162,SRC-W4-002,docs/W4-build/01-go-kratos-sqlc-grpc-service-standard.md,145,145,merge,TECH-268-STRUCTURED-LOG-FIELD-CONTRACT-S01,,,
RULE-W4-002-163,SRC-W4-002,docs/W4-build/01-go-kratos-sqlc-grpc-service-standard.md,146,146,merge,IMPL-SERVICE-STARTUP-IDENTITY,,,
RULE-W4-002-164,SRC-W4-002,docs/W4-build/01-go-kratos-sqlc-grpc-service-standard.md,146,146,merge,IMPL-SERVICE-STARTUP-IDENTITY,,,
RULE-W4-002-165,SRC-W4-002,docs/W4-build/01-go-kratos-sqlc-grpc-service-standard.md,109,109,merge,VERIFY-EVIDENCE-W4-002-L109,,,
RULE-W4-002-166,SRC-W4-002,docs/W4-build/01-go-kratos-sqlc-grpc-service-standard.md,109,109,merge,VERIFY-EVIDENCE-W4-002-L109,,,
RULE-W4-002-167,SRC-W4-002,docs/W4-build/01-go-kratos-sqlc-grpc-service-standard.md,185,185,rewrite,TECH-251-SCHEMA-DATA-GO-KRATOS-SQLC-GRPC-SERVICE-S11,,,
RULE-W4-002-168,SRC-W4-002,docs/W4-build/01-go-kratos-sqlc-grpc-service-standard.md,185,185,merge,TECH-251-SCHEMA-DATA-GO-KRATOS-SQLC-GRPC-SERVICE-S11,,,
RULE-W4-002-169,SRC-W4-002,docs/W4-build/01-go-kratos-sqlc-grpc-service-standard.md,185,185,rewrite,VERIFY-EVIDENCE-W4-002-L185,,,
RULE-W4-003-001,SRC-W4-003,docs/W4-build/02-vite-vercel-frontend-standard.md,3,3,merge,IMPL-MINIMAL-KERNEL-PRECEDENCE,,,
RULE-W4-003-002,SRC-W4-003,docs/W4-build/02-vite-vercel-frontend-standard.md,7,7,merge,IMPL-SPECIALTY-TRIGGER-MATRIX,,,
RULE-W4-003-003,SRC-W4-003,docs/W4-build/02-vite-vercel-frontend-standard.md,9,9,merge,IMPL-W4-MAIN-FIRST,,,
RULE-W4-003-004,SRC-W4-003,docs/W4-build/02-vite-vercel-frontend-standard.md,13,13,rewrite,IMPL-FRONTEND-REQUIREMENT-SOURCE,,,
RULE-W4-003-005,SRC-W4-003,docs/W4-build/02-vite-vercel-frontend-standard.md,39,39,rewrite,EXPERIENCE-FRONTEND-STACK-DEFAULT,,,
RULE-W4-003-006,SRC-W4-003,docs/W4-build/02-vite-vercel-frontend-standard.md,40,40,rewrite,IMPL-VANILLA-STATIC-OPTION,,,
RULE-W4-003-007,SRC-W4-003,docs/W4-build/02-vite-vercel-frontend-standard.md,41,41,merge,IMPL-PACKAGE-MANAGER-DEFAULT,,,
RULE-W4-003-008,SRC-W4-003,docs/W4-build/02-vite-vercel-frontend-standard.md,41,41,merge,IMPL-PACKAGE-MANAGER-DEFAULT,,,
RULE-W4-003-009,SRC-W4-003,docs/W4-build/02-vite-vercel-frontend-standard.md,42,42,rewrite,IMPL-GEIST-SEMANTIC-STYLE,,,
RULE-W4-003-010,SRC-W4-003,docs/W4-build/02-vite-vercel-frontend-standard.md,43,43,rewrite,VERIFY-API-CONTRACT-ERROR-MODEL-FP-W4-003-L043,,,
RULE-W4-003-011,SRC-W4-003,docs/W4-build/02-vite-vercel-frontend-standard.md,43,43,rewrite,TECH-090-API-CONTRACT-ERROR-MODEL-S01,,,
RULE-W4-003-012,SRC-W4-003,docs/W4-build/02-vite-vercel-frontend-standard.md,43,43,rewrite,IMPL-NONDEFAULT-BROWSER-PROTOCOL-DESIGN,,,
RULE-W4-003-013,SRC-W4-003,docs/W4-build/02-vite-vercel-frontend-standard.md,44,44,rewrite,TECH-196-FRONTEND-BOUNDARY-S01,,,
RULE-W4-003-014,SRC-W4-003,docs/W4-build/02-vite-vercel-frontend-standard.md,44,44,rewrite,IMPL-STATE-LIBRARY-REAL-NEED,,,
RULE-W4-003-015,SRC-W4-003,docs/W4-build/02-vite-vercel-frontend-standard.md,45,45,rewrite,TECH-196-FRONTEND-BOUNDARY-S02,,,
RULE-W4-003-016,SRC-W4-003,docs/W4-build/02-vite-vercel-frontend-standard.md,45,45,rewrite,IMPL-COMPONENT-ABSTRACTION-THRESHOLD,,,
RULE-W4-003-017,SRC-W4-003,docs/W4-build/02-vite-vercel-frontend-standard.md,52,52,merge,IMPL-FRONTEND-DIRECTORY-LAYOUT,,,
RULE-W4-003-018,SRC-W4-003,docs/W4-build/02-vite-vercel-frontend-standard.md,53,53,merge,IMPL-FRONTEND-DIRECTORY-LAYOUT,,,
RULE-W4-003-019,SRC-W4-003,docs/W4-build/02-vite-vercel-frontend-standard.md,54,54,rewrite,TECH-166-CONFIG-FLAG-RUNTIME-ROUTING-S01,,,
RULE-W4-003-020,SRC-W4-003,docs/W4-build/02-vite-vercel-frontend-standard.md,55,55,rewrite,TECH-166-CONFIG-FLAG-RUNTIME-ROUTING-S02,,,
RULE-W4-003-021,SRC-W4-003,docs/W4-build/02-vite-vercel-frontend-standard.md,57,57,merge,IMPL-FRONTEND-DIRECTORY-LAYOUT,,,
RULE-W4-003-022,SRC-W4-003,docs/W4-build/02-vite-vercel-frontend-standard.md,58,58,merge,IMPL-FRONTEND-DIRECTORY-LAYOUT,,,
RULE-W4-003-023,SRC-W4-003,docs/W4-build/02-vite-vercel-frontend-standard.md,59,59,merge,IMPL-FRONTEND-DIRECTORY-LAYOUT,,,
RULE-W4-003-024,SRC-W4-003,docs/W4-build/02-vite-vercel-frontend-standard.md,60,60,merge,IMPL-FRONTEND-DIRECTORY-LAYOUT,,,
RULE-W4-003-025,SRC-W4-003,docs/W4-build/02-vite-vercel-frontend-standard.md,61,61,merge,IMPL-FRONTEND-DIRECTORY-LAYOUT,,,
RULE-W4-003-026,SRC-W4-003,docs/W4-build/02-vite-vercel-frontend-standard.md,62,62,merge,IMPL-FRONTEND-DIRECTORY-LAYOUT,,,
RULE-W4-003-027,SRC-W4-003,docs/W4-build/02-vite-vercel-frontend-standard.md,63,63,merge,IMPL-FRONTEND-DIRECTORY-LAYOUT,,,
RULE-W4-003-028,SRC-W4-003,docs/W4-build/02-vite-vercel-frontend-standard.md,64,64,merge,IMPL-FRONTEND-DIRECTORY-LAYOUT,,,
RULE-W4-003-029,SRC-W4-003,docs/W4-build/02-vite-vercel-frontend-standard.md,69,69,rewrite,TECH-090-API-CONTRACT-ERROR-MODEL-S02,,,
RULE-W4-003-030,SRC-W4-003,docs/W4-build/02-vite-vercel-frontend-standard.md,70,70,rewrite,IMPL-SHARED-COMPONENT-SCOPE,,,
RULE-W4-003-031,SRC-W4-003,docs/W4-build/02-vite-vercel-frontend-standard.md,71,71,rewrite,TECH-196-FRONTEND-BOUNDARY-S03,,,
RULE-W4-003-032,SRC-W4-003,docs/W4-build/02-vite-vercel-frontend-standard.md,72,72,merge,IMPL-FRONTEND-SEMANTIC-TOKENS,,,
RULE-W4-003-033,SRC-W4-003,docs/W4-build/02-vite-vercel-frontend-standard.md,73,73,merge,IMPL-FRONTEND-STRUCTURE-YAGNI,,,
RULE-W4-003-034,SRC-W4-003,docs/W4-build/02-vite-vercel-frontend-standard.md,74,74,merge,IMPL-FRONTEND-STRUCTURE-YAGNI,,,
RULE-W4-003-035,SRC-W4-003,docs/W4-build/02-vite-vercel-frontend-standard.md,78,78,rewrite,TECH-090-API-CONTRACT-ERROR-MODEL-S03,,,
RULE-W4-003-036,SRC-W4-003,docs/W4-build/02-vite-vercel-frontend-standard.md,79,79,rewrite,TECH-090-API-CONTRACT-ERROR-MODEL-S04,,,
RULE-W4-003-037,SRC-W4-003,docs/W4-build/02-vite-vercel-frontend-standard.md,79,79,merge,TECH-090-API-CONTRACT-ERROR-MODEL-S04,,,
RULE-W4-003-038,SRC-W4-003,docs/W4-build/02-vite-vercel-frontend-standard.md,80,80,rewrite,TECH-090-API-CONTRACT-ERROR-MODEL-S05,,,
RULE-W4-003-040,SRC-W4-003,docs/W4-build/02-vite-vercel-frontend-standard.md,81,81,merge,EXPERIENCE-BASE-STATE-COVERAGE,CATEGORY-PRODUCT-DESIGN-001;ITEM-EXPERIENCE-001,,
RULE-W4-003-041,SRC-W4-003,docs/W4-build/02-vite-vercel-frontend-standard.md,81,81,merge,EXPERIENCE-BASE-STATE-COVERAGE,CATEGORY-PRODUCT-DESIGN-001;ITEM-EXPERIENCE-001,,
RULE-W4-003-042,SRC-W4-003,docs/W4-build/02-vite-vercel-frontend-standard.md,81,81,merge,EXPERIENCE-BASE-STATE-COVERAGE,CATEGORY-PRODUCT-DESIGN-001;ITEM-EXPERIENCE-001,,
RULE-W4-003-043,SRC-W4-003,docs/W4-build/02-vite-vercel-frontend-standard.md,81,81,merge,EXPERIENCE-BASE-STATE-COVERAGE,CATEGORY-PRODUCT-DESIGN-001;ITEM-EXPERIENCE-001,,
RULE-W4-003-044,SRC-W4-003,docs/W4-build/02-vite-vercel-frontend-standard.md,82,82,rewrite,TECH-119-ASYNC-JOB-CONTRACT-S01,,,
RULE-W4-003-046,SRC-W4-003,docs/W4-build/02-vite-vercel-frontend-standard.md,83,83,rewrite,TECH-170-CONFIG-FLAGS-S01,,,
RULE-W4-003-047,SRC-W4-003,docs/W4-build/02-vite-vercel-frontend-standard.md,83,83,rewrite,TECH-254-SCHEMA-DATA-VITE-VERCEL-FRONTEND-S01,,,
RULE-W4-003-048,SRC-W4-003,docs/W4-build/02-vite-vercel-frontend-standard.md,84,84,rewrite,TECH-254-SCHEMA-DATA-VITE-VERCEL-FRONTEND-S02,,,
RULE-W4-003-049,SRC-W4-003,docs/W4-build/02-vite-vercel-frontend-standard.md,88,88,merge,IMPL-FRONTEND-SEMANTIC-TOKENS,,,
RULE-W4-003-050,SRC-W4-003,docs/W4-build/02-vite-vercel-frontend-standard.md,88,88,merge,IMPL-FRONTEND-SEMANTIC-TOKENS,,,
RULE-W4-003-051,SRC-W4-003,docs/W4-build/02-vite-vercel-frontend-standard.md,114,114,merge,IMPL-FRONTEND-SEMANTIC-TOKENS,,,
RULE-W4-003-053,SRC-W4-003,docs/W4-build/02-vite-vercel-frontend-standard.md,115,115,rewrite,IMPL-CARD-RADIUS-LIMIT,,,
RULE-W4-003-054,SRC-W4-003,docs/W4-build/02-vite-vercel-frontend-standard.md,116,116,merge,IMPL-TOOL-PAGE-DENSITY,,,
RULE-W4-003-055,SRC-W4-003,docs/W4-build/02-vite-vercel-frontend-standard.md,116,116,merge,IMPL-TOOL-PAGE-DENSITY,,,
RULE-W4-003-056,SRC-W4-003,docs/W4-build/02-vite-vercel-frontend-standard.md,117,117,rewrite,TECH-216-GOVERNANCE-VITE-VERCEL-FRONTEND-S01,,,
RULE-W4-003-057,SRC-W4-003,docs/W4-build/02-vite-vercel-frontend-standard.md,117,117,merge,IMPL-ICON-BUTTON-NAME,,,
RULE-W4-003-058,SRC-W4-003,docs/W4-build/02-vite-vercel-frontend-standard.md,118,118,merge,VERIFY-EVIDENCE-W4-003-L118,,,
RULE-W4-003-059,SRC-W4-003,docs/W4-build/02-vite-vercel-frontend-standard.md,119,119,rewrite,IMPL-NO-DECORATIVE-BOKEH,,,
RULE-W4-003-060,SRC-W4-003,docs/W4-build/02-vite-vercel-frontend-standard.md,120,120,merge,IMPL-GRID-CHOICE,,,
RULE-W4-003-061,SRC-W4-003,docs/W4-build/02-vite-vercel-frontend-standard.md,120,120,merge,IMPL-GRID-CHOICE,,,
RULE-W4-003-062,SRC-W4-003,docs/W4-build/02-vite-vercel-frontend-standard.md,124,124,merge,IMPL-PAGE-SEMANTIC-STRUCTURE,,,
RULE-W4-003-063,SRC-W4-003,docs/W4-build/02-vite-vercel-frontend-standard.md,124,124,merge,IMPL-PAGE-SEMANTIC-STRUCTURE,,,
RULE-W4-003-064,SRC-W4-003,docs/W4-build/02-vite-vercel-frontend-standard.md,124,124,merge,IMPL-PAGE-SEMANTIC-STRUCTURE,,,
RULE-W4-003-065,SRC-W4-003,docs/W4-build/02-vite-vercel-frontend-standard.md,125,125,merge,IMPL-INTERACTIVE-A11Y-BASICS,,,
RULE-W4-003-066,SRC-W4-003,docs/W4-build/02-vite-vercel-frontend-standard.md,125,125,merge,IMPL-INTERACTIVE-A11Y-BASICS,,,
RULE-W4-003-067,SRC-W4-003,docs/W4-build/02-vite-vercel-frontend-standard.md,126,126,merge,EXPERIENCE-ACCESSIBILITY-BASELINE,,,
RULE-W4-003-068,SRC-W4-003,docs/W4-build/02-vite-vercel-frontend-standard.md,127,127,merge,IMPL-FORM-STATE-AND-PROTECTION,,,
RULE-W4-003-069,SRC-W4-003,docs/W4-build/02-vite-vercel-frontend-standard.md,127,127,merge,IMPL-FORM-STATE-AND-PROTECTION,,,
RULE-W4-003-070,SRC-W4-003,docs/W4-build/02-vite-vercel-frontend-standard.md,127,127,merge,IMPL-FORM-STATE-AND-PROTECTION,,,
RULE-W4-003-071,SRC-W4-003,docs/W4-build/02-vite-vercel-frontend-standard.md,128,128,merge,IMPL-OVERLAY-FOCUS-BEHAVIOR,,,
RULE-W4-003-072,SRC-W4-003,docs/W4-build/02-vite-vercel-frontend-standard.md,128,128,merge,IMPL-OVERLAY-FOCUS-BEHAVIOR,,,
RULE-W4-003-073,SRC-W4-003,docs/W4-build/02-vite-vercel-frontend-standard.md,128,128,merge,IMPL-OVERLAY-FOCUS-BEHAVIOR,,,
RULE-W4-003-074,SRC-W4-003,docs/W4-build/02-vite-vercel-frontend-standard.md,129,129,merge,IMPL-NOT-COLOR-ONLY,,,
RULE-W4-003-075,SRC-W4-003,docs/W4-build/02-vite-vercel-frontend-standard.md,130,130,merge,IMPL-REDUCED-MOTION,,,
RULE-W4-003-076,SRC-W4-003,docs/W4-build/02-vite-vercel-frontend-standard.md,137,137,rewrite,VERIFY-EVIDENCE-W4-003-L137,,,
RULE-W4-003-077,SRC-W4-003,docs/W4-build/02-vite-vercel-frontend-standard.md,138,138,rewrite,VERIFY-EVIDENCE-W4-003-L138,,,
RULE-W4-003-078,SRC-W4-003,docs/W4-build/02-vite-vercel-frontend-standard.md,139,139,rewrite,VERIFY-EVIDENCE-W4-003-L139,,,
RULE-W4-003-079,SRC-W4-003,docs/W4-build/02-vite-vercel-frontend-standard.md,140,140,rewrite,VERIFY-EVIDENCE-W4-003-L140,,,
RULE-W4-003-080,SRC-W4-003,docs/W4-build/02-vite-vercel-frontend-standard.md,141,141,rewrite,VERIFY-EVIDENCE-W4-003-L141,,,
RULE-W4-003-081,SRC-W4-003,docs/W4-build/02-vite-vercel-frontend-standard.md,144,144,rewrite,VERIFY-EVIDENCE-W4-003-L144,,,
RULE-W4-003-082,SRC-W4-003,docs/W4-build/02-vite-vercel-frontend-standard.md,148,148,rewrite,VERIFY-EVIDENCE-W4-003-L148,,,
RULE-W4-003-083,SRC-W4-003,docs/W4-build/02-vite-vercel-frontend-standard.md,149,149,rewrite,VERIFY-VITE-VERCEL-FRONTEND-W4-003-L149,,,
RULE-W4-003-084,SRC-W4-003,docs/W4-build/02-vite-vercel-frontend-standard.md,150,150,rewrite,VERIFY-EVIDENCE-W4-003-L150,,,
RULE-W4-003-085,SRC-W4-003,docs/W4-build/02-vite-vercel-frontend-standard.md,151,151,merge,RELEASE-FRONTEND-001,,,
RULE-W4-003-086,SRC-W4-003,docs/W4-build/02-vite-vercel-frontend-standard.md,152,152,merge,VERIFY-PLANNING-GOVERNANCE-ROUTING-FP-W4-003-L152,,,
RULE-W4-003-087,SRC-W4-003,docs/W4-build/02-vite-vercel-frontend-standard.md,152,152,merge,VERIFY-PLANNING-GOVERNANCE-ROUTING-FP-W4-003-L152,,,
RULE-W4-003-088,SRC-W4-003,docs/W4-build/02-vite-vercel-frontend-standard.md,152,152,merge,VERIFY-PLANNING-GOVERNANCE-ROUTING-FP-W4-003-L152,,,
RULE-W4-003-089,SRC-W4-003,docs/W4-build/02-vite-vercel-frontend-standard.md,160,160,rewrite,VERIFY-EVIDENCE-W4-003-L160,,,
RULE-W4-003-090,SRC-W4-003,docs/W4-build/02-vite-vercel-frontend-standard.md,161,161,rewrite,VERIFY-EVIDENCE-W4-003-L161,,,
RULE-W4-003-091,SRC-W4-003,docs/W4-build/02-vite-vercel-frontend-standard.md,162,162,rewrite,VERIFY-EVIDENCE-W4-003-L162,,,
RULE-W4-003-092,SRC-W4-003,docs/W4-build/02-vite-vercel-frontend-standard.md,163,163,rewrite,VERIFY-EVIDENCE-W4-003-L163,,,
RULE-W4-003-093,SRC-W4-003,docs/W4-build/02-vite-vercel-frontend-standard.md,164,164,rewrite,VERIFY-EVIDENCE-W4-003-L164,,,
RULE-W4-003-094,SRC-W4-003,docs/W4-build/02-vite-vercel-frontend-standard.md,165,165,rewrite,VERIFY-EVIDENCE-W4-003-L165,,,
RULE-W4-003-095,SRC-W4-003,docs/W4-build/02-vite-vercel-frontend-standard.md,3,3,merge,IMPL-OPTIONAL-PLAYBOOK-STATUS,,,
RULE-W4-003-096,SRC-W4-003,docs/W4-build/02-vite-vercel-frontend-standard.md,118,118,merge,VERIFY-EVIDENCE-W4-003-L118,,,
RULE-W4-003-097,SRC-W4-003,docs/W4-build/02-vite-vercel-frontend-standard.md,118,118,merge,VERIFY-EVIDENCE-W4-003-L118,,,
RULE-W4-003-098,SRC-W4-003,docs/W4-build/02-vite-vercel-frontend-standard.md,118,118,merge,VERIFY-EVIDENCE-W4-003-L118,,,
RULE-W4-003-099,SRC-W4-003,docs/W4-build/02-vite-vercel-frontend-standard.md,118,118,merge,VERIFY-EVIDENCE-W4-003-L118,,,
RULE-W4-003-100,SRC-W4-003,docs/W4-build/02-vite-vercel-frontend-standard.md,118,118,merge,VERIFY-EVIDENCE-W4-003-L118,,,
RULE-W4-004-001,SRC-W4-004,docs/W4-build/03-data-migration-standard.md,3,3,merge,IMPL-MINIMAL-KERNEL-PRECEDENCE,,,
RULE-W4-004-002,SRC-W4-004,docs/W4-build/03-data-migration-standard.md,7,7,merge,IMPL-SPECIALTY-TRIGGER-MATRIX,,,
RULE-W4-004-003,SRC-W4-004,docs/W4-build/03-data-migration-standard.md,9,9,merge,IMPL-W4-MAIN-FIRST,,,
RULE-W4-004-004,SRC-W4-004,docs/W4-build/03-data-migration-standard.md,13,13,rewrite,IMPL-DATA-CHANGE-VERSION-CONTROL,,,
RULE-W4-004-005,SRC-W4-004,docs/W4-build/03-data-migration-standard.md,13,13,rewrite,VERIFY-EVIDENCE-W4-004-L013,,,
RULE-W4-004-006,SRC-W4-004,docs/W4-build/03-data-migration-standard.md,15,15,rewrite,IMPL-DATA-DEFAULT-STACK,,,
RULE-W4-004-007,SRC-W4-004,docs/W4-build/03-data-migration-standard.md,15,15,merge,IMPL-MIGRATION-TOOL-DEFAULT,,,
RULE-W4-004-008,SRC-W4-004,docs/W4-build/03-data-migration-standard.md,15,15,merge,IMPL-MIGRATION-TOOL-DEFAULT,,,
RULE-W4-004-009,SRC-W4-004,docs/W4-build/03-data-migration-standard.md,15,15,rewrite,IMPL-DOWN-MIGRATION-SAFETY,,,
RULE-W4-004-010,SRC-W4-004,docs/W4-build/03-data-migration-standard.md,15,15,rewrite,IMPL-HIGH-RISK-MIGRATION-FORWARD-RECOVERY,,,
RULE-W4-004-011,SRC-W4-004,docs/W4-build/03-data-migration-standard.md,45,45,rewrite,TECH-249-SCHEMA-DATA-DATA-MIGRATION-S01,,,
RULE-W4-004-012,SRC-W4-004,docs/W4-build/03-data-migration-standard.md,45,45,rewrite,TECH-206-GOVERNANCE-DATA-MIGRATION-S01,,,
RULE-W4-004-013,SRC-W4-004,docs/W4-build/03-data-migration-standard.md,46,46,rewrite,TECH-222-MIGRATION-BACKFILL-DATA-FIX-S01,,,
RULE-W4-004-015,SRC-W4-004,docs/W4-build/03-data-migration-standard.md,47,47,rewrite,TECH-249-SCHEMA-DATA-DATA-MIGRATION-S02,,,
RULE-W4-004-016,SRC-W4-004,docs/W4-build/03-data-migration-standard.md,47,47,rewrite,TECH-249-SCHEMA-DATA-DATA-MIGRATION-S03,,,
RULE-W4-004-017,SRC-W4-004,docs/W4-build/03-data-migration-standard.md,48,48,merge,TECH-251-SCHEMA-DATA-GO-KRATOS-SQLC-GRPC-SERVICE-S06,,,
RULE-W4-004-018,SRC-W4-004,docs/W4-build/03-data-migration-standard.md,48,48,rewrite,TECH-206-GOVERNANCE-DATA-MIGRATION-S02,,,
RULE-W4-004-019,SRC-W4-004,docs/W4-build/03-data-migration-standard.md,49,49,rewrite,TECH-249-SCHEMA-DATA-DATA-MIGRATION-S05,,,
RULE-W4-004-020,SRC-W4-004,docs/W4-build/03-data-migration-standard.md,49,49,rewrite,IMPL-NO-RETROACTIVE-PROD-DDL,,,
RULE-W4-004-021,SRC-W4-004,docs/W4-build/03-data-migration-standard.md,50,50,rewrite,IMPL-SCHEMA-QUERY-GENERATE-CODE-ORDER,,,
RULE-W4-004-022,SRC-W4-004,docs/W4-build/03-data-migration-standard.md,51,51,merge,RELEASE-MIGRATION-001,,,
RULE-W4-004-023,SRC-W4-004,docs/W4-build/03-data-migration-standard.md,51,51,rewrite,IMPL-NO-LOCAL-PROD-MIGRATION,,,
RULE-W4-004-024,SRC-W4-004,docs/W4-build/03-data-migration-standard.md,52,52,rewrite,TECH-222-MIGRATION-BACKFILL-DATA-FIX-S02,,,
RULE-W4-004-025,SRC-W4-004,docs/W4-build/03-data-migration-standard.md,53,53,rewrite,TECH-091-API-CONTRACT-ERROR-MODEL-S01,,,
RULE-W4-004-027,SRC-W4-004,docs/W4-build/03-data-migration-standard.md,54,54,rewrite,TECH-222-MIGRATION-BACKFILL-DATA-FIX-S03,,,
RULE-W4-004-028,SRC-W4-004,docs/W4-build/03-data-migration-standard.md,61,61,merge,IMPL-DATA-ARTIFACT-PATHS,,,
RULE-W4-004-029,SRC-W4-004,docs/W4-build/03-data-migration-standard.md,62,62,merge,IMPL-DATA-ARTIFACT-PATHS,,,
RULE-W4-004-030,SRC-W4-004,docs/W4-build/03-data-migration-standard.md,63,63,merge,IMPL-DATA-ARTIFACT-PATHS,,,
RULE-W4-004-031,SRC-W4-004,docs/W4-build/03-data-migration-standard.md,64,64,merge,IMPL-DATA-ARTIFACT-PATHS,,,
RULE-W4-004-032,SRC-W4-004,docs/W4-build/03-data-migration-standard.md,66,66,merge,IMPL-DATA-ARTIFACT-PATHS,,,
RULE-W4-004-033,SRC-W4-004,docs/W4-build/03-data-migration-standard.md,68,68,merge,IMPL-DATA-ARTIFACT-PATHS,,,
RULE-W4-004-034,SRC-W4-004,docs/W4-build/03-data-migration-standard.md,69,69,merge,IMPL-DATA-ARTIFACT-PATHS,,,
RULE-W4-004-035,SRC-W4-004,docs/W4-build/03-data-migration-standard.md,70,70,merge,OPERATION-BACKUP-003,,,
RULE-W4-004-036,SRC-W4-004,docs/W4-build/03-data-migration-standard.md,71,71,merge,IMPL-DATA-ARTIFACT-PATHS,,,
RULE-W4-004-037,SRC-W4-004,docs/W4-build/03-data-migration-standard.md,74,74,merge,IMPL-EXISTING-DATA-PATH-RECORD,,,
RULE-W4-004-038,SRC-W4-004,docs/W4-build/03-data-migration-standard.md,74,74,merge,IMPL-EXISTING-DATA-PATH-RECORD,,,
RULE-W4-004-039,SRC-W4-004,docs/W4-build/03-data-migration-standard.md,76,76,rewrite,VERIFY-EVIDENCE-W4-004-L076,,,
RULE-W4-004-040,SRC-W4-004,docs/W4-build/03-data-migration-standard.md,80,80,merge,IMPL-DATA-CHANGE-CORE-SCHEMA,,,
RULE-W4-004-041,SRC-W4-004,docs/W4-build/03-data-migration-standard.md,81,81,merge,IMPL-DATA-CHANGE-CORE-SCHEMA,,,
RULE-W4-004-042,SRC-W4-004,docs/W4-build/03-data-migration-standard.md,82,82,merge,IMPL-DATA-CHANGE-CORE-SCHEMA,,,
RULE-W4-004-043,SRC-W4-004,docs/W4-build/03-data-migration-standard.md,83,83,merge,IMPL-DATA-CHANGE-CORE-SCHEMA,,,
RULE-W4-004-044,SRC-W4-004,docs/W4-build/03-data-migration-standard.md,84,84,merge,IMPL-DATA-CHANGE-CORE-SCHEMA,,,
RULE-W4-004-045,SRC-W4-004,docs/W4-build/03-data-migration-standard.md,85,85,merge,IMPL-DATA-CHANGE-CORE-SCHEMA,,,
RULE-W4-004-046,SRC-W4-004,docs/W4-build/03-data-migration-standard.md,86,89,merge,IMPL-DATA-CHANGE-CORE-SCHEMA,,,
RULE-W4-004-047,SRC-W4-004,docs/W4-build/03-data-migration-standard.md,90,90,merge,IMPL-DATA-CHANGE-CORE-SCHEMA,,,
RULE-W4-004-048,SRC-W4-004,docs/W4-build/03-data-migration-standard.md,91,95,merge,IMPL-DATA-CHANGE-SQLC-SCHEMA,,,
RULE-W4-004-049,SRC-W4-004,docs/W4-build/03-data-migration-standard.md,92,92,merge,IMPL-DATA-CHANGE-SQLC-SCHEMA,,,
RULE-W4-004-050,SRC-W4-004,docs/W4-build/03-data-migration-standard.md,93,93,merge,IMPL-DATA-CHANGE-SQLC-SCHEMA,,,
RULE-W4-004-051,SRC-W4-004,docs/W4-build/03-data-migration-standard.md,94,94,merge,IMPL-DATA-CHANGE-SQLC-SCHEMA,,,
RULE-W4-004-052,SRC-W4-004,docs/W4-build/03-data-migration-standard.md,96,96,merge,IMPL-DATA-CHANGE-CORE-SCHEMA,,,
RULE-W4-004-053,SRC-W4-004,docs/W4-build/03-data-migration-standard.md,97,101,merge,OPERATION-BACKUP-002,,,
RULE-W4-004-054,SRC-W4-004,docs/W4-build/03-data-migration-standard.md,98,98,merge,OPERATION-BACKUP-002,,,
RULE-W4-004-055,SRC-W4-004,docs/W4-build/03-data-migration-standard.md,99,99,merge,OPERATION-BACKUP-002,,,
RULE-W4-004-056,SRC-W4-004,docs/W4-build/03-data-migration-standard.md,100,100,merge,OPERATION-BACKUP-002,,,
RULE-W4-004-057,SRC-W4-004,docs/W4-build/03-data-migration-standard.md,102,105,merge,IMPL-DATA-CHANGE-ROLLBACK-SCHEMA,,,
RULE-W4-004-058,SRC-W4-004,docs/W4-build/03-data-migration-standard.md,103,103,merge,IMPL-DATA-CHANGE-ROLLBACK-SCHEMA,,,
RULE-W4-004-059,SRC-W4-004,docs/W4-build/03-data-migration-standard.md,104,104,merge,IMPL-DATA-CHANGE-ROLLBACK-SCHEMA,,,
RULE-W4-004-060,SRC-W4-004,docs/W4-build/03-data-migration-standard.md,106,109,rewrite,VERIFY-DATA-MIGRATION-W4-004-L106,,,
RULE-W4-004-061,SRC-W4-004,docs/W4-build/03-data-migration-standard.md,107,107,merge,IMPL-DATA-CHANGE-VERIFICATION-SCHEMA,,,
RULE-W4-004-062,SRC-W4-004,docs/W4-build/03-data-migration-standard.md,108,108,merge,IMPL-DATA-CHANGE-VERIFICATION-SCHEMA,,,
RULE-W4-004-063,SRC-W4-004,docs/W4-build/03-data-migration-standard.md,110,114,merge,IMPL-DATA-CHANGE-PRIVACY-SCHEMA,,,
RULE-W4-004-064,SRC-W4-004,docs/W4-build/03-data-migration-standard.md,111,111,merge,IMPL-DATA-CHANGE-PRIVACY-SCHEMA,,,
RULE-W4-004-065,SRC-W4-004,docs/W4-build/03-data-migration-standard.md,112,112,merge,IMPL-DATA-CHANGE-PRIVACY-SCHEMA,,,
RULE-W4-004-066,SRC-W4-004,docs/W4-build/03-data-migration-standard.md,113,113,merge,IMPL-DATA-CHANGE-PRIVACY-SCHEMA,,,
RULE-W4-004-067,SRC-W4-004,docs/W4-build/03-data-migration-standard.md,115,118,merge,IMPL-DATA-CHANGE-HUMAN-CHECKPOINT-SCHEMA,,,
RULE-W4-004-068,SRC-W4-004,docs/W4-build/03-data-migration-standard.md,116,116,merge,IMPL-DATA-CHANGE-HUMAN-CHECKPOINT-SCHEMA,,,
RULE-W4-004-069,SRC-W4-004,docs/W4-build/03-data-migration-standard.md,117,117,merge,IMPL-DATA-CHANGE-HUMAN-CHECKPOINT-SCHEMA,,,
RULE-W4-004-070,SRC-W4-004,docs/W4-build/03-data-migration-standard.md,124,124,merge,IMPL-PRODUCTION-DATA-CHANGE-RECORD,,,
RULE-W4-004-071,SRC-W4-004,docs/W4-build/03-data-migration-standard.md,125,125,merge,IMPL-PRODUCTION-DATA-CHANGE-RECORD,,,
RULE-W4-004-072,SRC-W4-004,docs/W4-build/03-data-migration-standard.md,126,126,rewrite,TECH-222-MIGRATION-BACKFILL-DATA-FIX-S04,,,
RULE-W4-004-073,SRC-W4-004,docs/W4-build/03-data-migration-standard.md,126,126,rewrite,IMPL-FIX-BACKFILL-RECORD,,,
RULE-W4-004-074,SRC-W4-004,docs/W4-build/03-data-migration-standard.md,127,127,rewrite,TECH-249-SCHEMA-DATA-DATA-MIGRATION-S06,,,
RULE-W4-004-075,SRC-W4-004,docs/W4-build/03-data-migration-standard.md,133,133,rewrite,TECH-222-MIGRATION-BACKFILL-DATA-FIX-S05,,,
RULE-W4-004-076,SRC-W4-004,docs/W4-build/03-data-migration-standard.md,134,134,rewrite,IMPL-DATA-SYNC-UPDATE-QUERY,,,
RULE-W4-004-077,SRC-W4-004,docs/W4-build/03-data-migration-standard.md,135,135,rewrite,IMPL-DATA-SYNC-GENERATE,,,
RULE-W4-004-078,SRC-W4-004,docs/W4-build/03-data-migration-standard.md,136,136,rewrite,VERIFY-BUILD-TYPECHECK-FP-W4-004-L136,,,
RULE-W4-004-079,SRC-W4-004,docs/W4-build/03-data-migration-standard.md,136,136,rewrite,TECH-222-MIGRATION-BACKFILL-DATA-FIX-S06,,,
RULE-W4-004-080,SRC-W4-004,docs/W4-build/03-data-migration-standard.md,137,137,rewrite,IMPL-DATA-SYNC-REPOSITORY-TESTS,,,
RULE-W4-004-081,SRC-W4-004,docs/W4-build/03-data-migration-standard.md,138,138,rewrite,IMPL-DATA-SYNC-NO-GENERATED-EDIT,,,
RULE-W4-004-082,SRC-W4-004,docs/W4-build/03-data-migration-standard.md,142,142,rewrite,TECH-249-SCHEMA-DATA-DATA-MIGRATION-S07,,,
RULE-W4-004-083,SRC-W4-004,docs/W4-build/03-data-migration-standard.md,143,143,rewrite,TECH-206-GOVERNANCE-DATA-MIGRATION-S03,,,
RULE-W4-004-084,SRC-W4-004,docs/W4-build/03-data-migration-standard.md,144,144,rewrite,TECH-206-GOVERNANCE-DATA-MIGRATION-S04,,,
RULE-W4-004-085,SRC-W4-004,docs/W4-build/03-data-migration-standard.md,145,145,rewrite,TECH-249-SCHEMA-DATA-DATA-MIGRATION-S08,,,
RULE-W4-004-086,SRC-W4-004,docs/W4-build/03-data-migration-standard.md,145,145,rewrite,TECH-249-SCHEMA-DATA-DATA-MIGRATION-S09,,,
RULE-W4-004-087,SRC-W4-004,docs/W4-build/03-data-migration-standard.md,145,145,merge,TECH-249-SCHEMA-DATA-DATA-MIGRATION-S09,,,
RULE-W4-004-088,SRC-W4-004,docs/W4-build/03-data-migration-standard.md,146,146,rewrite,VERIFY-EVIDENCE-CHECK-DATA-MIGRATION,,,
RULE-W4-004-089,SRC-W4-004,docs/W4-build/03-data-migration-standard.md,146,146,rewrite,TECH-206-GOVERNANCE-DATA-MIGRATION-S05,,,
RULE-W4-004-090,SRC-W4-004,docs/W4-build/03-data-migration-standard.md,146,146,merge,TECH-206-GOVERNANCE-DATA-MIGRATION-S05,,,
RULE-W4-004-091,SRC-W4-004,docs/W4-build/03-data-migration-standard.md,146,146,merge,TECH-206-GOVERNANCE-DATA-MIGRATION-S05,,,
RULE-W4-004-092,SRC-W4-004,docs/W4-build/03-data-migration-standard.md,147,147,rewrite,TECH-235-PLANNING-GOVERNANCE-ROUTING-S01,,,
RULE-W4-004-093,SRC-W4-004,docs/W4-build/03-data-migration-standard.md,147,147,rewrite,VERIFY-EVIDENCE-W4-004-L147,,,
RULE-W4-004-094,SRC-W4-004,docs/W4-build/03-data-migration-standard.md,148,148,merge,VERIFY-EVIDENCE-W4-004-L148,,,
RULE-W4-004-095,SRC-W4-004,docs/W4-build/03-data-migration-standard.md,154,154,merge,RELEASE-MIGRATION-001,,,
RULE-W4-004-096,SRC-W4-004,docs/W4-build/03-data-migration-standard.md,155,155,merge,OPERATION-BACKUP-002,,,
RULE-W4-004-097,SRC-W4-004,docs/W4-build/03-data-migration-standard.md,155,155,merge,OPERATION-BACKUP-002,,,
RULE-W4-004-098,SRC-W4-004,docs/W4-build/03-data-migration-standard.md,156,156,merge,RELEASE-MIGRATION-001,,,
RULE-W4-004-099,SRC-W4-004,docs/W4-build/03-data-migration-standard.md,157,157,rewrite,TECH-249-SCHEMA-DATA-DATA-MIGRATION-S10,,,
RULE-W4-004-100,SRC-W4-004,docs/W4-build/03-data-migration-standard.md,158,158,rewrite,TECH-249-SCHEMA-DATA-DATA-MIGRATION-S11,,,
RULE-W4-004-101,SRC-W4-004,docs/W4-build/03-data-migration-standard.md,159,159,merge,RELEASE-MIGRATION-002,,,
RULE-W4-004-102,SRC-W4-004,docs/W4-build/03-data-migration-standard.md,160,160,merge,VERIFY-EVIDENCE-W4-004-L160,,,
RULE-W4-004-103,SRC-W4-004,docs/W4-build/03-data-migration-standard.md,161,161,rewrite,TECH-091-API-CONTRACT-ERROR-MODEL-S02,,,
RULE-W4-004-104,SRC-W4-004,docs/W4-build/03-data-migration-standard.md,162,162,merge,RELEASE-MIGRATION-003,,,
RULE-W4-004-105,SRC-W4-004,docs/W4-build/03-data-migration-standard.md,164,164,merge,RELEASE-MIGRATION-002,,,
RULE-W4-004-106,SRC-W4-004,docs/W4-build/03-data-migration-standard.md,170,170,merge,IMPL-BACKFILL-DESIGN-FIELDS,,,
RULE-W4-004-107,SRC-W4-004,docs/W4-build/03-data-migration-standard.md,170,170,merge,IMPL-BACKFILL-DESIGN-FIELDS,,,
RULE-W4-004-108,SRC-W4-004,docs/W4-build/03-data-migration-standard.md,170,170,merge,IMPL-BACKFILL-DESIGN-FIELDS,,,
RULE-W4-004-109,SRC-W4-004,docs/W4-build/03-data-migration-standard.md,170,170,merge,IMPL-BACKFILL-DESIGN-FIELDS,,,
RULE-W4-004-110,SRC-W4-004,docs/W4-build/03-data-migration-standard.md,171,171,rewrite,TECH-222-MIGRATION-BACKFILL-DATA-FIX-S07,,,
RULE-W4-004-111,SRC-W4-004,docs/W4-build/03-data-migration-standard.md,172,172,merge,IMPL-BACKFILL-BATCH-PROGRESS,,,
RULE-W4-004-112,SRC-W4-004,docs/W4-build/03-data-migration-standard.md,173,173,rewrite,IMPL-BACKFILL-DRY-OR-SAMPLE,,,
RULE-W4-004-113,SRC-W4-004,docs/W4-build/03-data-migration-standard.md,174,174,merge,IMPL-BACKFILL-STOP-AND-FAILURE,,,
RULE-W4-004-114,SRC-W4-004,docs/W4-build/03-data-migration-standard.md,174,174,merge,IMPL-BACKFILL-STOP-AND-FAILURE,,,
RULE-W4-004-115,SRC-W4-004,docs/W4-build/03-data-migration-standard.md,175,175,rewrite,IMPL-BACKFILL-NONPEAK-DEFAULT,,,
RULE-W4-004-116,SRC-W4-004,docs/W4-build/03-data-migration-standard.md,177,177,rewrite,IMPL-PRODUCTION-DATA-FIX-PATH,,,
RULE-W4-004-117,SRC-W4-004,docs/W4-build/03-data-migration-standard.md,182,182,merge,IMPL-DATA-FIX-RECORD-FIELDS,,,
RULE-W4-004-118,SRC-W4-004,docs/W4-build/03-data-migration-standard.md,194,194,rewrite,IMPL-MANUAL-SQL-FILE-REVIEW,,,
RULE-W4-004-119,SRC-W4-004,docs/W4-build/03-data-migration-standard.md,194,194,rewrite,IMPL-EMERGENCY-SQL-AFTERCARE,,,
RULE-W4-004-120,SRC-W4-004,docs/W4-build/03-data-migration-standard.md,200,200,rewrite,IMPL-NO-PURPOSELESS-DATA,,,
RULE-W4-004-121,SRC-W4-004,docs/W4-build/03-data-migration-standard.md,201,201,merge,IMPL-PERSONAL-FIELD-PURPOSE-RETENTION,,,
RULE-W4-004-122,SRC-W4-004,docs/W4-build/03-data-migration-standard.md,201,201,merge,IMPL-PERSONAL-FIELD-PURPOSE-RETENTION,,,
RULE-W4-004-123,SRC-W4-004,docs/W4-build/03-data-migration-standard.md,201,201,rewrite,TECH-249-SCHEMA-DATA-DATA-MIGRATION-S12,,,
RULE-W4-004-124,SRC-W4-004,docs/W4-build/03-data-migration-standard.md,201,201,rewrite,VERIFY-AI-EVAL-FIXTURE-W4-004-L201,,,
RULE-W4-004-125,SRC-W4-004,docs/W4-build/03-data-migration-standard.md,202,202,rewrite,TECH-143-AUTH-TENANT-PERMISSION-S01,,,
RULE-W4-004-126,SRC-W4-004,docs/W4-build/03-data-migration-standard.md,203,203,merge,IMPL-BACKUP-DELETION-FOLLOWUP,,,
RULE-W4-004-127,SRC-W4-004,docs/W4-build/03-data-migration-standard.md,203,203,merge,IMPL-BACKUP-DELETION-FOLLOWUP,,,
RULE-W4-004-128,SRC-W4-004,docs/W4-build/03-data-migration-standard.md,204,204,rewrite,VERIFY-AI-EVAL-FIXTURE-W4-004-L204,,,
RULE-W4-004-130,SRC-W4-004,docs/W4-build/03-data-migration-standard.md,210,210,merge,OPERATION-BACKUP-001,,,
RULE-W4-004-131,SRC-W4-004,docs/W4-build/03-data-migration-standard.md,210,210,merge,OPERATION-BACKUP-001,,,
RULE-W4-004-132,SRC-W4-004,docs/W4-build/03-data-migration-standard.md,211,211,merge,OPERATION-BACKUP-001,,,
RULE-W4-004-133,SRC-W4-004,docs/W4-build/03-data-migration-standard.md,211,211,merge,OPERATION-BACKUP-001,,,
RULE-W4-004-134,SRC-W4-004,docs/W4-build/03-data-migration-standard.md,212,212,merge,OPERATION-BACKUP-003,,,
RULE-W4-004-135,SRC-W4-004,docs/W4-build/03-data-migration-standard.md,213,213,merge,OPERATION-BACKUP-003,,,
RULE-W4-004-136,SRC-W4-004,docs/W4-build/03-data-migration-standard.md,214,214,rewrite,VERIFY-BACKUP-RESTORE-RECOVERY-FP-W4-004-L214,,,
RULE-W4-004-137,SRC-W4-004,docs/W4-build/03-data-migration-standard.md,221,221,merge,OPERATION-BACKUP-003,,,
RULE-W4-004-138,SRC-W4-004,docs/W4-build/03-data-migration-standard.md,223,223,merge,OPERATION-BACKUP-003,,,
RULE-W4-004-139,SRC-W4-004,docs/W4-build/03-data-migration-standard.md,225,225,merge,OPERATION-BACKUP-003,,,
RULE-W4-004-140,SRC-W4-004,docs/W4-build/03-data-migration-standard.md,227,227,rewrite,VERIFY-BACKUP-RESTORE-RECOVERY-FP-W4-004-L227,,,
RULE-W4-004-141,SRC-W4-004,docs/W4-build/03-data-migration-standard.md,229,229,merge,OPERATION-BACKUP-003,,,
RULE-W4-004-142,SRC-W4-004,docs/W4-build/03-data-migration-standard.md,238,238,merge,IMPL-DESTRUCTIVE-DATA-HUMAN-GATE,,,
RULE-W4-004-143,SRC-W4-004,docs/W4-build/03-data-migration-standard.md,239,239,merge,IMPL-CI-PRODUCTION-MIGRATION-HUMAN-GATE,,,
RULE-W4-004-144,SRC-W4-004,docs/W4-build/03-data-migration-standard.md,240,240,rewrite,TECH-222-MIGRATION-BACKFILL-DATA-FIX-S08,,,
RULE-W4-004-145,SRC-W4-004,docs/W4-build/03-data-migration-standard.md,241,241,rewrite,IMPL-PERSONAL-DATA-CHANGE-HUMAN-GATE,,,
RULE-W4-004-146,SRC-W4-004,docs/W4-build/03-data-migration-standard.md,242,242,rewrite,VERIFY-EVIDENCE-W4-004-L242,,,
RULE-W4-004-147,SRC-W4-004,docs/W4-build/03-data-migration-standard.md,243,243,rewrite,VERIFY-AI-EVAL-FIXTURE-W4-004-L243,,,
RULE-W4-004-148,SRC-W4-004,docs/W4-build/03-data-migration-standard.md,245,245,merge,IMPL-PRODUCTION-DATA-CHANGE-RECORD,,,
RULE-W4-004-149,SRC-W4-004,docs/W4-build/03-data-migration-standard.md,245,245,merge,IMPL-DESTRUCTIVE-DATA-HUMAN-GATE,,,
RULE-W4-004-150,SRC-W4-004,docs/W4-build/03-data-migration-standard.md,183,183,merge,IMPL-DATA-FIX-RECORD-FIELDS,,,
RULE-W4-004-151,SRC-W4-004,docs/W4-build/03-data-migration-standard.md,184,184,merge,IMPL-DATA-FIX-RECORD-FIELDS,,,
RULE-W4-004-152,SRC-W4-004,docs/W4-build/03-data-migration-standard.md,185,185,merge,IMPL-DATA-FIX-RECORD-FIELDS,,,
RULE-W4-004-153,SRC-W4-004,docs/W4-build/03-data-migration-standard.md,186,186,merge,IMPL-DATA-FIX-RECORD-FIELDS,,,
RULE-W4-004-154,SRC-W4-004,docs/W4-build/03-data-migration-standard.md,187,187,merge,IMPL-DATA-FIX-RECORD-FIELDS,,,
RULE-W4-004-155,SRC-W4-004,docs/W4-build/03-data-migration-standard.md,188,188,merge,OPERATION-BACKUP-002,,,
RULE-W4-004-156,SRC-W4-004,docs/W4-build/03-data-migration-standard.md,189,189,rewrite,VERIFY-MIGRATION-BACKFILL-DATA-FIX-FP-W4-004-L189,,,
RULE-W4-004-157,SRC-W4-004,docs/W4-build/03-data-migration-standard.md,190,190,merge,IMPL-DATA-FIX-RECORD-FIELDS,,,
RULE-W4-004-158,SRC-W4-004,docs/W4-build/03-data-migration-standard.md,191,191,merge,IMPL-DATA-FIX-RECORD-FIELDS,,,
RULE-W4-004-159,SRC-W4-004,docs/W4-build/03-data-migration-standard.md,3,3,merge,IMPL-OPTIONAL-PLAYBOOK-STATUS,,,
RULE-W4-004-160,SRC-W4-004,docs/W4-build/03-data-migration-standard.md,47,47,merge,TECH-249-SCHEMA-DATA-DATA-MIGRATION-S03,,,
RULE-W4-004-161,SRC-W4-004,docs/W4-build/03-data-migration-standard.md,47,47,merge,TECH-249-SCHEMA-DATA-DATA-MIGRATION-S03,,,
RULE-W4-004-162,SRC-W4-004,docs/W4-build/03-data-migration-standard.md,48,48,rewrite,TECH-206-GOVERNANCE-DATA-MIGRATION-S06,,,
RULE-W4-004-163,SRC-W4-004,docs/W4-build/03-data-migration-standard.md,48,48,rewrite,TECH-120-ASYNC-JOB-CONTRACT-S01,,,
RULE-W4-004-164,SRC-W4-004,docs/W4-build/03-data-migration-standard.md,48,48,rewrite,TECH-206-GOVERNANCE-DATA-MIGRATION-S07,,,
RULE-W4-004-165,SRC-W4-004,docs/W4-build/03-data-migration-standard.md,48,48,rewrite,TECH-206-GOVERNANCE-DATA-MIGRATION-S08,,,
RULE-W4-004-166,SRC-W4-004,docs/W4-build/03-data-migration-standard.md,48,48,rewrite,TECH-206-GOVERNANCE-DATA-MIGRATION-S09,,,
RULE-W4-004-167,SRC-W4-004,docs/W4-build/03-data-migration-standard.md,48,48,rewrite,TECH-206-GOVERNANCE-DATA-MIGRATION-S10,,,
RULE-W4-004-168,SRC-W4-004,docs/W4-build/03-data-migration-standard.md,148,148,merge,VERIFY-EVIDENCE-W4-004-L148,,,
RULE-W4-004-169,SRC-W4-004,docs/W4-build/03-data-migration-standard.md,148,148,merge,VERIFY-EVIDENCE-W4-004-L148,,,
RULE-W4-004-170,SRC-W4-004,docs/W4-build/03-data-migration-standard.md,148,148,merge,VERIFY-EVIDENCE-W4-004-L148,,,
RULE-W4-004-171,SRC-W4-004,docs/W4-build/03-data-migration-standard.md,148,148,merge,VERIFY-EVIDENCE-W4-004-L148,,,
RULE-W4-004-172,SRC-W4-004,docs/W4-build/03-data-migration-standard.md,148,148,merge,VERIFY-EVIDENCE-W4-004-L148,,,
RULE-W4-004-173,SRC-W4-004,docs/W4-build/03-data-migration-standard.md,154,154,merge,RELEASE-MIGRATION-001,,,
RULE-W4-004-174,SRC-W4-004,docs/W4-build/03-data-migration-standard.md,154,154,merge,RELEASE-MIGRATION-001,,,
RULE-W4-004-175,SRC-W4-004,docs/W4-build/03-data-migration-standard.md,154,154,merge,RELEASE-MIGRATION-001,,,
RULE-W4-004-176,SRC-W4-004,docs/W4-build/03-data-migration-standard.md,159,159,merge,IMPL-PRODUCTION-BACKFILL-CONTROLS,,,
RULE-W4-004-177,SRC-W4-004,docs/W4-build/03-data-migration-standard.md,159,159,merge,IMPL-PRODUCTION-BACKFILL-CONTROLS,,,
RULE-W4-004-178,SRC-W4-004,docs/W4-build/03-data-migration-standard.md,159,159,merge,IMPL-PRODUCTION-BACKFILL-CONTROLS,,,
RULE-W4-004-179,SRC-W4-004,docs/W4-build/03-data-migration-standard.md,160,160,merge,VERIFY-EVIDENCE-W4-004-L160,,,
RULE-W4-004-180,SRC-W4-004,docs/W4-build/03-data-migration-standard.md,160,160,merge,VERIFY-EVIDENCE-W4-004-L160,,,
RULE-W4-004-181,SRC-W4-004,docs/W4-build/03-data-migration-standard.md,160,160,merge,VERIFY-EVIDENCE-W4-004-L160,,,
RULE-W4-004-182,SRC-W4-004,docs/W4-build/03-data-migration-standard.md,160,160,merge,VERIFY-EVIDENCE-W4-004-L160,,,
RULE-W4-004-183,SRC-W4-004,docs/W4-build/03-data-migration-standard.md,162,162,merge,RELEASE-MIGRATION-003,,,
RULE-W4-004-184,SRC-W4-004,docs/W4-build/03-data-migration-standard.md,162,162,merge,RELEASE-MIGRATION-003,,,
RULE-W4-004-185,SRC-W4-004,docs/W4-build/03-data-migration-standard.md,162,162,merge,RELEASE-MIGRATION-003,,,
RULE-W4-004-186,SRC-W4-004,docs/W4-build/03-data-migration-standard.md,162,162,merge,RELEASE-MIGRATION-003,,,
RULE-W4-004-187,SRC-W4-004,docs/W4-build/03-data-migration-standard.md,162,162,merge,RELEASE-MIGRATION-003,,,
RULE-W4-004-188,SRC-W4-004,docs/W4-build/03-data-migration-standard.md,172,172,merge,IMPL-BACKFILL-BATCH-PROGRESS,,,
RULE-W4-004-189,SRC-W4-004,docs/W4-build/03-data-migration-standard.md,172,172,merge,IMPL-BACKFILL-BATCH-PROGRESS,,,
RULE-W4-004-190,SRC-W4-004,docs/W4-build/03-data-migration-standard.md,172,172,merge,IMPL-BACKFILL-BATCH-PROGRESS,,,
RULE-W4-005-001,SRC-W4-005,docs/W4-build/04-configuration-feature-flag-standard.md,3,3,merge,IMPL-MINIMAL-KERNEL-PRECEDENCE,,,
RULE-W4-005-002,SRC-W4-005,docs/W4-build/04-configuration-feature-flag-standard.md,7,7,merge,IMPL-SPECIALTY-TRIGGER-MATRIX,,,
RULE-W4-005-003,SRC-W4-005,docs/W4-build/04-configuration-feature-flag-standard.md,9,9,merge,IMPL-W4-MAIN-FIRST,,,
RULE-W4-005-004,SRC-W4-005,docs/W4-build/04-configuration-feature-flag-standard.md,15,15,rewrite,TECH-046-AI-RUNTIME-ROUTING-S01,,,
RULE-W4-005-005,SRC-W4-005,docs/W4-build/04-configuration-feature-flag-standard.md,15,15,merge,IMPL-CODE-CONFIG-FLAG-SEPARATION,,,
RULE-W4-005-006,SRC-W4-005,docs/W4-build/04-configuration-feature-flag-standard.md,15,15,merge,IMPL-CODE-CONFIG-FLAG-SEPARATION,,,
RULE-W4-005-007,SRC-W4-005,docs/W4-build/04-configuration-feature-flag-standard.md,15,15,merge,IMPL-CODE-CONFIG-FLAG-SEPARATION,,,
RULE-W4-005-008,SRC-W4-005,docs/W4-build/04-configuration-feature-flag-standard.md,15,15,rewrite,TECH-262-SECURITY-PRIVACY-S01,,,
RULE-W4-005-009,SRC-W4-005,docs/W4-build/04-configuration-feature-flag-standard.md,15,15,rewrite,TECH-167-CONFIG-FLAG-RUNTIME-ROUTING-S01,,,
RULE-W4-005-010,SRC-W4-005,docs/W4-build/04-configuration-feature-flag-standard.md,44,44,rewrite,TECH-262-SECURITY-PRIVACY-S02,,,
RULE-W4-005-011,SRC-W4-005,docs/W4-build/04-configuration-feature-flag-standard.md,52,52,rewrite,TECH-167-CONFIG-FLAG-RUNTIME-ROUTING-S02,,,
RULE-W4-005-012,SRC-W4-005,docs/W4-build/04-configuration-feature-flag-standard.md,53,53,merge,IMPL-CONFIG-ARTIFACT-PATHS,,,
RULE-W4-005-013,SRC-W4-005,docs/W4-build/04-configuration-feature-flag-standard.md,54,54,merge,IMPL-CONFIG-ARTIFACT-PATHS,,,
RULE-W4-005-014,SRC-W4-005,docs/W4-build/04-configuration-feature-flag-standard.md,55,55,merge,IMPL-CONFIG-ARTIFACT-PATHS,,,
RULE-W4-005-015,SRC-W4-005,docs/W4-build/04-configuration-feature-flag-standard.md,56,56,merge,OPERATION-CONFIG-002,,,
RULE-W4-005-016,SRC-W4-005,docs/W4-build/04-configuration-feature-flag-standard.md,61,61,rewrite,TECH-262-SECURITY-PRIVACY-S03,,,
RULE-W4-005-017,SRC-W4-005,docs/W4-build/04-configuration-feature-flag-standard.md,63,63,rewrite,TECH-248-SCHEMA-DATA-CONFIGURATION-FEATURE-FLAG-S01,,,
RULE-W4-005-018,SRC-W4-005,docs/W4-build/04-configuration-feature-flag-standard.md,63,63,merge,TECH-248-SCHEMA-DATA-CONFIGURATION-FEATURE-FLAG-S01,,,
RULE-W4-005-019,SRC-W4-005,docs/W4-build/04-configuration-feature-flag-standard.md,63,63,merge,TECH-248-SCHEMA-DATA-CONFIGURATION-FEATURE-FLAG-S01,,,
RULE-W4-005-020,SRC-W4-005,docs/W4-build/04-configuration-feature-flag-standard.md,64,64,merge,IMPL-CONFIG-ENVIRONMENT-FIELDS,,,
RULE-W4-005-021,SRC-W4-005,docs/W4-build/04-configuration-feature-flag-standard.md,65,65,rewrite,TECH-167-CONFIG-FLAG-RUNTIME-ROUTING-S03,,,
RULE-W4-005-022,SRC-W4-005,docs/W4-build/04-configuration-feature-flag-standard.md,66,66,merge,TECH-248-SCHEMA-DATA-CONFIGURATION-FEATURE-FLAG-S01,,,
RULE-W4-005-023,SRC-W4-005,docs/W4-build/04-configuration-feature-flag-standard.md,67,67,merge,TECH-248-SCHEMA-DATA-CONFIGURATION-FEATURE-FLAG-S01,,,
RULE-W4-005-024,SRC-W4-005,docs/W4-build/04-configuration-feature-flag-standard.md,68,68,merge,TECH-248-SCHEMA-DATA-CONFIGURATION-FEATURE-FLAG-S01,,,
RULE-W4-005-025,SRC-W4-005,docs/W4-build/04-configuration-feature-flag-standard.md,69,69,merge,TECH-248-SCHEMA-DATA-CONFIGURATION-FEATURE-FLAG-S01,,,
RULE-W4-005-026,SRC-W4-005,docs/W4-build/04-configuration-feature-flag-standard.md,70,70,merge,TECH-248-SCHEMA-DATA-CONFIGURATION-FEATURE-FLAG-S01,,,
RULE-W4-005-027,SRC-W4-005,docs/W4-build/04-configuration-feature-flag-standard.md,71,71,merge,TECH-248-SCHEMA-DATA-CONFIGURATION-FEATURE-FLAG-S01,,,
RULE-W4-005-028,SRC-W4-005,docs/W4-build/04-configuration-feature-flag-standard.md,72,72,merge,TECH-248-SCHEMA-DATA-CONFIGURATION-FEATURE-FLAG-S01,,,
RULE-W4-005-029,SRC-W4-005,docs/W4-build/04-configuration-feature-flag-standard.md,76,76,rewrite,TECH-167-CONFIG-FLAG-RUNTIME-ROUTING-S04,,,
RULE-W4-005-030,SRC-W4-005,docs/W4-build/04-configuration-feature-flag-standard.md,77,77,merge,TECH-167-CONFIG-FLAG-RUNTIME-ROUTING-S04,,,
RULE-W4-005-031,SRC-W4-005,docs/W4-build/04-configuration-feature-flag-standard.md,78,78,merge,TECH-167-CONFIG-FLAG-RUNTIME-ROUTING-S04,,,
RULE-W4-005-032,SRC-W4-005,docs/W4-build/04-configuration-feature-flag-standard.md,79,79,merge,TECH-167-CONFIG-FLAG-RUNTIME-ROUTING-S04,,,
RULE-W4-005-033,SRC-W4-005,docs/W4-build/04-configuration-feature-flag-standard.md,80,80,merge,IMPL-CONFIG-ENVIRONMENT-FIELDS,,,
RULE-W4-005-034,SRC-W4-005,docs/W4-build/04-configuration-feature-flag-standard.md,81,81,merge,TECH-167-CONFIG-FLAG-RUNTIME-ROUTING-S04,,,
RULE-W4-005-035,SRC-W4-005,docs/W4-build/04-configuration-feature-flag-standard.md,82,82,merge,TECH-167-CONFIG-FLAG-RUNTIME-ROUTING-S04,,,
RULE-W4-005-036,SRC-W4-005,docs/W4-build/04-configuration-feature-flag-standard.md,83,83,merge,TECH-167-CONFIG-FLAG-RUNTIME-ROUTING-S04,,,
RULE-W4-005-037,SRC-W4-005,docs/W4-build/04-configuration-feature-flag-standard.md,84,84,merge,TECH-167-CONFIG-FLAG-RUNTIME-ROUTING-S04,,,
RULE-W4-005-038,SRC-W4-005,docs/W4-build/04-configuration-feature-flag-standard.md,85,85,merge,TECH-167-CONFIG-FLAG-RUNTIME-ROUTING-S04,,,
RULE-W4-005-039,SRC-W4-005,docs/W4-build/04-configuration-feature-flag-standard.md,86,86,merge,TECH-167-CONFIG-FLAG-RUNTIME-ROUTING-S04,,,
RULE-W4-005-040,SRC-W4-005,docs/W4-build/04-configuration-feature-flag-standard.md,87,87,merge,RELEASE-CONFIG-001,,,
RULE-W4-005-041,SRC-W4-005,docs/W4-build/04-configuration-feature-flag-standard.md,88,88,merge,TECH-167-CONFIG-FLAG-RUNTIME-ROUTING-S04,,,
RULE-W4-005-042,SRC-W4-005,docs/W4-build/04-configuration-feature-flag-standard.md,90,90,rewrite,TECH-167-CONFIG-FLAG-RUNTIME-ROUTING-S05,,,
RULE-W4-005-043,SRC-W4-005,docs/W4-build/04-configuration-feature-flag-standard.md,90,90,merge,TECH-167-CONFIG-FLAG-RUNTIME-ROUTING-S05,,,
RULE-W4-005-044,SRC-W4-005,docs/W4-build/04-configuration-feature-flag-standard.md,90,90,rewrite,TECH-171-CONFIG-FLAGS-S01,,,
RULE-W4-005-045,SRC-W4-005,docs/W4-build/04-configuration-feature-flag-standard.md,90,90,rewrite,TECH-171-CONFIG-FLAGS-S02,,,
RULE-W4-005-046,SRC-W4-005,docs/W4-build/04-configuration-feature-flag-standard.md,96,96,merge,IMPL-ENVIRONMENT-MATRIX-SECTIONS,,,
RULE-W4-005-047,SRC-W4-005,docs/W4-build/04-configuration-feature-flag-standard.md,97,97,merge,IMPL-ENVIRONMENT-MATRIX-SECTIONS,,,
RULE-W4-005-048,SRC-W4-005,docs/W4-build/04-configuration-feature-flag-standard.md,98,98,merge,IMPL-ENVIRONMENT-MATRIX-SECTIONS,,,
RULE-W4-005-049,SRC-W4-005,docs/W4-build/04-configuration-feature-flag-standard.md,99,99,merge,IMPL-ENVIRONMENT-MATRIX-SECTIONS,,,
RULE-W4-005-050,SRC-W4-005,docs/W4-build/04-configuration-feature-flag-standard.md,100,100,merge,IMPL-ENVIRONMENT-MATRIX-SECTIONS,,,
RULE-W4-005-051,SRC-W4-005,docs/W4-build/04-configuration-feature-flag-standard.md,101,101,merge,IMPL-ENVIRONMENT-MATRIX-SECTIONS,,,
RULE-W4-005-052,SRC-W4-005,docs/W4-build/04-configuration-feature-flag-standard.md,102,102,merge,IMPL-ENVIRONMENT-MATRIX-SECTIONS,,,
RULE-W4-005-053,SRC-W4-005,docs/W4-build/04-configuration-feature-flag-standard.md,103,103,merge,IMPL-ENVIRONMENT-MATRIX-SECTIONS,,,
RULE-W4-005-054,SRC-W4-005,docs/W4-build/04-configuration-feature-flag-standard.md,104,104,merge,IMPL-ENVIRONMENT-MATRIX-SECTIONS,,,
RULE-W4-005-055,SRC-W4-005,docs/W4-build/04-configuration-feature-flag-standard.md,106,106,merge,IMPL-PRODUCTION-ENVIRONMENT-SET,,,
RULE-W4-005-056,SRC-W4-005,docs/W4-build/04-configuration-feature-flag-standard.md,112,112,merge,IMPL-FLAG-CATALOG-SCHEMA,,,
RULE-W4-005-057,SRC-W4-005,docs/W4-build/04-configuration-feature-flag-standard.md,112,112,rewrite,TECH-167-CONFIG-FLAG-RUNTIME-ROUTING-S06,,,
RULE-W4-005-058,SRC-W4-005,docs/W4-build/04-configuration-feature-flag-standard.md,113,113,merge,IMPL-FLAG-CATALOG-SCHEMA,,,
RULE-W4-005-059,SRC-W4-005,docs/W4-build/04-configuration-feature-flag-standard.md,114,114,rewrite,VERIFY-AI-EVAL-FIXTURE-W4-005-L114,,,
RULE-W4-005-060,SRC-W4-005,docs/W4-build/04-configuration-feature-flag-standard.md,115,115,merge,IMPL-FLAG-CATALOG-SCHEMA,,,
RULE-W4-005-061,SRC-W4-005,docs/W4-build/04-configuration-feature-flag-standard.md,116,116,merge,IMPL-FLAG-CATALOG-SCHEMA,,,
RULE-W4-005-062,SRC-W4-005,docs/W4-build/04-configuration-feature-flag-standard.md,117,117,merge,IMPL-FLAG-CATALOG-SCHEMA,,,
RULE-W4-005-063,SRC-W4-005,docs/W4-build/04-configuration-feature-flag-standard.md,118,118,merge,OPERATION-OBSERVE-005,,,
RULE-W4-005-064,SRC-W4-005,docs/W4-build/04-configuration-feature-flag-standard.md,119,119,merge,IMPL-FLAG-CATALOG-SCHEMA,,,
RULE-W4-005-065,SRC-W4-005,docs/W4-build/04-configuration-feature-flag-standard.md,120,120,merge,IMPL-FLAG-CATALOG-SCHEMA,,,
RULE-W4-005-066,SRC-W4-005,docs/W4-build/04-configuration-feature-flag-standard.md,124,124,merge,IMPL-FLAG-ITEM-SCHEMA,,,
RULE-W4-005-067,SRC-W4-005,docs/W4-build/04-configuration-feature-flag-standard.md,125,125,merge,IMPL-FLAG-ITEM-SCHEMA,,,
RULE-W4-005-068,SRC-W4-005,docs/W4-build/04-configuration-feature-flag-standard.md,126,126,merge,IMPL-FLAG-ITEM-SCHEMA,,,
RULE-W4-005-069,SRC-W4-005,docs/W4-build/04-configuration-feature-flag-standard.md,127,127,rewrite,TECH-248-SCHEMA-DATA-CONFIGURATION-FEATURE-FLAG-S02,,,
RULE-W4-005-070,SRC-W4-005,docs/W4-build/04-configuration-feature-flag-standard.md,128,128,merge,IMPL-FLAG-ITEM-SCHEMA,,,
RULE-W4-005-071,SRC-W4-005,docs/W4-build/04-configuration-feature-flag-standard.md,129,129,merge,IMPL-FLAG-ITEM-SCHEMA,,,
RULE-W4-005-072,SRC-W4-005,docs/W4-build/04-configuration-feature-flag-standard.md,130,130,merge,IMPL-FLAG-ITEM-SCHEMA,,,
RULE-W4-005-073,SRC-W4-005,docs/W4-build/04-configuration-feature-flag-standard.md,131,131,merge,IMPL-FLAG-ITEM-SCHEMA,,,
RULE-W4-005-074,SRC-W4-005,docs/W4-build/04-configuration-feature-flag-standard.md,132,132,merge,IMPL-FLAG-ITEM-SCHEMA,,,
RULE-W4-005-075,SRC-W4-005,docs/W4-build/04-configuration-feature-flag-standard.md,133,133,merge,RELEASE-CONFIG-001,,,
RULE-W4-005-076,SRC-W4-005,docs/W4-build/04-configuration-feature-flag-standard.md,134,134,merge,OPERATION-OBSERVE-005,,,
RULE-W4-005-077,SRC-W4-005,docs/W4-build/04-configuration-feature-flag-standard.md,135,135,merge,IMPL-FLAG-ITEM-SCHEMA,,,
RULE-W4-005-078,SRC-W4-005,docs/W4-build/04-configuration-feature-flag-standard.md,137,137,rewrite,IMPL-SHORT-LIVED-FLAG-EXPIRY,,,
RULE-W4-005-079,SRC-W4-005,docs/W4-build/04-configuration-feature-flag-standard.md,137,137,rewrite,IMPL-LONG-LIVED-FLAG-REVIEW,,,
RULE-W4-005-080,SRC-W4-005,docs/W4-build/04-configuration-feature-flag-standard.md,137,137,rewrite,IMPL-ALL-FLAGS-CLEANUP-PLAN,,,
RULE-W4-005-081,SRC-W4-005,docs/W4-build/04-configuration-feature-flag-standard.md,144,144,merge,IMPL-RUNTIME-CHANGE-LOG-SCHEMA,,,
RULE-W4-005-082,SRC-W4-005,docs/W4-build/04-configuration-feature-flag-standard.md,144,144,merge,IMPL-RUNTIME-CHANGE-LOG-SCHEMA,,,
RULE-W4-005-083,SRC-W4-005,docs/W4-build/04-configuration-feature-flag-standard.md,144,144,merge,IMPL-RUNTIME-CHANGE-LOG-SCHEMA,,,
RULE-W4-005-084,SRC-W4-005,docs/W4-build/04-configuration-feature-flag-standard.md,144,144,merge,IMPL-RUNTIME-CHANGE-LOG-SCHEMA,,,
RULE-W4-005-085,SRC-W4-005,docs/W4-build/04-configuration-feature-flag-standard.md,144,144,merge,IMPL-RUNTIME-CHANGE-LOG-SCHEMA,,,
RULE-W4-005-086,SRC-W4-005,docs/W4-build/04-configuration-feature-flag-standard.md,144,144,merge,IMPL-RUNTIME-CHANGE-LOG-SCHEMA,,,
RULE-W4-005-087,SRC-W4-005,docs/W4-build/04-configuration-feature-flag-standard.md,144,144,merge,IMPL-RUNTIME-CHANGE-LOG-SCHEMA,,,
RULE-W4-005-088,SRC-W4-005,docs/W4-build/04-configuration-feature-flag-standard.md,144,144,merge,IMPL-RUNTIME-CHANGE-LOG-SCHEMA,,,
RULE-W4-005-089,SRC-W4-005,docs/W4-build/04-configuration-feature-flag-standard.md,144,144,merge,IMPL-RUNTIME-CHANGE-LOG-SCHEMA,,,
RULE-W4-005-090,SRC-W4-005,docs/W4-build/04-configuration-feature-flag-standard.md,147,147,rewrite,TECH-167-CONFIG-FLAG-RUNTIME-ROUTING-S07,,,
RULE-W4-005-091,SRC-W4-005,docs/W4-build/04-configuration-feature-flag-standard.md,153,153,merge,OPERATION-CONFIG-001,,,
RULE-W4-005-092,SRC-W4-005,docs/W4-build/04-configuration-feature-flag-standard.md,154,154,merge,OPERATION-CONFIG-001,,,
RULE-W4-005-093,SRC-W4-005,docs/W4-build/04-configuration-feature-flag-standard.md,155,155,merge,OPERATION-CONFIG-001,,,
RULE-W4-005-094,SRC-W4-005,docs/W4-build/04-configuration-feature-flag-standard.md,156,156,merge,OPERATION-CONFIG-001,,,
RULE-W4-005-095,SRC-W4-005,docs/W4-build/04-configuration-feature-flag-standard.md,157,157,merge,OPERATION-CONFIG-002,,,
RULE-W4-005-096,SRC-W4-005,docs/W4-build/04-configuration-feature-flag-standard.md,158,158,merge,OPERATION-CONFIG-001,,,
RULE-W4-005-097,SRC-W4-005,docs/W4-build/04-configuration-feature-flag-standard.md,159,159,merge,OPERATION-CONFIG-001,,,
RULE-W4-005-098,SRC-W4-005,docs/W4-build/04-configuration-feature-flag-standard.md,161,161,merge,OPERATION-CONFIG-002,,,
RULE-W4-005-099,SRC-W4-005,docs/W4-build/04-configuration-feature-flag-standard.md,161,161,merge,OPERATION-CONFIG-002,,,
RULE-W4-005-100,SRC-W4-005,docs/W4-build/04-configuration-feature-flag-standard.md,165,165,merge,IMPL-GO-TYPED-CONFIG,,,
RULE-W4-005-101,SRC-W4-005,docs/W4-build/04-configuration-feature-flag-standard.md,165,165,merge,IMPL-GO-TYPED-CONFIG,,,
RULE-W4-005-102,SRC-W4-005,docs/W4-build/04-configuration-feature-flag-standard.md,166,166,rewrite,IMPL-LOOKUPENV-WHEN-EMPTY-DIFFERS,,,
RULE-W4-005-103,SRC-W4-005,docs/W4-build/04-configuration-feature-flag-standard.md,167,167,merge,IMPL-KRATOS-CONFIG-BOUNDARY,,,
RULE-W4-005-104,SRC-W4-005,docs/W4-build/04-configuration-feature-flag-standard.md,167,167,merge,IMPL-KRATOS-CONFIG-BOUNDARY,,,
RULE-W4-005-105,SRC-W4-005,docs/W4-build/04-configuration-feature-flag-standard.md,168,168,rewrite,IMPL-CONFIG-FAIL-FAST-EXCEPTION,,,
RULE-W4-005-106,SRC-W4-005,docs/W4-build/04-configuration-feature-flag-standard.md,169,169,merge,IMPL-RELOADABLE-CONFIG-CONTRACT,,,
RULE-W4-005-107,SRC-W4-005,docs/W4-build/04-configuration-feature-flag-standard.md,170,170,rewrite,VERIFY-EVIDENCE-W4-005-L170,,,
RULE-W4-005-108,SRC-W4-005,docs/W4-build/04-configuration-feature-flag-standard.md,174,174,rewrite,IMPL-VITE-ENV-NONSENSITIVE,,,
RULE-W4-005-109,SRC-W4-005,docs/W4-build/04-configuration-feature-flag-standard.md,175,175,rewrite,IMPL-VITE-ENV-PREFIX,,,
RULE-W4-005-110,SRC-W4-005,docs/W4-build/04-configuration-feature-flag-standard.md,176,176,rewrite,TECH-248-SCHEMA-DATA-CONFIGURATION-FEATURE-FLAG-S03,,,
RULE-W4-005-111,SRC-W4-005,docs/W4-build/04-configuration-feature-flag-standard.md,177,177,merge,IMPL-RUNTIME-PUBLIC-CONFIG-ENDPOINT,,,
RULE-W4-005-112,SRC-W4-005,docs/W4-build/04-configuration-feature-flag-standard.md,177,177,merge,IMPL-RUNTIME-PUBLIC-CONFIG-ENDPOINT,,,
RULE-W4-005-113,SRC-W4-005,docs/W4-build/04-configuration-feature-flag-standard.md,178,178,rewrite,IMPL-FRONTEND-FLAG-UI-ONLY,,,
RULE-W4-005-114,SRC-W4-005,docs/W4-build/04-configuration-feature-flag-standard.md,178,178,rewrite,VERIFY-EVIDENCE-W4-005-L178,,,
RULE-W4-005-115,SRC-W4-005,docs/W4-build/04-configuration-feature-flag-standard.md,182,182,rewrite,IMPL-RELEASE-FLAG-EXPIRY,,,
RULE-W4-005-116,SRC-W4-005,docs/W4-build/04-configuration-feature-flag-standard.md,183,183,rewrite,IMPL-EXPERIMENT-FLAG-CRITERIA,,,
RULE-W4-005-117,SRC-W4-005,docs/W4-build/04-configuration-feature-flag-standard.md,184,184,merge,OPERATION-CONFIG-002,,,
RULE-W4-005-118,SRC-W4-005,docs/W4-build/04-configuration-feature-flag-standard.md,185,185,rewrite,TECH-144-AUTH-TENANT-PERMISSION-S01,,,
RULE-W4-005-119,SRC-W4-005,docs/W4-build/04-configuration-feature-flag-standard.md,186,186,rewrite,IMPL-MIGRATION-FLAG-ROUTE,,,
RULE-W4-005-120,SRC-W4-005,docs/W4-build/04-configuration-feature-flag-standard.md,187,187,rewrite,VERIFY-AI-EVAL-FIXTURE-W4-005-L187,,,
RULE-W4-005-121,SRC-W4-005,docs/W4-build/04-configuration-feature-flag-standard.md,189,189,rewrite,IMPL-EXPIRED-FLAG-REMOVAL,,,
RULE-W4-005-123,SRC-W4-005,docs/W4-build/04-configuration-feature-flag-standard.md,193,193,rewrite,VERIFY-AI-EVAL-FIXTURE-W4-005-L193,,,
RULE-W4-005-124,SRC-W4-005,docs/W4-build/04-configuration-feature-flag-standard.md,194,194,rewrite,VERIFY-AI-EVAL-FIXTURE-W4-005-L194,,,
RULE-W4-005-125,SRC-W4-005,docs/W4-build/04-configuration-feature-flag-standard.md,194,194,merge,IMPL-AI-CONFIG-COST-ROLLBACK,,,
RULE-W4-005-126,SRC-W4-005,docs/W4-build/04-configuration-feature-flag-standard.md,194,194,merge,IMPL-AI-CONFIG-COST-ROLLBACK,,,
RULE-W4-005-127,SRC-W4-005,docs/W4-build/04-configuration-feature-flag-standard.md,195,195,merge,IMPL-AI-ROUTE-FLAG-FIELDS,,,
RULE-W4-005-128,SRC-W4-005,docs/W4-build/04-configuration-feature-flag-standard.md,196,196,rewrite,TECH-167-CONFIG-FLAG-RUNTIME-ROUTING-S08,,,
RULE-W4-005-129,SRC-W4-005,docs/W4-build/04-configuration-feature-flag-standard.md,202,202,rewrite,IMPL-PRODUCTION-CONFIG-HUMAN-GATE,,,
RULE-W4-005-130,SRC-W4-005,docs/W4-build/04-configuration-feature-flag-standard.md,203,203,rewrite,IMPL-SENSITIVE-CONFIG-HUMAN-GATE,,,
RULE-W4-005-131,SRC-W4-005,docs/W4-build/04-configuration-feature-flag-standard.md,204,204,rewrite,IMPL-LONG-LIVED-FLAG-HUMAN-GATE,,,
RULE-W4-005-132,SRC-W4-005,docs/W4-build/04-configuration-feature-flag-standard.md,205,205,rewrite,IMPL-FRONTEND-ENV-HUMAN-GATE,,,
RULE-W4-005-133,SRC-W4-005,docs/W4-build/04-configuration-feature-flag-standard.md,206,206,rewrite,IMPL-AI-RUNTIME-SWITCH-HUMAN-GATE,,,
RULE-W4-005-134,SRC-W4-005,docs/W4-build/04-configuration-feature-flag-standard.md,207,207,merge,RELEASE-CONFIG-001,,,
RULE-W4-005-135,SRC-W4-005,docs/W4-build/04-configuration-feature-flag-standard.md,209,209,rewrite,VERIFY-EVIDENCE-W4-005-L209,,,
RULE-W4-005-136,SRC-W4-005,docs/W4-build/04-configuration-feature-flag-standard.md,3,3,merge,IMPL-OPTIONAL-PLAYBOOK-STATUS,,,
RULE-W4-005-137,SRC-W4-005,docs/W4-build/04-configuration-feature-flag-standard.md,44,44,merge,TECH-262-SECURITY-PRIVACY-S02,,,
RULE-W4-005-138,SRC-W4-005,docs/W4-build/04-configuration-feature-flag-standard.md,44,44,rewrite,TECH-144-AUTH-TENANT-PERMISSION-S02,,,
RULE-W4-005-139,SRC-W4-005,docs/W4-build/04-configuration-feature-flag-standard.md,44,44,rewrite,TECH-177-CREDENTIAL-ROTATION-REVOCATION-S01,,,
RULE-W4-005-140,SRC-W4-005,docs/W4-build/04-configuration-feature-flag-standard.md,44,44,merge,TECH-262-SECURITY-PRIVACY-S02,,,
RULE-W4-005-141,SRC-W4-005,docs/W4-build/04-configuration-feature-flag-standard.md,106,106,merge,IMPL-PRODUCTION-ENVIRONMENT-SET,,,
RULE-W4-005-142,SRC-W4-005,docs/W4-build/04-configuration-feature-flag-standard.md,106,106,merge,IMPL-PRODUCTION-ENVIRONMENT-SET,,,
RULE-W4-005-143,SRC-W4-005,docs/W4-build/04-configuration-feature-flag-standard.md,169,169,merge,IMPL-RELOADABLE-CONFIG-CONTRACT,,,
RULE-W4-005-144,SRC-W4-005,docs/W4-build/04-configuration-feature-flag-standard.md,169,169,merge,IMPL-RELOADABLE-CONFIG-CONTRACT,,,
RULE-W4-005-145,SRC-W4-005,docs/W4-build/04-configuration-feature-flag-standard.md,187,187,rewrite,TECH-167-CONFIG-FLAG-RUNTIME-ROUTING-S09,,,
RULE-W4-005-146,SRC-W4-005,docs/W4-build/04-configuration-feature-flag-standard.md,187,187,merge,TECH-167-CONFIG-FLAG-RUNTIME-ROUTING-S09,,,
RULE-W4-005-147,SRC-W4-005,docs/W4-build/04-configuration-feature-flag-standard.md,195,195,merge,IMPL-AI-ROUTE-FLAG-FIELDS,,,
RULE-W4-005-148,SRC-W4-005,docs/W4-build/04-configuration-feature-flag-standard.md,195,195,merge,IMPL-AI-ROUTE-FLAG-FIELDS,,,
RULE-W4-005-149,SRC-W4-005,docs/W4-build/04-configuration-feature-flag-standard.md,195,195,merge,OPERATION-OBSERVE-005,,,
RULE-W4-006-001,SRC-W4-006,docs/W4-build/05-dev-workspace-ai-coding-standard.md,3,3,merge,IMPL-MINIMAL-KERNEL-PRECEDENCE,,,
RULE-W4-006-002,SRC-W4-006,docs/W4-build/05-dev-workspace-ai-coding-standard.md,7,7,merge,IMPL-SPECIALTY-TRIGGER-MATRIX,,,
RULE-W4-006-003,SRC-W4-006,docs/W4-build/05-dev-workspace-ai-coding-standard.md,9,9,merge,IMPL-W4-MAIN-FIRST,,,
RULE-W4-006-004,SRC-W4-006,docs/W4-build/05-dev-workspace-ai-coding-standard.md,15,15,rewrite,TECH-145-AUTH-TENANT-PERMISSION-S01,,,
RULE-W4-006-005,SRC-W4-006,docs/W4-build/05-dev-workspace-ai-coding-standard.md,15,15,rewrite,TECH-207-GOVERNANCE-DEV-WORKSPACE-AI-CODING-S01,,,
RULE-W4-006-006,SRC-W4-006,docs/W4-build/05-dev-workspace-ai-coding-standard.md,15,15,rewrite,IMPL-REPRODUCIBLE-WORKSPACE,,,
RULE-W4-006-007,SRC-W4-006,docs/W4-build/05-dev-workspace-ai-coding-standard.md,19,19,merge,IMPL-NEW-APP-APPROVED-TEMPLATE,,,
RULE-W4-006-008,SRC-W4-006,docs/W4-build/05-dev-workspace-ai-coding-standard.md,20,20,merge,IMPL-KRATOS-TEMPLATE-PROVENANCE,,,
RULE-W4-006-009,SRC-W4-006,docs/W4-build/05-dev-workspace-ai-coding-standard.md,21,21,merge,IMPL-OWN-TEMPLATE-PROVENANCE,,,
RULE-W4-006-010,SRC-W4-006,docs/W4-build/05-dev-workspace-ai-coding-standard.md,22,22,merge,IMPL-NEW-APP-APPROVED-TEMPLATE,,,
RULE-W4-006-011,SRC-W4-006,docs/W4-build/05-dev-workspace-ai-coding-standard.md,22,22,merge,IMPL-NEW-APP-APPROVED-TEMPLATE,,,
RULE-W4-006-012,SRC-W4-006,docs/W4-build/05-dev-workspace-ai-coding-standard.md,23,23,rewrite,VERIFY-PLANNING-GOVERNANCE-ROUTING-FP-W4-006-L023,,,
RULE-W4-006-013,SRC-W4-006,docs/W4-build/05-dev-workspace-ai-coding-standard.md,27,27,merge,IMPL-COMPLETE-LOCAL-ENVIRONMENT,,,
RULE-W4-006-014,SRC-W4-006,docs/W4-build/05-dev-workspace-ai-coding-standard.md,27,27,merge,VERIFY-EVIDENCE-W4-006-L027,,,
RULE-W4-006-015,SRC-W4-006,docs/W4-build/05-dev-workspace-ai-coding-standard.md,28,28,rewrite,VERIFY-EVIDENCE-W4-006-L028,,,
RULE-W4-006-016,SRC-W4-006,docs/W4-build/05-dev-workspace-ai-coding-standard.md,29,29,rewrite,VERIFY-EVIDENCE-W4-006-L029,,,
RULE-W4-006-017,SRC-W4-006,docs/W4-build/05-dev-workspace-ai-coding-standard.md,29,29,rewrite,TECH-172-COMPLETE-ENVIRONMENT-EVIDENCE-HANDOFF,,,
RULE-W4-006-018,SRC-W4-006,docs/W4-build/05-dev-workspace-ai-coding-standard.md,30,30,merge,IMPL-LOCAL-COMMAND-CATALOG-FIELDS,,,
RULE-W4-006-019,SRC-W4-006,docs/W4-build/05-dev-workspace-ai-coding-standard.md,42,42,merge,IMPL-WORKSPACE-ARTIFACT-PATHS,,,
RULE-W4-006-020,SRC-W4-006,docs/W4-build/05-dev-workspace-ai-coding-standard.md,43,43,merge,IMPL-WORKSPACE-ARTIFACT-PATHS,,,
RULE-W4-006-021,SRC-W4-006,docs/W4-build/05-dev-workspace-ai-coding-standard.md,44,44,merge,IMPL-WORKSPACE-ARTIFACT-PATHS,,,
RULE-W4-006-022,SRC-W4-006,docs/W4-build/05-dev-workspace-ai-coding-standard.md,45,45,merge,IMPL-WORKSPACE-ARTIFACT-PATHS,,,
RULE-W4-006-023,SRC-W4-006,docs/W4-build/05-dev-workspace-ai-coding-standard.md,46,46,rewrite,VERIFY-DEV-WORKSPACE-AI-CODING-W4-006-L046,,,
RULE-W4-006-024,SRC-W4-006,docs/W4-build/05-dev-workspace-ai-coding-standard.md,49,49,merge,IMPL-AI-CODING-ARTIFACT-PATHS,,,
RULE-W4-006-025,SRC-W4-006,docs/W4-build/05-dev-workspace-ai-coding-standard.md,50,50,merge,IMPL-AI-CODING-ARTIFACT-PATHS,,,
RULE-W4-006-026,SRC-W4-006,docs/W4-build/05-dev-workspace-ai-coding-standard.md,51,51,rewrite,VERIFY-DEV-WORKSPACE-AI-CODING-W4-006-L051,,,
RULE-W4-006-027,SRC-W4-006,docs/W4-build/05-dev-workspace-ai-coding-standard.md,52,52,rewrite,VERIFY-DEV-WORKSPACE-AI-CODING-W4-006-L052,,,
RULE-W4-006-028,SRC-W4-006,docs/W4-build/05-dev-workspace-ai-coding-standard.md,55,55,rewrite,VERIFY-EVIDENCE-W4-006-L055,,,
RULE-W4-006-029,SRC-W4-006,docs/W4-build/05-dev-workspace-ai-coding-standard.md,59,59,merge,IMPL-TOOLCHAIN-PROVENANCE,,,
RULE-W4-006-030,SRC-W4-006,docs/W4-build/05-dev-workspace-ai-coding-standard.md,60,60,merge,IMPL-APP-TEMPLATE-RECORD,,,
RULE-W4-006-031,SRC-W4-006,docs/W4-build/05-dev-workspace-ai-coding-standard.md,61,61,merge,IMPL-LOCAL-ENVIRONMENT-RECORD,,,
RULE-W4-006-032,SRC-W4-006,docs/W4-build/05-dev-workspace-ai-coding-standard.md,62,62,merge,IMPL-COMMAND-CATALOG-COVERAGE,,,
RULE-W4-006-033,SRC-W4-006,docs/W4-build/05-dev-workspace-ai-coding-standard.md,63,63,rewrite,VERIFY-AI-EVAL-FIXTURE-W4-006-L063,,,
RULE-W4-006-034,SRC-W4-006,docs/W4-build/05-dev-workspace-ai-coding-standard.md,63,63,merge,IMPL-AI-FIXTURE-CASES,,,
RULE-W4-006-035,SRC-W4-006,docs/W4-build/05-dev-workspace-ai-coding-standard.md,64,64,merge,IMPL-IMPLEMENTATION-BRIEF-FIELDS,,,
RULE-W4-006-036,SRC-W4-006,docs/W4-build/05-dev-workspace-ai-coding-standard.md,65,65,rewrite,VERIFY-DEV-WORKSPACE-AI-CODING-W4-006-L065,,,
RULE-W4-006-037,SRC-W4-006,docs/W4-build/05-dev-workspace-ai-coding-standard.md,65,65,rewrite,VERIFY-AI-EVAL-FIXTURE-W4-006-L065,,,
RULE-W4-006-038,SRC-W4-006,docs/W4-build/05-dev-workspace-ai-coding-standard.md,66,66,merge,VERIFY-EVIDENCE-W4-006-L066,,,
RULE-W4-006-039,SRC-W4-006,docs/W4-build/05-dev-workspace-ai-coding-standard.md,70,70,rewrite,IMPL-ONE-STEP-LOCAL-VERIFY,,,
RULE-W4-006-040,SRC-W4-006,docs/W4-build/05-dev-workspace-ai-coding-standard.md,70,70,merge,VERIFY-EVIDENCE-W4-006-L070,,,
RULE-W4-006-041,SRC-W4-006,docs/W4-build/05-dev-workspace-ai-coding-standard.md,70,70,merge,VERIFY-EVIDENCE-W4-006-L070,,,
RULE-W4-006-042,SRC-W4-006,docs/W4-build/05-dev-workspace-ai-coding-standard.md,70,70,rewrite,IMPL-TRIGGERED-VERIFY-COMMANDS,,,
RULE-W4-006-043,SRC-W4-006,docs/W4-build/05-dev-workspace-ai-coding-standard.md,71,71,rewrite,TECH-023-AI-MODEL-ROUTING-S01,,,
RULE-W4-006-045,SRC-W4-006,docs/W4-build/05-dev-workspace-ai-coding-standard.md,72,72,merge,VERIFY-EVIDENCE-W4-006-L072,,,
RULE-W4-006-046,SRC-W4-006,docs/W4-build/05-dev-workspace-ai-coding-standard.md,72,72,merge,VERIFY-EVIDENCE-W4-006-L072,,,
RULE-W4-006-047,SRC-W4-006,docs/W4-build/05-dev-workspace-ai-coding-standard.md,73,73,rewrite,TECH-023-AI-MODEL-ROUTING-S02,,,
RULE-W4-006-048,SRC-W4-006,docs/W4-build/05-dev-workspace-ai-coding-standard.md,74,74,rewrite,IMPL-REPEATED-AI-ERROR-AUTOMATION,,,
RULE-W4-006-049,SRC-W4-006,docs/W4-build/05-dev-workspace-ai-coding-standard.md,78,78,rewrite,IMPL-REAL-EXTERNAL-RESOURCE-HUMAN-GATE,,,
RULE-W4-006-050,SRC-W4-006,docs/W4-build/05-dev-workspace-ai-coding-standard.md,79,79,rewrite,IMPL-DESTRUCTIVE-ONE-CLICK-HUMAN-GATE,,,
RULE-W4-006-051,SRC-W4-006,docs/W4-build/05-dev-workspace-ai-coding-standard.md,80,80,rewrite,TECH-060-AI-TOOL-PERMISSION-S01,,,
RULE-W4-006-052,SRC-W4-006,docs/W4-build/05-dev-workspace-ai-coding-standard.md,81,81,rewrite,TECH-145-AUTH-TENANT-PERMISSION-S02,,,
RULE-W4-006-053,SRC-W4-006,docs/W4-build/05-dev-workspace-ai-coding-standard.md,82,82,rewrite,VERIFY-EVIDENCE-W4-006-L082,,,
RULE-W4-006-054,SRC-W4-006,docs/W4-build/05-dev-workspace-ai-coding-standard.md,90,90,merge,VERIFY-EVIDENCE-W4-006-L090,,,
RULE-W4-006-055,SRC-W4-006,docs/W4-build/05-dev-workspace-ai-coding-standard.md,90,90,merge,VERIFY-EVIDENCE-W4-006-L090,,,
RULE-W4-006-056,SRC-W4-006,docs/W4-build/05-dev-workspace-ai-coding-standard.md,62,62,merge,IMPL-COMMAND-CATALOG-COVERAGE,,,
RULE-W4-006-057,SRC-W4-006,docs/W4-build/05-dev-workspace-ai-coding-standard.md,62,62,merge,IMPL-COMMAND-CATALOG-COVERAGE,,,
RULE-W4-006-058,SRC-W4-006,docs/W4-build/05-dev-workspace-ai-coding-standard.md,62,62,merge,IMPL-COMMAND-CATALOG-COVERAGE,,,
RULE-W4-006-059,SRC-W4-006,docs/W4-build/05-dev-workspace-ai-coding-standard.md,62,62,merge,IMPL-COMMAND-CATALOG-COVERAGE,,,
RULE-W4-006-060,SRC-W4-006,docs/W4-build/05-dev-workspace-ai-coding-standard.md,62,62,merge,IMPL-COMMAND-CATALOG-COVERAGE,,,
RULE-W4-006-061,SRC-W4-006,docs/W4-build/05-dev-workspace-ai-coding-standard.md,62,62,merge,IMPL-COMMAND-CATALOG-COVERAGE,,,
RULE-W4-006-062,SRC-W4-006,docs/W4-build/05-dev-workspace-ai-coding-standard.md,62,62,merge,IMPL-COMMAND-CATALOG-COVERAGE,,,
RULE-W4-006-063,SRC-W4-006,docs/W4-build/05-dev-workspace-ai-coding-standard.md,62,62,merge,IMPL-COMMAND-CATALOG-COVERAGE,,,
RULE-W4-006-064,SRC-W4-006,docs/W4-build/05-dev-workspace-ai-coding-standard.md,3,3,merge,IMPL-OPTIONAL-PLAYBOOK-STATUS,,,
RULE-W4-006-065,SRC-W4-006,docs/W4-build/05-dev-workspace-ai-coding-standard.md,20,20,merge,IMPL-KRATOS-TEMPLATE-PROVENANCE,,,
RULE-W4-006-066,SRC-W4-006,docs/W4-build/05-dev-workspace-ai-coding-standard.md,20,20,merge,IMPL-KRATOS-TEMPLATE-PROVENANCE,,,
RULE-W4-006-067,SRC-W4-006,docs/W4-build/05-dev-workspace-ai-coding-standard.md,20,20,merge,IMPL-KRATOS-TEMPLATE-PROVENANCE,,,
RULE-W4-006-068,SRC-W4-006,docs/W4-build/05-dev-workspace-ai-coding-standard.md,20,20,rewrite,VERIFY-DEV-WORKSPACE-AI-CODING-W4-006-L020,,,
RULE-W4-006-069,SRC-W4-006,docs/W4-build/05-dev-workspace-ai-coding-standard.md,21,21,merge,IMPL-OWN-TEMPLATE-PROVENANCE,,,
RULE-W4-006-070,SRC-W4-006,docs/W4-build/05-dev-workspace-ai-coding-standard.md,21,21,rewrite,TECH-224-MIGRATION-DESIGN-S01,,,
RULE-W4-006-071,SRC-W4-006,docs/W4-build/05-dev-workspace-ai-coding-standard.md,21,21,rewrite,TECH-207-GOVERNANCE-DEV-WORKSPACE-AI-CODING-S02,,,
RULE-W4-006-072,SRC-W4-006,docs/W4-build/05-dev-workspace-ai-coding-standard.md,27,27,merge,IMPL-COMPLETE-LOCAL-ENVIRONMENT,,,
RULE-W4-006-073,SRC-W4-006,docs/W4-build/05-dev-workspace-ai-coding-standard.md,27,27,merge,IMPL-COMPLETE-LOCAL-ENVIRONMENT,,,
RULE-W4-006-074,SRC-W4-006,docs/W4-build/05-dev-workspace-ai-coding-standard.md,27,27,merge,IMPL-COMPLETE-LOCAL-ENVIRONMENT,,,
RULE-W4-006-075,SRC-W4-006,docs/W4-build/05-dev-workspace-ai-coding-standard.md,27,27,merge,IMPL-COMPLETE-LOCAL-ENVIRONMENT,,,
RULE-W4-006-076,SRC-W4-006,docs/W4-build/05-dev-workspace-ai-coding-standard.md,27,27,merge,VERIFY-EVIDENCE-W4-006-L027,,,
RULE-W4-006-077,SRC-W4-006,docs/W4-build/05-dev-workspace-ai-coding-standard.md,27,27,merge,IMPL-COMPLETE-LOCAL-ENVIRONMENT,,,
RULE-W4-006-078,SRC-W4-006,docs/W4-build/05-dev-workspace-ai-coding-standard.md,27,27,merge,IMPL-COMPLETE-LOCAL-ENVIRONMENT,,,
RULE-W4-006-079,SRC-W4-006,docs/W4-build/05-dev-workspace-ai-coding-standard.md,30,30,merge,IMPL-LOCAL-COMMAND-CATALOG-FIELDS,,,
RULE-W4-006-080,SRC-W4-006,docs/W4-build/05-dev-workspace-ai-coding-standard.md,30,30,merge,IMPL-LOCAL-COMMAND-CATALOG-FIELDS,,,
RULE-W4-006-081,SRC-W4-006,docs/W4-build/05-dev-workspace-ai-coding-standard.md,30,30,merge,IMPL-LOCAL-COMMAND-CATALOG-FIELDS,,,
RULE-W4-006-082,SRC-W4-006,docs/W4-build/05-dev-workspace-ai-coding-standard.md,30,30,merge,IMPL-LOCAL-COMMAND-CATALOG-FIELDS,,,
RULE-W4-006-083,SRC-W4-006,docs/W4-build/05-dev-workspace-ai-coding-standard.md,30,30,merge,IMPL-LOCAL-COMMAND-CATALOG-FIELDS,,,
RULE-W4-006-084,SRC-W4-006,docs/W4-build/05-dev-workspace-ai-coding-standard.md,59,59,merge,IMPL-TOOLCHAIN-PROVENANCE,,,
RULE-W4-006-085,SRC-W4-006,docs/W4-build/05-dev-workspace-ai-coding-standard.md,60,60,merge,IMPL-APP-TEMPLATE-RECORD,,,
RULE-W4-006-086,SRC-W4-006,docs/W4-build/05-dev-workspace-ai-coding-standard.md,60,60,merge,IMPL-APP-TEMPLATE-RECORD,,,
RULE-W4-006-087,SRC-W4-006,docs/W4-build/05-dev-workspace-ai-coding-standard.md,60,60,merge,IMPL-APP-TEMPLATE-RECORD,,,
RULE-W4-006-088,SRC-W4-006,docs/W4-build/05-dev-workspace-ai-coding-standard.md,60,60,rewrite,VERIFY-DEV-WORKSPACE-AI-CODING-W4-006-L060,,,
RULE-W4-006-089,SRC-W4-006,docs/W4-build/05-dev-workspace-ai-coding-standard.md,61,61,merge,IMPL-LOCAL-ENVIRONMENT-RECORD,,,
RULE-W4-006-090,SRC-W4-006,docs/W4-build/05-dev-workspace-ai-coding-standard.md,61,61,merge,IMPL-LOCAL-ENVIRONMENT-RECORD,,,
RULE-W4-006-091,SRC-W4-006,docs/W4-build/05-dev-workspace-ai-coding-standard.md,61,61,merge,VERIFY-EVIDENCE-W4-006-L061,,,
RULE-W4-006-092,SRC-W4-006,docs/W4-build/05-dev-workspace-ai-coding-standard.md,61,61,merge,IMPL-LOCAL-ENVIRONMENT-RECORD,,,
RULE-W4-006-093,SRC-W4-006,docs/W4-build/05-dev-workspace-ai-coding-standard.md,61,61,merge,VERIFY-EVIDENCE-W4-006-L061,,,
RULE-W4-006-094,SRC-W4-006,docs/W4-build/05-dev-workspace-ai-coding-standard.md,63,63,rewrite,TECH-007-AI-EVAL-FIXTURE-S01,,,
RULE-W4-006-095,SRC-W4-006,docs/W4-build/05-dev-workspace-ai-coding-standard.md,63,63,merge,IMPL-AI-FIXTURE-CASES,,,
RULE-W4-006-096,SRC-W4-006,docs/W4-build/05-dev-workspace-ai-coding-standard.md,64,64,merge,IMPL-IMPLEMENTATION-BRIEF-FIELDS,,,
RULE-W4-006-097,SRC-W4-006,docs/W4-build/05-dev-workspace-ai-coding-standard.md,64,64,merge,IMPL-IMPLEMENTATION-BRIEF-FIELDS,,,
RULE-W4-006-098,SRC-W4-006,docs/W4-build/05-dev-workspace-ai-coding-standard.md,64,64,merge,IMPL-IMPLEMENTATION-BRIEF-FIELDS,,,
RULE-W4-006-099,SRC-W4-006,docs/W4-build/05-dev-workspace-ai-coding-standard.md,64,64,merge,IMPL-IMPLEMENTATION-BRIEF-FIELDS,,,
RULE-W4-006-100,SRC-W4-006,docs/W4-build/05-dev-workspace-ai-coding-standard.md,64,64,merge,IMPL-IMPLEMENTATION-BRIEF-FIELDS,,,
RULE-W4-006-101,SRC-W4-006,docs/W4-build/05-dev-workspace-ai-coding-standard.md,66,66,merge,VERIFY-EVIDENCE-W4-006-L066,,,
RULE-W4-006-102,SRC-W4-006,docs/W4-build/05-dev-workspace-ai-coding-standard.md,66,66,merge,VERIFY-EVIDENCE-W4-006-L066,,,
RULE-W4-006-103,SRC-W4-006,docs/W4-build/05-dev-workspace-ai-coding-standard.md,66,66,merge,VERIFY-EVIDENCE-W4-006-L066,,,
RULE-W4-006-104,SRC-W4-006,docs/W4-build/05-dev-workspace-ai-coding-standard.md,66,66,merge,VERIFY-EVIDENCE-W4-006-L066,,,
RULE-W4-006-105,SRC-W4-006,docs/W4-build/05-dev-workspace-ai-coding-standard.md,66,66,merge,VERIFY-EVIDENCE-W4-006-L066,,,
RULE-W4-007-001,SRC-W4-007,docs/W4-build/06-external-side-effects-standard.md,3,3,merge,IMPL-MINIMAL-KERNEL-PRECEDENCE,,,
RULE-W4-007-002,SRC-W4-007,docs/W4-build/06-external-side-effects-standard.md,7,7,merge,IMPL-SPECIALTY-TRIGGER-MATRIX,,,
RULE-W4-007-003,SRC-W4-007,docs/W4-build/06-external-side-effects-standard.md,9,9,merge,IMPL-W4-MAIN-FIRST,,,
RULE-W4-007-004,SRC-W4-007,docs/W4-build/06-external-side-effects-standard.md,15,15,rewrite,TECH-121-ASYNC-JOB-CONTRACT-S01,,,
RULE-W4-007-005,SRC-W4-007,docs/W4-build/06-external-side-effects-standard.md,15,15,merge,IMPL-EXTERNAL-SIDE-EFFECT-CONTROLS,,,
RULE-W4-007-006,SRC-W4-007,docs/W4-build/06-external-side-effects-standard.md,15,15,merge,IMPL-EXTERNAL-SIDE-EFFECT-CONTROLS,,,
RULE-W4-007-007,SRC-W4-007,docs/W4-build/06-external-side-effects-standard.md,15,15,merge,IMPL-EXTERNAL-SIDE-EFFECT-CONTROLS,,,
RULE-W4-007-008,SRC-W4-007,docs/W4-build/06-external-side-effects-standard.md,29,29,merge,IMPL-BILLING-ARTIFACT-PATHS,,,
RULE-W4-007-009,SRC-W4-007,docs/W4-build/06-external-side-effects-standard.md,30,30,merge,IMPL-BILLING-ARTIFACT-PATHS,,,
RULE-W4-007-010,SRC-W4-007,docs/W4-build/06-external-side-effects-standard.md,31,31,merge,IMPL-BILLING-ARTIFACT-PATHS,,,
RULE-W4-007-011,SRC-W4-007,docs/W4-build/06-external-side-effects-standard.md,32,32,merge,IMPL-BILLING-ARTIFACT-PATHS,,,
RULE-W4-007-012,SRC-W4-007,docs/W4-build/06-external-side-effects-standard.md,35,35,rewrite,TECH-192-EVENT-WEBHOOK-S01,,,
RULE-W4-007-013,SRC-W4-007,docs/W4-build/06-external-side-effects-standard.md,36,36,rewrite,TECH-092-API-CONTRACT-ERROR-MODEL-S01,,,
RULE-W4-007-014,SRC-W4-007,docs/W4-build/06-external-side-effects-standard.md,37,37,merge,OPERATION-RUNBOOK-001,,,
RULE-W4-007-015,SRC-W4-007,docs/W4-build/06-external-side-effects-standard.md,38,38,rewrite,VERIFY-EVIDENCE-W4-007-L038,,,
RULE-W4-007-016,SRC-W4-007,docs/W4-build/06-external-side-effects-standard.md,41,41,merge,IMPL-MESSAGING-ARTIFACT-PATHS,,,
RULE-W4-007-017,SRC-W4-007,docs/W4-build/06-external-side-effects-standard.md,42,42,merge,IMPL-MESSAGING-ARTIFACT-PATHS,,,
RULE-W4-007-018,SRC-W4-007,docs/W4-build/06-external-side-effects-standard.md,43,43,merge,IMPL-MESSAGING-ARTIFACT-PATHS,,,
RULE-W4-007-019,SRC-W4-007,docs/W4-build/06-external-side-effects-standard.md,44,44,merge,OPERATION-RUNBOOK-001,,,
RULE-W4-007-020,SRC-W4-007,docs/W4-build/06-external-side-effects-standard.md,47,47,rewrite,IMPL-DEVELOPER-SURFACE-CROSS-STAGE,,,
RULE-W4-007-021,SRC-W4-007,docs/W4-build/06-external-side-effects-standard.md,51,51,rewrite,IMPL-SERVER-ENTITLEMENT-CHECK,,,
RULE-W4-007-022,SRC-W4-007,docs/W4-build/06-external-side-effects-standard.md,51,51,rewrite,IMPL-ENTITLEMENT-UI-DISPLAY-ONLY,,,
RULE-W4-007-023,SRC-W4-007,docs/W4-build/06-external-side-effects-standard.md,52,52,rewrite,IMPL-BILLABLE-EVENT-LOCAL-LEDGER,,,
RULE-W4-007-024,SRC-W4-007,docs/W4-build/06-external-side-effects-standard.md,52,52,rewrite,IMPL-BILLABLE-EVENT-ASYNC-SYNC,,,
RULE-W4-007-025,SRC-W4-007,docs/W4-build/06-external-side-effects-standard.md,53,53,rewrite,TECH-192-EVENT-WEBHOOK-S02,,,
RULE-W4-007-026,SRC-W4-007,docs/W4-build/06-external-side-effects-standard.md,53,53,merge,TECH-192-EVENT-WEBHOOK-S02,,,
RULE-W4-007-027,SRC-W4-007,docs/W4-build/06-external-side-effects-standard.md,53,53,merge,TECH-192-EVENT-WEBHOOK-S02,,,
RULE-W4-007-028,SRC-W4-007,docs/W4-build/06-external-side-effects-standard.md,53,53,merge,TECH-192-EVENT-WEBHOOK-S02,,,
RULE-W4-007-029,SRC-W4-007,docs/W4-build/06-external-side-effects-standard.md,53,53,rewrite,IMPL-WEBHOOK-SLOW-WORKER,,,
RULE-W4-007-030,SRC-W4-007,docs/W4-build/06-external-side-effects-standard.md,54,54,rewrite,TECH-192-EVENT-WEBHOOK-S03,,,
RULE-W4-007-031,SRC-W4-007,docs/W4-build/06-external-side-effects-standard.md,54,54,merge,IMPL-OUTBOX-DISPATCHER-DUTIES,,,
RULE-W4-007-032,SRC-W4-007,docs/W4-build/06-external-side-effects-standard.md,54,54,merge,IMPL-OUTBOX-DISPATCHER-DUTIES,,,
RULE-W4-007-033,SRC-W4-007,docs/W4-build/06-external-side-effects-standard.md,54,54,merge,IMPL-OUTBOX-DISPATCHER-DUTIES,,,
RULE-W4-007-034,SRC-W4-007,docs/W4-build/06-external-side-effects-standard.md,55,55,rewrite,IMPL-MESSAGE-CLASSIFY-BEFORE-SEND,,,
RULE-W4-007-035,SRC-W4-007,docs/W4-build/06-external-side-effects-standard.md,55,55,merge,VERIFY-EVIDENCE-W4-007-L055,,,
RULE-W4-007-036,SRC-W4-007,docs/W4-build/06-external-side-effects-standard.md,55,55,merge,VERIFY-EVIDENCE-W4-007-L055,,,
RULE-W4-007-037,SRC-W4-007,docs/W4-build/06-external-side-effects-standard.md,55,55,merge,VERIFY-EVIDENCE-W4-007-L055,,,
RULE-W4-007-038,SRC-W4-007,docs/W4-build/06-external-side-effects-standard.md,55,55,merge,VERIFY-EVIDENCE-W4-007-L055,,,
RULE-W4-007-039,SRC-W4-007,docs/W4-build/06-external-side-effects-standard.md,55,55,merge,VERIFY-EVIDENCE-W4-007-L055,,,
RULE-W4-007-040,SRC-W4-007,docs/W4-build/06-external-side-effects-standard.md,55,55,merge,VERIFY-EVIDENCE-W4-007-L055,,,
RULE-W4-007-041,SRC-W4-007,docs/W4-build/06-external-side-effects-standard.md,56,56,rewrite,TECH-227-NOTIFICATION-MESSAGING-S01,,,
RULE-W4-007-042,SRC-W4-007,docs/W4-build/06-external-side-effects-standard.md,60,60,rewrite,IMPL-BILLING-LEDGER-APPEND-ONLY,,,
RULE-W4-007-043,SRC-W4-007,docs/W4-build/06-external-side-effects-standard.md,60,60,rewrite,TECH-159-BILLING-ENTITLEMENT-PRICING-S01,,,
RULE-W4-007-044,SRC-W4-007,docs/W4-build/06-external-side-effects-standard.md,61,61,rewrite,TECH-192-EVENT-WEBHOOK-S04,,,
RULE-W4-007-045,SRC-W4-007,docs/W4-build/06-external-side-effects-standard.md,61,61,rewrite,TECH-192-EVENT-WEBHOOK-S05,,,
RULE-W4-007-046,SRC-W4-007,docs/W4-build/06-external-side-effects-standard.md,62,62,merge,IMPL-REPLAY-SELECTION-SAFETY,,,
RULE-W4-007-047,SRC-W4-007,docs/W4-build/06-external-side-effects-standard.md,62,62,merge,IMPL-REPLAY-SELECTION-SAFETY,,,
RULE-W4-007-048,SRC-W4-007,docs/W4-build/06-external-side-effects-standard.md,63,63,rewrite,IMPL-MARKETING-TRANSACTIONAL-SEPARATION,,,
RULE-W4-007-049,SRC-W4-007,docs/W4-build/06-external-side-effects-standard.md,63,63,rewrite,EXPERIENCE-COMMERCIAL-UNSUBSCRIBE,,,
RULE-W4-007-050,SRC-W4-007,docs/W4-build/06-external-side-effects-standard.md,63,63,rewrite,IMPL-SMS-PUSH-CONSENT,,,
RULE-W4-007-051,SRC-W4-007,docs/W4-build/06-external-side-effects-standard.md,64,64,merge,IMPL-AI-EXTERNAL-MESSAGE-DRAFT-ONLY,,,
RULE-W4-007-052,SRC-W4-007,docs/W4-build/06-external-side-effects-standard.md,64,64,merge,IMPL-AI-EXTERNAL-MESSAGE-DRAFT-ONLY,,,
RULE-W4-007-053,SRC-W4-007,docs/W4-build/06-external-side-effects-standard.md,68,68,rewrite,IMPL-COMMERCIAL-MODEL-HUMAN-GATE,,,
RULE-W4-007-054,SRC-W4-007,docs/W4-build/06-external-side-effects-standard.md,69,69,rewrite,TECH-159-BILLING-ENTITLEMENT-PRICING-S02,,,
RULE-W4-007-055,SRC-W4-007,docs/W4-build/06-external-side-effects-standard.md,70,70,rewrite,TECH-250-SCHEMA-DATA-EXTERNAL-SIDE-EFFECTS-S01,,,
RULE-W4-007-056,SRC-W4-007,docs/W4-build/06-external-side-effects-standard.md,71,71,rewrite,IMPL-OUTBOUND-SENSITIVE-DATA-HUMAN-GATE,,,
RULE-W4-007-057,SRC-W4-007,docs/W4-build/06-external-side-effects-standard.md,72,72,rewrite,IMPL-MESSAGING-EXPANSION-HUMAN-GATE,,,
RULE-W4-007-058,SRC-W4-007,docs/W4-build/06-external-side-effects-standard.md,73,73,merge,OPERATION-EXTERNAL-001,,,
RULE-W4-007-059,SRC-W4-007,docs/W4-build/06-external-side-effects-standard.md,81,81,rewrite,TECH-263-SECURITY-PRIVACY-S01,,,
RULE-W4-007-060,SRC-W4-007,docs/W4-build/06-external-side-effects-standard.md,81,81,merge,IMPL-EXTERNAL-EFFECT-IDEMPOTENCY-AUDIT,,,
RULE-W4-007-061,SRC-W4-007,docs/W4-build/06-external-side-effects-standard.md,81,81,merge,IMPL-EXTERNAL-EFFECT-IDEMPOTENCY-AUDIT,,,
RULE-W4-007-062,SRC-W4-007,docs/W4-build/06-external-side-effects-standard.md,81,81,rewrite,TECH-270-USER-CONTROL-S01,,,
RULE-W4-007-063,SRC-W4-007,docs/W4-build/06-external-side-effects-standard.md,3,3,merge,IMPL-OPTIONAL-PLAYBOOK-STATUS,,,
RULE-W4-008-001,SRC-W4-008,docs/W4-build/07-async-job-worker-standard.md,3,3,rewrite,TECH-129-ASYNC-JOB-WORKER-S01,,,
RULE-W4-008-002,SRC-W4-008,docs/W4-build/07-async-job-worker-standard.md,7,7,merge,IMPL-SPECIALTY-TRIGGER-MATRIX,,,
RULE-W4-008-003,SRC-W4-008,docs/W4-build/07-async-job-worker-standard.md,9,9,merge,IMPL-W4-MAIN-FIRST,,,
RULE-W4-008-004,SRC-W4-008,docs/W4-build/07-async-job-worker-standard.md,15,15,merge,IMPL-BACKGROUND-JOB-CONTRACT,,,
RULE-W4-008-005,SRC-W4-008,docs/W4-build/07-async-job-worker-standard.md,15,15,rewrite,TECH-243-RETRY-FALLBACK-RESILIENCE-S01,,,
RULE-W4-008-006,SRC-W4-008,docs/W4-build/07-async-job-worker-standard.md,15,15,rewrite,TECH-129-ASYNC-JOB-WORKER-S02,,,
RULE-W4-008-007,SRC-W4-008,docs/W4-build/07-async-job-worker-standard.md,15,15,merge,IMPL-BACKGROUND-JOB-CONTRACT,,,
RULE-W4-008-008,SRC-W4-008,docs/W4-build/07-async-job-worker-standard.md,15,15,merge,IMPL-BACKGROUND-JOB-CONTRACT,,,
RULE-W4-008-009,SRC-W4-008,docs/W4-build/07-async-job-worker-standard.md,15,15,merge,IMPL-BACKGROUND-JOB-CONTRACT,,,
RULE-W4-008-010,SRC-W4-008,docs/W4-build/07-async-job-worker-standard.md,15,15,merge,IMPL-BACKGROUND-JOB-CONTRACT,,,
RULE-W4-008-011,SRC-W4-008,docs/W4-build/07-async-job-worker-standard.md,53,53,rewrite,TECH-126-ASYNC-JOB-WORKER-S01,,,
RULE-W4-008-012,SRC-W4-008,docs/W4-build/07-async-job-worker-standard.md,54,54,rewrite,TECH-093-API-CONTRACT-ERROR-MODEL-S01,,,
RULE-W4-008-013,SRC-W4-008,docs/W4-build/07-async-job-worker-standard.md,55,55,merge,OPERATION-JOB-002,,,
RULE-W4-008-014,SRC-W4-008,docs/W4-build/07-async-job-worker-standard.md,56,56,merge,VERIFY-JOB-TEST-PLAN-SCHEMA,,,
RULE-W4-008-015,SRC-W4-008,docs/W4-build/07-async-job-worker-standard.md,57,57,merge,EVALUATION-ASYNC-001,,,
RULE-W4-008-016,SRC-W4-008,docs/W4-build/07-async-job-worker-standard.md,64,64,rewrite,TECH-126-ASYNC-JOB-WORKER-S02,,,
RULE-W4-008-017,SRC-W4-008,docs/W4-build/07-async-job-worker-standard.md,65,65,merge,TECH-126-ASYNC-JOB-WORKER-S02,,,
RULE-W4-008-018,SRC-W4-008,docs/W4-build/07-async-job-worker-standard.md,66,66,merge,TECH-126-ASYNC-JOB-WORKER-S02,,,
RULE-W4-008-019,SRC-W4-008,docs/W4-build/07-async-job-worker-standard.md,67,67,merge,TECH-126-ASYNC-JOB-WORKER-S02,,,
RULE-W4-008-020,SRC-W4-008,docs/W4-build/07-async-job-worker-standard.md,68,68,merge,TECH-126-ASYNC-JOB-WORKER-S02,,,
RULE-W4-008-021,SRC-W4-008,docs/W4-build/07-async-job-worker-standard.md,69,69,merge,TECH-126-ASYNC-JOB-WORKER-S02,,,
RULE-W4-008-022,SRC-W4-008,docs/W4-build/07-async-job-worker-standard.md,70,70,merge,TECH-126-ASYNC-JOB-WORKER-S02,,,
RULE-W4-008-023,SRC-W4-008,docs/W4-build/07-async-job-worker-standard.md,71,71,merge,TECH-126-ASYNC-JOB-WORKER-S02,,,
RULE-W4-008-024,SRC-W4-008,docs/W4-build/07-async-job-worker-standard.md,72,72,merge,TECH-126-ASYNC-JOB-WORKER-S02,,,
RULE-W4-008-025,SRC-W4-008,docs/W4-build/07-async-job-worker-standard.md,73,73,merge,OPERATION-JOB-007,,,
RULE-W4-008-026,SRC-W4-008,docs/W4-build/07-async-job-worker-standard.md,74,74,merge,TECH-126-ASYNC-JOB-WORKER-S02,,,
RULE-W4-008-027,SRC-W4-008,docs/W4-build/07-async-job-worker-standard.md,75,75,merge,TECH-126-ASYNC-JOB-WORKER-S02,,,
RULE-W4-008-028,SRC-W4-008,docs/W4-build/07-async-job-worker-standard.md,79,79,rewrite,TECH-126-ASYNC-JOB-WORKER-S03,,,
RULE-W4-008-029,SRC-W4-008,docs/W4-build/07-async-job-worker-standard.md,80,80,merge,TECH-126-ASYNC-JOB-WORKER-S03,,,
RULE-W4-008-030,SRC-W4-008,docs/W4-build/07-async-job-worker-standard.md,81,81,merge,TECH-126-ASYNC-JOB-WORKER-S03,,,
RULE-W4-008-031,SRC-W4-008,docs/W4-build/07-async-job-worker-standard.md,82,82,merge,TECH-126-ASYNC-JOB-WORKER-S03,,,
RULE-W4-008-032,SRC-W4-008,docs/W4-build/07-async-job-worker-standard.md,83,83,merge,TECH-126-ASYNC-JOB-WORKER-S03,,,
RULE-W4-008-033,SRC-W4-008,docs/W4-build/07-async-job-worker-standard.md,84,84,merge,OPERATION-JOB-007,,,
RULE-W4-008-034,SRC-W4-008,docs/W4-build/07-async-job-worker-standard.md,85,85,merge,OPERATION-JOB-007,,,
RULE-W4-008-035,SRC-W4-008,docs/W4-build/07-async-job-worker-standard.md,86,86,merge,TECH-126-ASYNC-JOB-WORKER-S03,,,
RULE-W4-008-036,SRC-W4-008,docs/W4-build/07-async-job-worker-standard.md,90,90,rewrite,TECH-126-ASYNC-JOB-WORKER-S04,,,
RULE-W4-008-037,SRC-W4-008,docs/W4-build/07-async-job-worker-standard.md,91,91,merge,TECH-126-ASYNC-JOB-WORKER-S04,,,
RULE-W4-008-038,SRC-W4-008,docs/W4-build/07-async-job-worker-standard.md,92,92,merge,TECH-126-ASYNC-JOB-WORKER-S04,,,
RULE-W4-008-039,SRC-W4-008,docs/W4-build/07-async-job-worker-standard.md,93,93,merge,TECH-126-ASYNC-JOB-WORKER-S04,,,
RULE-W4-008-040,SRC-W4-008,docs/W4-build/07-async-job-worker-standard.md,94,94,merge,TECH-126-ASYNC-JOB-WORKER-S04,,,
RULE-W4-008-041,SRC-W4-008,docs/W4-build/07-async-job-worker-standard.md,95,95,merge,TECH-126-ASYNC-JOB-WORKER-S04,,,
RULE-W4-008-042,SRC-W4-008,docs/W4-build/07-async-job-worker-standard.md,96,96,merge,TECH-126-ASYNC-JOB-WORKER-S04,,,
RULE-W4-008-043,SRC-W4-008,docs/W4-build/07-async-job-worker-standard.md,97,97,merge,TECH-126-ASYNC-JOB-WORKER-S04,,,
RULE-W4-008-044,SRC-W4-008,docs/W4-build/07-async-job-worker-standard.md,98,98,merge,TECH-126-ASYNC-JOB-WORKER-S04,,,
RULE-W4-008-045,SRC-W4-008,docs/W4-build/07-async-job-worker-standard.md,99,99,rewrite,TECH-243-RETRY-FALLBACK-RESILIENCE-S02,,,
RULE-W4-008-046,SRC-W4-008,docs/W4-build/07-async-job-worker-standard.md,100,100,merge,TECH-126-ASYNC-JOB-WORKER-S04,,,
RULE-W4-008-047,SRC-W4-008,docs/W4-build/07-async-job-worker-standard.md,101,101,merge,TECH-243-RETRY-FALLBACK-RESILIENCE-S02,,,
RULE-W4-008-048,SRC-W4-008,docs/W4-build/07-async-job-worker-standard.md,102,102,merge,TECH-126-ASYNC-JOB-WORKER-S04,,,
RULE-W4-008-049,SRC-W4-008,docs/W4-build/07-async-job-worker-standard.md,103,103,merge,TECH-126-ASYNC-JOB-WORKER-S04,,,
RULE-W4-008-050,SRC-W4-008,docs/W4-build/07-async-job-worker-standard.md,104,104,merge,TECH-126-ASYNC-JOB-WORKER-S04,,,
RULE-W4-008-051,SRC-W4-008,docs/W4-build/07-async-job-worker-standard.md,105,105,merge,TECH-126-ASYNC-JOB-WORKER-S04,,,
RULE-W4-008-052,SRC-W4-008,docs/W4-build/07-async-job-worker-standard.md,106,106,merge,TECH-126-ASYNC-JOB-WORKER-S04,,,
RULE-W4-008-053,SRC-W4-008,docs/W4-build/07-async-job-worker-standard.md,110,110,rewrite,OPERATION-JOB-001,,,
RULE-W4-008-055,SRC-W4-008,docs/W4-build/07-async-job-worker-standard.md,111,111,merge,OPERATION-JOB-003,,,
RULE-W4-008-057,SRC-W4-008,docs/W4-build/07-async-job-worker-standard.md,112,112,rewrite,TECH-129-ASYNC-JOB-WORKER-S03,,,
RULE-W4-008-058,SRC-W4-008,docs/W4-build/07-async-job-worker-standard.md,112,112,rewrite,TECH-243-RETRY-FALLBACK-RESILIENCE-S03,,,
RULE-W4-008-059,SRC-W4-008,docs/W4-build/07-async-job-worker-standard.md,112,112,merge,OPERATION-JOB-003,,,
RULE-W4-008-060,SRC-W4-008,docs/W4-build/07-async-job-worker-standard.md,112,112,merge,OPERATION-JOB-007,,,
RULE-W4-008-061,SRC-W4-008,docs/W4-build/07-async-job-worker-standard.md,112,112,merge,TECH-129-ASYNC-JOB-WORKER-S03,,,
RULE-W4-008-062,SRC-W4-008,docs/W4-build/07-async-job-worker-standard.md,113,113,merge,IMPL-USER-VISIBLE-JOB-CONTRACT,,,
RULE-W4-008-063,SRC-W4-008,docs/W4-build/07-async-job-worker-standard.md,113,113,merge,IMPL-USER-VISIBLE-JOB-CONTRACT,,,
RULE-W4-008-064,SRC-W4-008,docs/W4-build/07-async-job-worker-standard.md,113,113,merge,IMPL-USER-VISIBLE-JOB-CONTRACT,,,
RULE-W4-008-065,SRC-W4-008,docs/W4-build/07-async-job-worker-standard.md,113,113,merge,IMPL-USER-VISIBLE-JOB-CONTRACT,,,
RULE-W4-008-066,SRC-W4-008,docs/W4-build/07-async-job-worker-standard.md,119,119,rewrite,TECH-093-API-CONTRACT-ERROR-MODEL-S02,,,
RULE-W4-008-067,SRC-W4-008,docs/W4-build/07-async-job-worker-standard.md,120,120,merge,TECH-093-API-CONTRACT-ERROR-MODEL-S02,,,
RULE-W4-008-068,SRC-W4-008,docs/W4-build/07-async-job-worker-standard.md,121,121,merge,TECH-093-API-CONTRACT-ERROR-MODEL-S02,,,
RULE-W4-008-069,SRC-W4-008,docs/W4-build/07-async-job-worker-standard.md,122,122,merge,TECH-093-API-CONTRACT-ERROR-MODEL-S02,,,
RULE-W4-008-070,SRC-W4-008,docs/W4-build/07-async-job-worker-standard.md,123,123,merge,TECH-093-API-CONTRACT-ERROR-MODEL-S02,,,
RULE-W4-008-071,SRC-W4-008,docs/W4-build/07-async-job-worker-standard.md,124,124,merge,TECH-093-API-CONTRACT-ERROR-MODEL-S02,,,
RULE-W4-008-072,SRC-W4-008,docs/W4-build/07-async-job-worker-standard.md,125,125,merge,TECH-093-API-CONTRACT-ERROR-MODEL-S02,,,
RULE-W4-008-073,SRC-W4-008,docs/W4-build/07-async-job-worker-standard.md,126,126,merge,TECH-093-API-CONTRACT-ERROR-MODEL-S02,,,
RULE-W4-008-074,SRC-W4-008,docs/W4-build/07-async-job-worker-standard.md,127,127,merge,OPERATION-JOB-003,,,
RULE-W4-008-075,SRC-W4-008,docs/W4-build/07-async-job-worker-standard.md,128,128,merge,TECH-093-API-CONTRACT-ERROR-MODEL-S02,,,
RULE-W4-008-076,SRC-W4-008,docs/W4-build/07-async-job-worker-standard.md,129,129,merge,TECH-093-API-CONTRACT-ERROR-MODEL-S02,,,
RULE-W4-008-077,SRC-W4-008,docs/W4-build/07-async-job-worker-standard.md,130,130,merge,TECH-093-API-CONTRACT-ERROR-MODEL-S02,,,
RULE-W4-008-078,SRC-W4-008,docs/W4-build/07-async-job-worker-standard.md,131,131,merge,TECH-093-API-CONTRACT-ERROR-MODEL-S02,,,
RULE-W4-008-079,SRC-W4-008,docs/W4-build/07-async-job-worker-standard.md,132,132,merge,TECH-093-API-CONTRACT-ERROR-MODEL-S02,,,
RULE-W4-008-080,SRC-W4-008,docs/W4-build/07-async-job-worker-standard.md,133,133,merge,TECH-093-API-CONTRACT-ERROR-MODEL-S02,,,
RULE-W4-008-081,SRC-W4-008,docs/W4-build/07-async-job-worker-standard.md,137,137,rewrite,TECH-094-JOB-DEFAULT-STATE-MACHINE,,,
RULE-W4-008-082,SRC-W4-008,docs/W4-build/07-async-job-worker-standard.md,149,149,rewrite,IMPL-SERVER-OWNED-JOB-STATE,,,
RULE-W4-008-084,SRC-W4-008,docs/W4-build/07-async-job-worker-standard.md,150,150,merge,IMPL-JOB-LEASE-RECOVERY,,,
RULE-W4-008-085,SRC-W4-008,docs/W4-build/07-async-job-worker-standard.md,150,150,merge,IMPL-JOB-LEASE-RECOVERY,,,
RULE-W4-008-086,SRC-W4-008,docs/W4-build/07-async-job-worker-standard.md,151,151,rewrite,TECH-129-ASYNC-JOB-WORKER-S04,,,
RULE-W4-008-087,SRC-W4-008,docs/W4-build/07-async-job-worker-standard.md,151,151,merge,TECH-129-ASYNC-JOB-WORKER-S04,,,
RULE-W4-008-088,SRC-W4-008,docs/W4-build/07-async-job-worker-standard.md,152,152,rewrite,TECH-127-ASYNC-JOB-WORKER-S01,,,
RULE-W4-008-089,SRC-W4-008,docs/W4-build/07-async-job-worker-standard.md,152,152,rewrite,TECH-129-ASYNC-JOB-WORKER-S05,,,
RULE-W4-008-090,SRC-W4-008,docs/W4-build/07-async-job-worker-standard.md,158,158,merge,OPERATION-JOB-002,,,
RULE-W4-008-091,SRC-W4-008,docs/W4-build/07-async-job-worker-standard.md,159,159,merge,OPERATION-JOB-002,,,
RULE-W4-008-092,SRC-W4-008,docs/W4-build/07-async-job-worker-standard.md,160,160,merge,OPERATION-JOB-002,,,
RULE-W4-008-093,SRC-W4-008,docs/W4-build/07-async-job-worker-standard.md,161,161,merge,OPERATION-JOB-002,,,
RULE-W4-008-094,SRC-W4-008,docs/W4-build/07-async-job-worker-standard.md,162,162,merge,OPERATION-JOB-002,,,
RULE-W4-008-095,SRC-W4-008,docs/W4-build/07-async-job-worker-standard.md,163,163,merge,OPERATION-JOB-003,,,
RULE-W4-008-096,SRC-W4-008,docs/W4-build/07-async-job-worker-standard.md,164,164,merge,OPERATION-JOB-002,,,
RULE-W4-008-097,SRC-W4-008,docs/W4-build/07-async-job-worker-standard.md,165,165,merge,OPERATION-JOB-002,,,
RULE-W4-008-098,SRC-W4-008,docs/W4-build/07-async-job-worker-standard.md,166,166,merge,OPERATION-JOB-007,,,
RULE-W4-008-099,SRC-W4-008,docs/W4-build/07-async-job-worker-standard.md,167,167,merge,OPERATION-CONFIG-002,,,
RULE-W4-008-100,SRC-W4-008,docs/W4-build/07-async-job-worker-standard.md,168,168,merge,OPERATION-JOB-002,,,
RULE-W4-008-101,SRC-W4-008,docs/W4-build/07-async-job-worker-standard.md,169,169,merge,OPERATION-JOB-002,,,
RULE-W4-008-102,SRC-W4-008,docs/W4-build/07-async-job-worker-standard.md,173,173,merge,VERIFY-ASYNC-JOB-WORKER-FP-W4-008-L173,,,
RULE-W4-008-103,SRC-W4-008,docs/W4-build/07-async-job-worker-standard.md,174,174,merge,OPERATION-JOB-004,,,
RULE-W4-008-104,SRC-W4-008,docs/W4-build/07-async-job-worker-standard.md,174,174,merge,IMPL-SKIP-LOCKED-QUEUE-ONLY,,,
RULE-W4-008-105,SRC-W4-008,docs/W4-build/07-async-job-worker-standard.md,175,175,merge,IMPL-JOB-EXECUTION-CONTEXT,,,
RULE-W4-008-106,SRC-W4-008,docs/W4-build/07-async-job-worker-standard.md,176,176,merge,OPERATION-JOB-005,,,
RULE-W4-008-107,SRC-W4-008,docs/W4-build/07-async-job-worker-standard.md,177,177,merge,OPERATION-JOB-006,,,
RULE-W4-008-108,SRC-W4-008,docs/W4-build/07-async-job-worker-standard.md,177,177,merge,OPERATION-JOB-006,,,
RULE-W4-008-109,SRC-W4-008,docs/W4-build/07-async-job-worker-standard.md,177,177,merge,OPERATION-JOB-006,,,
RULE-W4-008-110,SRC-W4-008,docs/W4-build/07-async-job-worker-standard.md,178,178,merge,OPERATION-JOB-003,,,
RULE-W4-008-111,SRC-W4-008,docs/W4-build/07-async-job-worker-standard.md,178,178,merge,OPERATION-JOB-003,,,
RULE-W4-008-112,SRC-W4-008,docs/W4-build/07-async-job-worker-standard.md,184,184,merge,VERIFY-JOB-TEST-PLAN-SCHEMA,,,
RULE-W4-008-113,SRC-W4-008,docs/W4-build/07-async-job-worker-standard.md,185,185,merge,VERIFY-JOB-TEST-PLAN-SCHEMA,,,
RULE-W4-008-114,SRC-W4-008,docs/W4-build/07-async-job-worker-standard.md,186,186,merge,VERIFY-JOB-TEST-PLAN-SCHEMA,,,
RULE-W4-008-115,SRC-W4-008,docs/W4-build/07-async-job-worker-standard.md,187,187,merge,VERIFY-JOB-TEST-PLAN-SCHEMA,,,
RULE-W4-008-116,SRC-W4-008,docs/W4-build/07-async-job-worker-standard.md,188,188,merge,VERIFY-JOB-TEST-PLAN-SCHEMA,,,
RULE-W4-008-117,SRC-W4-008,docs/W4-build/07-async-job-worker-standard.md,189,189,merge,VERIFY-JOB-TEST-PLAN-SCHEMA,,,
RULE-W4-008-118,SRC-W4-008,docs/W4-build/07-async-job-worker-standard.md,190,190,merge,VERIFY-JOB-TEST-PLAN-SCHEMA,,,
RULE-W4-008-119,SRC-W4-008,docs/W4-build/07-async-job-worker-standard.md,191,191,merge,VERIFY-JOB-TEST-PLAN-SCHEMA,,,
RULE-W4-008-120,SRC-W4-008,docs/W4-build/07-async-job-worker-standard.md,195,195,merge,VERIFY-JOB-REQUIRED-CHECKS,,,
RULE-W4-008-121,SRC-W4-008,docs/W4-build/07-async-job-worker-standard.md,196,196,merge,VERIFY-JOB-REQUIRED-CHECKS,,,
RULE-W4-008-122,SRC-W4-008,docs/W4-build/07-async-job-worker-standard.md,197,197,merge,VERIFY-JOB-REQUIRED-CHECKS,,,
RULE-W4-008-123,SRC-W4-008,docs/W4-build/07-async-job-worker-standard.md,198,198,merge,VERIFY-JOB-REQUIRED-CHECKS,,,
RULE-W4-008-124,SRC-W4-008,docs/W4-build/07-async-job-worker-standard.md,199,199,merge,VERIFY-JOB-REQUIRED-CHECKS,,,
RULE-W4-008-125,SRC-W4-008,docs/W4-build/07-async-job-worker-standard.md,200,200,merge,VERIFY-JOB-REQUIRED-CHECKS,,,
RULE-W4-008-126,SRC-W4-008,docs/W4-build/07-async-job-worker-standard.md,201,201,merge,VERIFY-JOB-REQUIRED-CHECKS,,,
RULE-W4-008-127,SRC-W4-008,docs/W4-build/07-async-job-worker-standard.md,202,202,merge,VERIFY-JOB-REQUIRED-CHECKS,,,
RULE-W4-008-128,SRC-W4-008,docs/W4-build/07-async-job-worker-standard.md,203,203,merge,VERIFY-JOB-REQUIRED-CHECKS,,,
RULE-W4-008-129,SRC-W4-008,docs/W4-build/07-async-job-worker-standard.md,204,204,merge,VERIFY-JOB-REQUIRED-CHECKS,,,
RULE-W4-008-130,SRC-W4-008,docs/W4-build/07-async-job-worker-standard.md,205,205,merge,VERIFY-JOB-REQUIRED-CHECKS,,,
RULE-W4-008-131,SRC-W4-008,docs/W4-build/07-async-job-worker-standard.md,206,206,merge,VERIFY-JOB-REQUIRED-CHECKS,,,
RULE-W4-008-132,SRC-W4-008,docs/W4-build/07-async-job-worker-standard.md,207,207,merge,VERIFY-JOB-REQUIRED-CHECKS,,,
RULE-W4-008-133,SRC-W4-008,docs/W4-build/07-async-job-worker-standard.md,208,208,merge,VERIFY-JOB-REQUIRED-CHECKS,,,
RULE-W4-008-134,SRC-W4-008,docs/W4-build/07-async-job-worker-standard.md,209,209,merge,VERIFY-JOB-REQUIRED-CHECKS,,,
RULE-W4-008-135,SRC-W4-008,docs/W4-build/07-async-job-worker-standard.md,210,210,merge,VERIFY-JOB-REQUIRED-CHECKS,,,
RULE-W4-008-136,SRC-W4-008,docs/W4-build/07-async-job-worker-standard.md,214,214,merge,VERIFY-JOB-SCENARIO-COVERAGE,,,
RULE-W4-008-137,SRC-W4-008,docs/W4-build/07-async-job-worker-standard.md,215,215,merge,VERIFY-AI-JOB-LIMIT-AND-STATUS-COVERAGE,,,
RULE-W4-008-138,SRC-W4-008,docs/W4-build/07-async-job-worker-standard.md,216,216,merge,VERIFY-JOB-SCENARIO-COVERAGE,,,
RULE-W4-008-139,SRC-W4-008,docs/W4-build/07-async-job-worker-standard.md,222,222,merge,EVALUATION-ASYNC-001,,,
RULE-W4-008-140,SRC-W4-008,docs/W4-build/07-async-job-worker-standard.md,223,223,merge,EVALUATION-ASYNC-001,,,
RULE-W4-008-141,SRC-W4-008,docs/W4-build/07-async-job-worker-standard.md,224,224,merge,EVALUATION-ASYNC-001,,,
RULE-W4-008-142,SRC-W4-008,docs/W4-build/07-async-job-worker-standard.md,225,225,merge,EVALUATION-ASYNC-001,,,
RULE-W4-008-143,SRC-W4-008,docs/W4-build/07-async-job-worker-standard.md,226,226,merge,EVALUATION-ASYNC-001,,,
RULE-W4-008-144,SRC-W4-008,docs/W4-build/07-async-job-worker-standard.md,227,227,merge,EVALUATION-ASYNC-001,,,
RULE-W4-008-145,SRC-W4-008,docs/W4-build/07-async-job-worker-standard.md,228,228,merge,EVALUATION-ASYNC-001,,,
RULE-W4-008-146,SRC-W4-008,docs/W4-build/07-async-job-worker-standard.md,229,229,merge,EVALUATION-ASYNC-001,,,
RULE-W4-008-147,SRC-W4-008,docs/W4-build/07-async-job-worker-standard.md,230,230,merge,EVALUATION-ASYNC-001,,,
RULE-W4-008-148,SRC-W4-008,docs/W4-build/07-async-job-worker-standard.md,231,231,merge,EVALUATION-ASYNC-001,,,
RULE-W4-008-149,SRC-W4-008,docs/W4-build/07-async-job-worker-standard.md,235,235,merge,EVALUATION-ASYNC-002,,,
RULE-W4-008-150,SRC-W4-008,docs/W4-build/07-async-job-worker-standard.md,236,236,merge,EVALUATION-ASYNC-002,,,
RULE-W4-008-151,SRC-W4-008,docs/W4-build/07-async-job-worker-standard.md,237,237,rewrite,EVALUATION-ASYNC-003,,,
RULE-W4-008-152,SRC-W4-008,docs/W4-build/07-async-job-worker-standard.md,241,241,rewrite,IMPL-EXPLICIT-ASYNC-SERVICE,,,
RULE-W4-008-154,SRC-W4-008,docs/W4-build/07-async-job-worker-standard.md,242,242,rewrite,TECH-094-ASYNC-GRPC-API,,,
RULE-W4-008-155,SRC-W4-008,docs/W4-build/07-async-job-worker-standard.md,242,242,rewrite,TECH-095-API-CONTRACT-ERROR-MODEL-S01,,,
RULE-W4-008-156,SRC-W4-008,docs/W4-build/07-async-job-worker-standard.md,243,243,rewrite,TECH-093-API-CONTRACT-ERROR-MODEL-S03,,,
RULE-W4-008-157,SRC-W4-008,docs/W4-build/07-async-job-worker-standard.md,243,243,rewrite,TECH-096-API-CONTRACT-ERROR-MODEL-S01,,,
RULE-W4-008-158,SRC-W4-008,docs/W4-build/07-async-job-worker-standard.md,244,244,rewrite,TECH-181-DATABASE-TABLE-SCHEMA-S01,,,
RULE-W4-008-159,SRC-W4-008,docs/W4-build/07-async-job-worker-standard.md,245,245,rewrite,TECH-122-ASYNC-JOB-QUEUE-INDEXES-S01,,,
RULE-W4-008-160,SRC-W4-008,docs/W4-build/07-async-job-worker-standard.md,245,245,rewrite,TECH-218-JOB-CLAIM-TRANSACTION-S01,,,
RULE-W4-008-161,SRC-W4-008,docs/W4-build/07-async-job-worker-standard.md,246,246,merge,IMPL-SKIP-LOCKED-QUEUE-ONLY,,,
RULE-W4-008-162,SRC-W4-008,docs/W4-build/07-async-job-worker-standard.md,246,246,rewrite,IMPL-SKIP-LOCKED-NOT-READ-MODEL,,,
RULE-W4-008-163,SRC-W4-008,docs/W4-build/07-async-job-worker-standard.md,247,247,merge,IMPL-WORKER-RUNTIME-CONTROLS,,,
RULE-W4-008-164,SRC-W4-008,docs/W4-build/07-async-job-worker-standard.md,248,248,rewrite,TECH-129-ASYNC-JOB-WORKER-S06,,,
RULE-W4-008-165,SRC-W4-008,docs/W4-build/07-async-job-worker-standard.md,248,248,rewrite,TECH-146-AUTH-TENANT-PERMISSION-S01,,,
RULE-W4-008-166,SRC-W4-008,docs/W4-build/07-async-job-worker-standard.md,252,252,merge,IMPL-LONG-JOB-ID-AND-SURFACE,,,
RULE-W4-008-167,SRC-W4-008,docs/W4-build/07-async-job-worker-standard.md,252,252,merge,IMPL-LONG-JOB-ID-AND-SURFACE,,,
RULE-W4-008-168,SRC-W4-008,docs/W4-build/07-async-job-worker-standard.md,253,253,merge,IMPL-LONG-JOB-STATUS-SET,,,
RULE-W4-008-169,SRC-W4-008,docs/W4-build/07-async-job-worker-standard.md,253,253,merge,IMPL-LONG-JOB-STATUS-SET,,,
RULE-W4-008-170,SRC-W4-008,docs/W4-build/07-async-job-worker-standard.md,254,254,rewrite,IMPL-CANCELLABLE-JOB-ENTRY,,,
RULE-W4-008-171,SRC-W4-008,docs/W4-build/07-async-job-worker-standard.md,254,254,merge,IMPL-NONCANCELLABLE-JOB-EXPLANATION,,,
RULE-W4-008-172,SRC-W4-008,docs/W4-build/07-async-job-worker-standard.md,255,255,rewrite,IMPL-JOB-FAILURE-NEXT-ACTION,,,
RULE-W4-008-173,SRC-W4-008,docs/W4-build/07-async-job-worker-standard.md,256,256,merge,IMPL-NOT-COLOR-ONLY,,,
RULE-W4-008-174,SRC-W4-008,docs/W4-build/07-async-job-worker-standard.md,260,260,rewrite,IMPL-LONG-AI-WORK-ASYNC-DEFAULT,,,
RULE-W4-008-175,SRC-W4-008,docs/W4-build/07-async-job-worker-standard.md,261,261,rewrite,TECH-202-GOVERNANCE-ASYNC-JOB-WORKER-S01,,,
RULE-W4-008-176,SRC-W4-008,docs/W4-build/07-async-job-worker-standard.md,261,261,rewrite,TECH-264-SECURITY-PRIVACY-S01,,,
RULE-W4-008-177,SRC-W4-008,docs/W4-build/07-async-job-worker-standard.md,262,262,rewrite,TECH-096-API-CONTRACT-ERROR-MODEL-S02,,,
RULE-W4-008-178,SRC-W4-008,docs/W4-build/07-async-job-worker-standard.md,262,262,rewrite,TECH-093-API-CONTRACT-ERROR-MODEL-S04,,,
RULE-W4-008-179,SRC-W4-008,docs/W4-build/07-async-job-worker-standard.md,263,263,merge,IMPL-AI-JOB-CONTROL-FIELDS,,,
RULE-W4-008-180,SRC-W4-008,docs/W4-build/07-async-job-worker-standard.md,264,264,merge,IMPL-AGENT-JOB-BOUNDS,,,
RULE-W4-008-181,SRC-W4-008,docs/W4-build/07-async-job-worker-standard.md,264,264,merge,IMPL-AGENT-JOB-BOUNDS,,,
RULE-W4-008-182,SRC-W4-008,docs/W4-build/07-async-job-worker-standard.md,270,270,rewrite,TECH-129-ASYNC-JOB-WORKER-S07,,,
RULE-W4-008-183,SRC-W4-008,docs/W4-build/07-async-job-worker-standard.md,271,271,merge,EXPERIENCE-ASYNC-USER-CONTROL,,,
RULE-W4-008-184,SRC-W4-008,docs/W4-build/07-async-job-worker-standard.md,272,272,merge,OPERATION-JOB-003,,,
RULE-W4-008-185,SRC-W4-008,docs/W4-build/07-async-job-worker-standard.md,273,273,rewrite,VERIFY-EVIDENCE-RISK-W4-008-L273,,,
RULE-W4-008-186,SRC-W4-008,docs/W4-build/07-async-job-worker-standard.md,274,274,rewrite,TECH-129-ASYNC-JOB-WORKER-S08,,,
RULE-W4-008-187,SRC-W4-008,docs/W4-build/07-async-job-worker-standard.md,275,275,rewrite,TECH-243-RETRY-FALLBACK-RESILIENCE-S04,,,
RULE-W4-008-188,SRC-W4-008,docs/W4-build/07-async-job-worker-standard.md,276,276,rewrite,OPERATION-JOB-008,,,
RULE-W4-008-189,SRC-W4-008,docs/W4-build/07-async-job-worker-standard.md,277,277,rewrite,TECH-264-SECURITY-PRIVACY-S02,,,
RULE-W4-008-190,SRC-W4-008,docs/W4-build/07-async-job-worker-standard.md,279,279,merge,VERIFY-JOB-ARTIFACT-VERIFIER-279,,,
RULE-W4-008-191,SRC-W4-008,docs/W4-build/07-async-job-worker-standard.md,138,138,merge,TECH-094-JOB-DEFAULT-STATE-MACHINE,,,
RULE-W4-008-192,SRC-W4-008,docs/W4-build/07-async-job-worker-standard.md,139,139,merge,TECH-094-JOB-DEFAULT-STATE-MACHINE,,,
RULE-W4-008-193,SRC-W4-008,docs/W4-build/07-async-job-worker-standard.md,140,140,merge,TECH-094-JOB-DEFAULT-STATE-MACHINE,,,
RULE-W4-008-194,SRC-W4-008,docs/W4-build/07-async-job-worker-standard.md,141,141,merge,TECH-094-JOB-DEFAULT-STATE-MACHINE,,,
RULE-W4-008-195,SRC-W4-008,docs/W4-build/07-async-job-worker-standard.md,142,142,merge,TECH-094-JOB-DEFAULT-STATE-MACHINE,,,
RULE-W4-008-196,SRC-W4-008,docs/W4-build/07-async-job-worker-standard.md,143,143,merge,TECH-094-JOB-DEFAULT-STATE-MACHINE,,,
RULE-W4-008-197,SRC-W4-008,docs/W4-build/07-async-job-worker-standard.md,144,144,merge,TECH-094-JOB-DEFAULT-STATE-MACHINE,,,
RULE-W4-008-198,SRC-W4-008,docs/W4-build/07-async-job-worker-standard.md,145,145,merge,OPERATION-JOB-003,,,
RULE-W4-008-199,SRC-W4-008,docs/W4-build/07-async-job-worker-standard.md,3,3,rewrite,TECH-128-ASYNC-JOB-WORKER-S01,,,
RULE-W4-008-200,SRC-W4-008,docs/W4-build/07-async-job-worker-standard.md,27,27,rewrite,TECH-217-JOB-CLAIM-SQL-PORTABILITY-S01,,,
RULE-W4-008-201,SRC-W4-008,docs/W4-build/07-async-job-worker-standard.md,27,27,rewrite,IMPL-CLAIM-SQL-ADAPTER-BOUNDARY,,,
RULE-W4-008-202,SRC-W4-008,docs/W4-build/07-async-job-worker-standard.md,27,27,rewrite,TECH-217-JOB-CLAIM-SQL-PORTABILITY-S02,,,
RULE-W4-008-203,SRC-W4-008,docs/W4-build/07-async-job-worker-standard.md,27,27,merge,TECH-217-JOB-CLAIM-SQL-PORTABILITY-S02,,,
RULE-W4-008-204,SRC-W4-008,docs/W4-build/07-async-job-worker-standard.md,27,27,rewrite,VERIFY-JOB-CLAIM-CONCURRENCY-EVIDENCE,,,
RULE-W4-008-205,SRC-W4-008,docs/W4-build/07-async-job-worker-standard.md,214,214,merge,VERIFY-JOB-SCENARIO-COVERAGE,,,
RULE-W4-008-206,SRC-W4-008,docs/W4-build/07-async-job-worker-standard.md,214,214,merge,VERIFY-JOB-SCENARIO-COVERAGE,,,
RULE-W4-008-207,SRC-W4-008,docs/W4-build/07-async-job-worker-standard.md,214,214,merge,VERIFY-JOB-SCENARIO-COVERAGE,,,
RULE-W4-008-208,SRC-W4-008,docs/W4-build/07-async-job-worker-standard.md,214,214,merge,VERIFY-JOB-SCENARIO-COVERAGE,,,
RULE-W4-008-209,SRC-W4-008,docs/W4-build/07-async-job-worker-standard.md,214,214,merge,VERIFY-JOB-SCENARIO-COVERAGE,,,
RULE-W4-008-210,SRC-W4-008,docs/W4-build/07-async-job-worker-standard.md,214,214,merge,VERIFY-JOB-SCENARIO-COVERAGE,,,
RULE-W4-008-211,SRC-W4-008,docs/W4-build/07-async-job-worker-standard.md,214,214,merge,VERIFY-JOB-SCENARIO-COVERAGE,,,
RULE-W4-008-212,SRC-W4-008,docs/W4-build/07-async-job-worker-standard.md,214,214,merge,VERIFY-JOB-SCENARIO-COVERAGE,,,
RULE-W4-008-213,SRC-W4-008,docs/W4-build/07-async-job-worker-standard.md,173,173,rewrite,VERIFY-AUTH-TENANT-PERMISSION,,,
RULE-W4-008-214,SRC-W4-008,docs/W4-build/07-async-job-worker-standard.md,173,173,merge,VERIFY-ASYNC-JOB-WORKER-FP-W4-008-L173,,,
RULE-W4-008-215,SRC-W4-008,docs/W4-build/07-async-job-worker-standard.md,173,173,merge,VERIFY-ASYNC-JOB-WORKER-FP-W4-008-L173,,,
RULE-W4-008-216,SRC-W4-008,docs/W4-build/07-async-job-worker-standard.md,173,173,merge,VERIFY-ASYNC-JOB-WORKER-FP-W4-008-L173,,,
RULE-W4-008-217,SRC-W4-008,docs/W4-build/07-async-job-worker-standard.md,173,173,merge,VERIFY-ASYNC-JOB-WORKER-FP-W4-008-L173,,,
RULE-W4-008-218,SRC-W4-008,docs/W4-build/07-async-job-worker-standard.md,173,173,merge,VERIFY-ASYNC-JOB-WORKER-FP-W4-008-L173,,,
RULE-W4-008-219,SRC-W4-008,docs/W4-build/07-async-job-worker-standard.md,173,173,merge,VERIFY-ASYNC-JOB-WORKER-FP-W4-008-L173,,,
RULE-W4-008-220,SRC-W4-008,docs/W4-build/07-async-job-worker-standard.md,175,175,merge,IMPL-JOB-EXECUTION-CONTEXT,,,
RULE-W4-008-221,SRC-W4-008,docs/W4-build/07-async-job-worker-standard.md,175,175,merge,IMPL-JOB-EXECUTION-CONTEXT,,,
RULE-W4-008-222,SRC-W4-008,docs/W4-build/07-async-job-worker-standard.md,175,175,merge,IMPL-JOB-EXECUTION-CONTEXT,,,
RULE-W4-008-223,SRC-W4-008,docs/W4-build/07-async-job-worker-standard.md,175,175,merge,IMPL-JOB-EXECUTION-CONTEXT,,,
RULE-W4-008-224,SRC-W4-008,docs/W4-build/07-async-job-worker-standard.md,175,175,merge,IMPL-JOB-EXECUTION-CONTEXT,,,
RULE-W4-008-225,SRC-W4-008,docs/W4-build/07-async-job-worker-standard.md,175,175,merge,IMPL-JOB-EXECUTION-CONTEXT,,,
RULE-W4-008-226,SRC-W4-008,docs/W4-build/07-async-job-worker-standard.md,175,175,merge,IMPL-JOB-EXECUTION-CONTEXT,,,
RULE-W4-008-227,SRC-W4-008,docs/W4-build/07-async-job-worker-standard.md,176,176,merge,OPERATION-JOB-005,,,
RULE-W4-008-228,SRC-W4-008,docs/W4-build/07-async-job-worker-standard.md,176,176,merge,OPERATION-JOB-005,,,
RULE-W4-008-229,SRC-W4-008,docs/W4-build/07-async-job-worker-standard.md,176,176,merge,OPERATION-JOB-005,,,
RULE-W4-008-230,SRC-W4-008,docs/W4-build/07-async-job-worker-standard.md,176,176,merge,OPERATION-JOB-003,,,
RULE-W4-008-231,SRC-W4-008,docs/W4-build/07-async-job-worker-standard.md,176,176,merge,OPERATION-JOB-005,,,
RULE-W4-008-232,SRC-W4-008,docs/W4-build/07-async-job-worker-standard.md,176,176,merge,OPERATION-JOB-005,,,
RULE-W4-008-233,SRC-W4-008,docs/W4-build/07-async-job-worker-standard.md,176,176,merge,OPERATION-JOB-005,,,
RULE-W4-008-234,SRC-W4-008,docs/W4-build/07-async-job-worker-standard.md,176,176,merge,OPERATION-JOB-005,,,
RULE-W4-008-235,SRC-W4-008,docs/W4-build/07-async-job-worker-standard.md,215,215,merge,VERIFY-AI-JOB-LIMIT-AND-STATUS-COVERAGE,,,
RULE-W4-008-236,SRC-W4-008,docs/W4-build/07-async-job-worker-standard.md,215,215,merge,VERIFY-AI-JOB-LIMIT-AND-STATUS-COVERAGE,,,
RULE-W4-008-237,SRC-W4-008,docs/W4-build/07-async-job-worker-standard.md,215,215,merge,VERIFY-AI-JOB-LIMIT-AND-STATUS-COVERAGE,,,
RULE-W4-008-238,SRC-W4-008,docs/W4-build/07-async-job-worker-standard.md,215,215,merge,VERIFY-AI-JOB-LIMIT-AND-STATUS-COVERAGE,,,
RULE-W4-008-239,SRC-W4-008,docs/W4-build/07-async-job-worker-standard.md,215,215,merge,VERIFY-JOB-SCENARIO-COVERAGE,,,
RULE-W4-008-240,SRC-W4-008,docs/W4-build/07-async-job-worker-standard.md,216,216,merge,VERIFY-JOB-SCENARIO-COVERAGE,,,
RULE-W4-008-241,SRC-W4-008,docs/W4-build/07-async-job-worker-standard.md,216,216,merge,VERIFY-JOB-SCENARIO-COVERAGE,,,
RULE-W4-008-242,SRC-W4-008,docs/W4-build/07-async-job-worker-standard.md,216,216,merge,VERIFY-JOB-SCENARIO-COVERAGE,,,
RULE-W4-008-243,SRC-W4-008,docs/W4-build/07-async-job-worker-standard.md,216,216,merge,VERIFY-JOB-SCENARIO-COVERAGE,,,
RULE-W4-008-244,SRC-W4-008,docs/W4-build/07-async-job-worker-standard.md,242,242,merge,TECH-094-ASYNC-GRPC-API,,,
RULE-W4-008-245,SRC-W4-008,docs/W4-build/07-async-job-worker-standard.md,242,242,merge,TECH-094-ASYNC-GRPC-API,,,
RULE-W4-008-246,SRC-W4-008,docs/W4-build/07-async-job-worker-standard.md,242,242,merge,TECH-094-ASYNC-GRPC-API,,,
RULE-W4-008-247,SRC-W4-008,docs/W4-build/07-async-job-worker-standard.md,242,242,merge,TECH-094-ASYNC-GRPC-API,,,
RULE-W4-008-248,SRC-W4-008,docs/W4-build/07-async-job-worker-standard.md,243,243,merge,TECH-093-API-CONTRACT-ERROR-MODEL-S03,,,
RULE-W4-008-249,SRC-W4-008,docs/W4-build/07-async-job-worker-standard.md,243,243,merge,TECH-093-API-CONTRACT-ERROR-MODEL-S03,,,
RULE-W4-008-250,SRC-W4-008,docs/W4-build/07-async-job-worker-standard.md,243,243,merge,TECH-093-API-CONTRACT-ERROR-MODEL-S03,,,
RULE-W4-008-251,SRC-W4-008,docs/W4-build/07-async-job-worker-standard.md,243,243,merge,TECH-093-API-CONTRACT-ERROR-MODEL-S03,,,
RULE-W4-008-252,SRC-W4-008,docs/W4-build/07-async-job-worker-standard.md,243,243,merge,TECH-093-API-CONTRACT-ERROR-MODEL-S03,,,
RULE-W4-008-253,SRC-W4-008,docs/W4-build/07-async-job-worker-standard.md,245,245,merge,TECH-122-ASYNC-JOB-QUEUE-INDEXES-S01,,,
RULE-W4-008-254,SRC-W4-008,docs/W4-build/07-async-job-worker-standard.md,245,245,merge,TECH-122-ASYNC-JOB-QUEUE-INDEXES-S01,,,
RULE-W4-008-255,SRC-W4-008,docs/W4-build/07-async-job-worker-standard.md,245,245,merge,TECH-122-ASYNC-JOB-QUEUE-INDEXES-S01,,,
RULE-W4-008-256,SRC-W4-008,docs/W4-build/07-async-job-worker-standard.md,245,245,merge,TECH-122-ASYNC-JOB-QUEUE-INDEXES-S01,,,
RULE-W4-008-257,SRC-W4-008,docs/W4-build/07-async-job-worker-standard.md,245,245,merge,TECH-122-ASYNC-JOB-QUEUE-INDEXES-S01,,,
RULE-W4-008-258,SRC-W4-008,docs/W4-build/07-async-job-worker-standard.md,245,245,merge,TECH-122-ASYNC-JOB-QUEUE-INDEXES-S01,,,
RULE-W4-008-259,SRC-W4-008,docs/W4-build/07-async-job-worker-standard.md,247,247,merge,IMPL-WORKER-RUNTIME-CONTROLS,,,
RULE-W4-008-260,SRC-W4-008,docs/W4-build/07-async-job-worker-standard.md,247,247,merge,IMPL-WORKER-RUNTIME-CONTROLS,,,
RULE-W4-008-261,SRC-W4-008,docs/W4-build/07-async-job-worker-standard.md,247,247,merge,IMPL-WORKER-RUNTIME-CONTROLS,,,
RULE-W4-008-262,SRC-W4-008,docs/W4-build/07-async-job-worker-standard.md,247,247,merge,IMPL-WORKER-RUNTIME-CONTROLS,,,
RULE-W4-008-263,SRC-W4-008,docs/W4-build/07-async-job-worker-standard.md,247,247,merge,IMPL-WORKER-RUNTIME-CONTROLS,,,
RULE-W4-008-264,SRC-W4-008,docs/W4-build/07-async-job-worker-standard.md,253,253,merge,IMPL-LONG-JOB-STATUS-SET,,,
RULE-W4-008-265,SRC-W4-008,docs/W4-build/07-async-job-worker-standard.md,253,253,merge,IMPL-LONG-JOB-STATUS-SET,,,
RULE-W4-008-266,SRC-W4-008,docs/W4-build/07-async-job-worker-standard.md,253,253,merge,IMPL-LONG-JOB-STATUS-SET,,,
RULE-W4-008-267,SRC-W4-008,docs/W4-build/07-async-job-worker-standard.md,253,253,merge,IMPL-LONG-JOB-STATUS-SET,,,
RULE-W4-008-268,SRC-W4-008,docs/W4-build/07-async-job-worker-standard.md,253,253,merge,IMPL-LONG-JOB-STATUS-SET,,,
RULE-W4-008-269,SRC-W4-008,docs/W4-build/07-async-job-worker-standard.md,253,253,merge,IMPL-LONG-JOB-STATUS-SET,,,
RULE-W4-008-270,SRC-W4-008,docs/W4-build/07-async-job-worker-standard.md,261,261,merge,TECH-202-GOVERNANCE-ASYNC-JOB-WORKER-S01,,,
RULE-W4-008-271,SRC-W4-008,docs/W4-build/07-async-job-worker-standard.md,261,261,merge,TECH-202-GOVERNANCE-ASYNC-JOB-WORKER-S01,,,
RULE-W4-008-272,SRC-W4-008,docs/W4-build/07-async-job-worker-standard.md,261,261,merge,TECH-202-GOVERNANCE-ASYNC-JOB-WORKER-S01,,,
RULE-W4-008-273,SRC-W4-008,docs/W4-build/07-async-job-worker-standard.md,261,261,merge,EXPERIENCE-ASYNC-USER-CONTROL,,,
RULE-W4-008-274,SRC-W4-008,docs/W4-build/07-async-job-worker-standard.md,261,261,merge,TECH-202-GOVERNANCE-ASYNC-JOB-WORKER-S01,,,
RULE-W4-008-275,SRC-W4-008,docs/W4-build/07-async-job-worker-standard.md,262,262,merge,TECH-093-API-CONTRACT-ERROR-MODEL-S04,,,
RULE-W4-008-276,SRC-W4-008,docs/W4-build/07-async-job-worker-standard.md,262,262,merge,TECH-093-API-CONTRACT-ERROR-MODEL-S04,,,
RULE-W4-008-277,SRC-W4-008,docs/W4-build/07-async-job-worker-standard.md,262,262,merge,TECH-093-API-CONTRACT-ERROR-MODEL-S04,,,
RULE-W4-008-278,SRC-W4-008,docs/W4-build/07-async-job-worker-standard.md,262,262,merge,TECH-093-API-CONTRACT-ERROR-MODEL-S04,,,
RULE-W4-008-279,SRC-W4-008,docs/W4-build/07-async-job-worker-standard.md,262,262,merge,TECH-093-API-CONTRACT-ERROR-MODEL-S04,,,
RULE-W4-008-280,SRC-W4-008,docs/W4-build/07-async-job-worker-standard.md,263,263,merge,IMPL-AI-JOB-CONTROL-FIELDS,,,
RULE-W4-008-281,SRC-W4-008,docs/W4-build/07-async-job-worker-standard.md,263,263,merge,IMPL-AI-JOB-CONTROL-FIELDS,,,
RULE-W4-008-282,SRC-W4-008,docs/W4-build/07-async-job-worker-standard.md,263,263,merge,IMPL-AI-JOB-CONTROL-FIELDS,,,
RULE-W4-008-283,SRC-W4-008,docs/W4-build/07-async-job-worker-standard.md,263,263,rewrite,VERIFY-AI-JOB-EVAL-REFERENCES,,,
RULE-W4-008-284,SRC-W4-008,docs/W4-build/07-async-job-worker-standard.md,263,263,merge,IMPL-AI-JOB-CONTROL-FIELDS,,,
RULE-W4-008-285,SRC-W4-008,docs/W4-build/07-async-job-worker-standard.md,263,263,merge,IMPL-AI-JOB-CONTROL-FIELDS,,,
RULE-W4-008-286,SRC-W4-008,docs/W4-build/07-async-job-worker-standard.md,263,263,merge,IMPL-AI-JOB-CONTROL-FIELDS,,,
RULE-W4-008-287,SRC-W4-008,docs/W4-build/07-async-job-worker-standard.md,263,263,merge,IMPL-AI-JOB-CONTROL-FIELDS,,,
RULE-W4-008-288,SRC-W4-008,docs/W4-build/07-async-job-worker-standard.md,264,264,merge,IMPL-AGENT-JOB-BOUNDS,,,
RULE-W4-008-289,SRC-W4-008,docs/W4-build/07-async-job-worker-standard.md,264,264,merge,IMPL-AGENT-JOB-BOUNDS,,,
RULE-W4-008-290,SRC-W4-008,docs/W4-build/07-async-job-worker-standard.md,264,264,merge,IMPL-AGENT-JOB-BOUNDS,,,
RULE-W4-008-291,SRC-W4-008,docs/W4-build/07-async-job-worker-standard.md,279,279,merge,VERIFY-JOB-ARTIFACT-VERIFIER-279,,,
RULE-W4-008-292,SRC-W4-008,docs/W4-build/07-async-job-worker-standard.md,279,279,merge,VERIFY-JOB-ARTIFACT-VERIFIER-279,,,
RULE-W4-008-293,SRC-W4-008,docs/W4-build/07-async-job-worker-standard.md,279,279,merge,VERIFY-JOB-ARTIFACT-VERIFIER-279,,,
RULE-W4-008-294,SRC-W4-008,docs/W4-build/07-async-job-worker-standard.md,279,279,merge,VERIFY-JOB-ARTIFACT-VERIFIER-279,,,
RULE-W4-008-295,SRC-W4-008,docs/W4-build/07-async-job-worker-standard.md,279,279,merge,VERIFY-JOB-ARTIFACT-VERIFIER-279,,,
RULE-W4-008-296,SRC-W4-008,docs/W4-build/07-async-job-worker-standard.md,279,279,merge,VERIFY-ASYNC-ARTIFACT-FIXTURES,,,
RULE-W4-008-297,SRC-W4-008,docs/W4-build/07-async-job-worker-standard.md,279,279,merge,VERIFY-ASYNC-ARTIFACT-FIXTURES,,,
RULE-W4-008-298,SRC-W4-008,docs/W4-build/07-async-job-worker-standard.md,279,279,merge,VERIFY-JOB-ARTIFACT-VERIFIER-279,,,
RULE-W4-008-299,SRC-W4-008,docs/W4-build/07-async-job-worker-standard.md,151,151,merge,TECH-129-ASYNC-JOB-WORKER-S04,,,
RULE-W4-008-300,SRC-W4-008,docs/W4-build/07-async-job-worker-standard.md,151,151,merge,TECH-129-ASYNC-JOB-WORKER-S04,,,
RULE-W4-008-301,SRC-W4-008,docs/W4-build/07-async-job-worker-standard.md,174,174,merge,OPERATION-JOB-004,,,
RULE-W4-008-302,SRC-W4-008,docs/W4-build/07-async-job-worker-standard.md,174,174,merge,OPERATION-JOB-004,,,
RULE-W4-008-303,SRC-W4-008,docs/W4-build/07-async-job-worker-standard.md,254,254,merge,IMPL-NONCANCELLABLE-JOB-EXPLANATION,,,
RULE-W4-008-304,SRC-W4-008,docs/W4-build/07-async-job-worker-standard.md,254,254,merge,IMPL-NONCANCELLABLE-JOB-EXPLANATION,,,
RULE-W5-001-001,SRC-W5-001,docs/W5-verify/00-main.md,3,3,rewrite,VERIFY-WORKFLOW-GATE-W5-001-L003,,,
RULE-W5-001-002,SRC-W5-001,docs/W5-verify/00-main.md,3,3,rewrite,VERIFY-MINIMAL-KERNEL-PRIORITY-W5-001-L003,,,
RULE-W5-001-003,SRC-W5-001,docs/W5-verify/00-main.md,7,7,merge,VERIFY-EVIDENCE-NORM-W5-001-L007,,,
RULE-W5-001-004,SRC-W5-001,docs/W5-verify/00-main.md,7,7,rewrite,VERIFY-WORKFLOW-GATE-W5-001-L007,,,
RULE-W5-001-005,SRC-W5-001,docs/W5-verify/00-main.md,9,9,rewrite,VERIFY-EVIDENCE-PRINCIPLE-W5-001-L009,,,
RULE-W5-001-006,SRC-W5-001,docs/W5-verify/00-main.md,11,11,merge,VERIFY-EVIDENCE-RISK-W5-001-L011,,,
RULE-W5-001-007,SRC-W5-001,docs/W5-verify/00-main.md,11,11,merge,VERIFY-EVIDENCE-RISK-W5-001-L011,,,
RULE-W5-001-008,SRC-W5-001,docs/W5-verify/00-main.md,11,11,merge,IMPL-IMPLEMENTATION-FIX-RETURN,,,
RULE-W5-001-009,SRC-W5-001,docs/W5-verify/00-main.md,11,11,merge,VERIFY-EVIDENCE-RISK-W5-001-L011,,,
RULE-W5-001-010,SRC-W5-001,docs/W5-verify/00-main.md,17,17,rewrite,VERIFY-EVIDENCE-REFERENCE-W5-001-L017,,,
RULE-W5-001-011,SRC-W5-001,docs/W5-verify/00-main.md,18,18,rewrite,VERIFY-EVIDENCE-REFERENCE-W5-001-L018,,,
RULE-W5-001-012,SRC-W5-001,docs/W5-verify/00-main.md,19,19,rewrite,VERIFY-EVIDENCE-REFERENCE-W5-001-L019,,,
RULE-W5-001-013,SRC-W5-001,docs/W5-verify/00-main.md,20,20,rewrite,VERIFY-EVIDENCE-REFERENCE-W5-001-L020,,,
RULE-W5-001-014,SRC-W5-001,docs/W5-verify/00-main.md,24,24,rewrite,TOPIC-VALUE-AUTHORITY,,,
RULE-W5-001-015,SRC-W5-001,docs/W5-verify/00-main.md,25,25,rewrite,VERIFY-EVIDENCE-RISK-W5-001-L025,,,
RULE-W5-001-016,SRC-W5-001,docs/W5-verify/00-main.md,26,26,rewrite,VERIFY-EVIDENCE-RISK-W5-001-L026,,,
RULE-W5-001-017,SRC-W5-001,docs/W5-verify/00-main.md,27,27,rewrite,VERIFY-EVIDENCE-RISK-W5-001-L027,,,
RULE-W5-001-018,SRC-W5-001,docs/W5-verify/00-main.md,28,28,merge,IMPL-IMPLEMENTATION-FIX-RETURN,,,
RULE-W5-001-019,SRC-W5-001,docs/W5-verify/00-main.md,29,29,supersede,RELEASE-SCOPE-001,,,
RULE-W5-001-020,SRC-W5-001,docs/W5-verify/00-main.md,35,35,rewrite,VERIFY-EVIDENCE-ARTIFACT-W5-001-L035,,,
RULE-W5-001-021,SRC-W5-001,docs/W5-verify/00-main.md,36,36,rewrite,VERIFY-EVIDENCE-ARTIFACT-W5-001-L036,,,
RULE-W5-001-022,SRC-W5-001,docs/W5-verify/00-main.md,37,37,rewrite,VERIFY-EVIDENCE-ARTIFACT-W5-001-L037,,,
RULE-W5-001-023,SRC-W5-001,docs/W5-verify/00-main.md,38,38,rewrite,VERIFY-WORKFLOW-GATE-W5-001-L038,,,
RULE-W5-001-024,SRC-W5-001,docs/W5-verify/00-main.md,39,39,rewrite,VERIFY-EVIDENCE-ARTIFACT-W5-001-L039,,,
RULE-W5-001-025,SRC-W5-001,docs/W5-verify/00-main.md,41,41,merge,VERIFY-EVIDENCE-RISK-W5-001-L041,,,
RULE-W5-001-026,SRC-W5-001,docs/W5-verify/00-main.md,41,41,merge,VERIFY-EVIDENCE-RISK-W5-001-L041,,,
RULE-W5-001-027,SRC-W5-001,docs/W5-verify/00-main.md,45,45,merge,VERIFY-EVIDENCE-ARTIFACT-W5-001-L045,,,
RULE-W5-001-028,SRC-W5-001,docs/W5-verify/00-main.md,45,45,merge,VERIFY-EVIDENCE-ARTIFACT-W5-001-L045,,,
RULE-W5-001-029,SRC-W5-001,docs/W5-verify/00-main.md,45,45,merge,VERIFY-EVIDENCE-ARTIFACT-W5-001-L045,,,
RULE-W5-001-030,SRC-W5-001,docs/W5-verify/00-main.md,45,45,merge,VERIFY-EVIDENCE-ARTIFACT-W5-001-L045,,,
RULE-W5-001-031,SRC-W5-001,docs/W5-verify/00-main.md,45,45,merge,VERIFY-EVIDENCE-ARTIFACT-W5-001-L045,,,
RULE-W5-001-032,SRC-W5-001,docs/W5-verify/00-main.md,45,45,merge,VERIFY-EVIDENCE-ARTIFACT-W5-001-L045,,,
RULE-W5-001-033,SRC-W5-001,docs/W5-verify/00-main.md,47,47,rewrite,VERIFY-EVIDENCE-REFERENCE-W5-001-L047,,,
RULE-W5-001-034,SRC-W5-001,docs/W5-verify/00-main.md,48,48,rewrite,VERIFY-EVIDENCE-REFERENCE-W5-001-L048,,,
RULE-W5-001-035,SRC-W5-001,docs/W5-verify/00-main.md,49,49,rewrite,VERIFY-EVIDENCE-REFERENCE-W5-001-L049,,,
RULE-W5-001-036,SRC-W5-001,docs/W5-verify/00-main.md,50,50,rewrite,VERIFY-EVIDENCE-NORM-W5-001-L050,,,
RULE-W5-001-037,SRC-W5-001,docs/W5-verify/00-main.md,50,50,rewrite,VERIFY-WORKFLOW-GATE-W5-001-L050,,,
RULE-W5-001-038,SRC-W5-001,docs/W5-verify/00-main.md,51,51,rewrite,VERIFY-GOVERNANCE,,,
RULE-W5-001-039,SRC-W5-001,docs/W5-verify/00-main.md,51,51,rewrite,VERIFY-API-CONTRACT-ERROR-MODEL-FP-W5-001-L051,,,
RULE-W5-001-040,SRC-W5-001,docs/W5-verify/00-main.md,51,51,merge,VERIFY-WORKFLOW-GATE-W5-001-L051,,,
RULE-W5-001-041,SRC-W5-001,docs/W5-verify/00-main.md,51,51,merge,VERIFY-EVIDENCE-ARTIFACT-W5-001-L051,,,
RULE-W5-001-042,SRC-W5-001,docs/W5-verify/00-main.md,51,51,merge,VERIFY-TEST-QUALITY-CONFIG-FLAG-W5-002-L205,,,
RULE-W5-001-043,SRC-W5-001,docs/W5-verify/00-main.md,52,52,rewrite,VERIFY-EVIDENCE-RISK-W5-001-L052,,,
RULE-W5-001-044,SRC-W5-001,docs/W5-verify/00-main.md,53,53,rewrite,VERIFY-EVIDENCE-RISK-W5-001-L053,,,
RULE-W5-001-045,SRC-W5-001,docs/W5-verify/00-main.md,55,55,merge,VERIFY-EVIDENCE-RISK-W5-001-L055,,,
RULE-W5-001-046,SRC-W5-001,docs/W5-verify/00-main.md,55,55,merge,VERIFY-EVIDENCE-RISK-W5-001-L055,,,
RULE-W5-001-047,SRC-W5-001,docs/W5-verify/00-main.md,55,55,merge,VERIFY-EVIDENCE-RISK-W5-001-L055,,,
RULE-W5-001-048,SRC-W5-001,docs/W5-verify/00-main.md,61,61,rewrite,VERIFY-EVIDENCE-RISK-W5-001-L061,,,
RULE-W5-001-049,SRC-W5-001,docs/W5-verify/00-main.md,65,65,merge,RELEASE-GATE-002,,,
RULE-W5-001-050,SRC-W5-001,docs/W5-verify/00-main.md,66,66,rewrite,EXPERIENCE-EXCEPTION-APPROVAL,,,
RULE-W5-001-051,SRC-W5-001,docs/W5-verify/00-main.md,67,67,rewrite,VERIFY-EVIDENCE-RISK-W5-001-L067,,,
RULE-W5-001-052,SRC-W5-001,docs/W5-verify/00-main.md,68,68,rewrite,VERIFY-EVIDENCE-RISK-W5-001-L068,,,
RULE-W5-001-053,SRC-W5-001,docs/W5-verify/00-main.md,69,69,rewrite,VERIFY-EVIDENCE-RISK-W5-001-L069,,,
RULE-W5-001-054,SRC-W5-001,docs/W5-verify/00-main.md,70,70,merge,RELEASE-GATE-002,,,
RULE-W5-001-055,SRC-W5-001,docs/W5-verify/00-main.md,74,74,rewrite,VERIFY-WORKFLOW-GATE-W5-001-L074,,,
RULE-W5-001-056,SRC-W5-001,docs/W5-verify/00-main.md,76,76,rewrite,VERIFY-EVIDENCE-REFERENCE-W5-001-L076,,,
RULE-W5-001-057,SRC-W5-001,docs/W5-verify/00-main.md,77,77,merge,EXPERIENCE-UX-APPLICABILITY;EXPERIENCE-VISUAL-UX-APPLICABILITY,,,
RULE-W5-001-058,SRC-W5-001,docs/W5-verify/00-main.md,78,78,rewrite,VERIFY-WORKFLOW-GATE-W5-001-L078,,,
RULE-W5-001-059,SRC-W5-001,docs/W5-verify/00-main.md,82,82,rewrite,VERIFY-AI-EVAL-FIXTURE-W5-001-L082,,,
RULE-W5-001-060,SRC-W5-001,docs/W5-verify/00-main.md,83,83,rewrite,VERIFY-EVIDENCE-RISK-W5-001-L083,,,
RULE-W5-001-061,SRC-W5-001,docs/W5-verify/00-main.md,84,84,merge,IMPL-IMPLEMENTATION-FIX-RETURN,,,
RULE-W5-001-062,SRC-W5-001,docs/W5-verify/00-main.md,85,85,rewrite,VERIFY-EXTERNAL-CLAIM-COMMITMENT-FP-W5-001-L085,,,
RULE-W5-001-063,SRC-W5-001,docs/W5-verify/00-main.md,89,89,rewrite,VERIFY-QUALITY-GATE-W5-001-L089,,,
RULE-W5-001-064,SRC-W5-001,docs/W5-verify/00-main.md,91,91,rewrite,VERIFY-EVIDENCE-ARTIFACT-W5-001-L091,,,
RULE-W5-001-065,SRC-W5-001,docs/W5-verify/00-main.md,91,91,rewrite,VERIFY-WORKFLOW-GATE-W5-001-L091,,,
RULE-W5-001-066,SRC-W5-001,docs/W5-verify/00-main.md,92,92,rewrite,VERIFY-WORKFLOW-GATE-W5-001-L092,,,
RULE-W5-001-067,SRC-W5-001,docs/W5-verify/00-main.md,92,92,rewrite,VERIFY-EVIDENCE-RISK-W5-001-L092,,,
RULE-W5-001-068,SRC-W5-001,docs/W5-verify/00-main.md,93,93,merge,VERIFY-EVIDENCE-ARTIFACT-W5-001-L093,,,
RULE-W5-001-069,SRC-W5-001,docs/W5-verify/00-main.md,93,93,merge,VERIFY-EVIDENCE-ARTIFACT-W5-001-L093,,,
RULE-W5-001-070,SRC-W5-001,docs/W5-verify/00-main.md,93,93,merge,VERIFY-EVIDENCE-ARTIFACT-W5-001-L093,,,
RULE-W5-001-071,SRC-W5-001,docs/W5-verify/00-main.md,94,94,rewrite,VERIFY-EVIDENCE-RISK-W5-001-L094,,,
RULE-W5-001-072,SRC-W5-001,docs/W5-verify/00-main.md,95,95,rewrite,VERIFY-EVIDENCE-ARTIFACT-W5-001-L095,,,
RULE-W5-001-073,SRC-W5-001,docs/W5-verify/00-main.md,96,96,rewrite,VERIFY-WORKFLOW-GATE-W5-001-L096,,,
RULE-W5-001-074,SRC-W5-001,docs/W5-verify/00-main.md,100,100,rewrite,VERIFY-EVIDENCE-RISK-W5-001-L100,,,
RULE-W5-001-075,SRC-W5-001,docs/W5-verify/00-main.md,101,101,merge,IMPL-IMPLEMENTATION-FIX-RETURN,,,
RULE-W5-001-076,SRC-W5-001,docs/W5-verify/00-main.md,102,102,rewrite,VERIFY-AI-EVAL-FIXTURE-W5-001-L102,,,
RULE-W5-001-077,SRC-W5-001,docs/W5-verify/00-main.md,103,103,rewrite,VERIFY-API-CONTRACT-ERROR-MODEL-FP-W5-001-L103,,,
RULE-W5-001-078,SRC-W5-001,docs/W5-verify/00-main.md,104,104,merge,DEFINITION-PRODUCT-ROUTING,,,
RULE-W5-001-079,SRC-W5-001,docs/W5-verify/00-main.md,105,105,rewrite,VERIFY-LIVE-INCIDENT-RESPONSE-FP-W5-001-L105,,,
RULE-W5-001-080,SRC-W5-001,docs/W5-verify/00-main.md,109,109,merge,VERIFY-WORKFLOW-SINGLE-MAIN-ENTRY,,,
RULE-W5-001-081,SRC-W5-001,docs/W5-verify/00-main.md,110,110,merge,VERIFY-WORKFLOW-SPECIALTY-TRIGGERED,,,
RULE-W5-001-082,SRC-W5-001,docs/W5-verify/00-main.md,111,111,merge,VERIFY-WORKFLOW-NAVIGATION-CONSISTENCY,,,
RULE-W5-001-083,SRC-W5-001,docs/W5-verify/00-main.md,112,112,merge,VERIFY-WORKFLOW-LEGACY-WRAPPER-ABSENCE,,,
RULE-W5-001-084,SRC-W5-001,docs/W5-verify/00-main.md,113,113,merge,VERIFY-WORKFLOW-INDEX-COMMAND,,,
RULE-W5-002-001,SRC-W5-002,docs/W5-verify/01-testing-quality-standard.md,3,3,rewrite,VERIFY-EVIDENCE-RISK-W5-002-L003,,,
RULE-W5-002-002,SRC-W5-002,docs/W5-verify/01-testing-quality-standard.md,3,3,merge,VERIFY-TEST-QUALITY-GENERAL-W5-002-L003,,,
RULE-W5-002-003,SRC-W5-002,docs/W5-verify/01-testing-quality-standard.md,7,7,rewrite,VERIFY-EVIDENCE-RISK-W5-002-L007,,,
RULE-W5-002-004,SRC-W5-002,docs/W5-verify/01-testing-quality-standard.md,9,9,merge,VERIFY-EVIDENCE-NORM-W5-001-L007,,,
RULE-W5-002-005,SRC-W5-002,docs/W5-verify/01-testing-quality-standard.md,13,13,rewrite,VERIFY-EVIDENCE-PRINCIPLE-W5-002-L013,ITEM-VERIFICATION-001,,
RULE-W5-002-006,SRC-W5-002,docs/W5-verify/01-testing-quality-standard.md,15,15,merge,VERIFY-TEST-QUALITY-UX-FRONTEND-W5-002-L015,,,
RULE-W5-002-007,SRC-W5-002,docs/W5-verify/01-testing-quality-standard.md,15,15,merge,VERIFY-TEST-QUALITY-UX-FRONTEND-W5-002-L015,,,
RULE-W5-002-008,SRC-W5-002,docs/W5-verify/01-testing-quality-standard.md,15,15,merge,VERIFY-TEST-QUALITY-UX-FRONTEND-W5-002-L015,,,
RULE-W5-002-009,SRC-W5-002,docs/W5-verify/01-testing-quality-standard.md,15,15,merge,VERIFY-EVIDENCE-LEVEL-GATE,,,
RULE-W5-002-010,SRC-W5-002,docs/W5-verify/01-testing-quality-standard.md,15,15,merge,VERIFY-EVIDENCE-LEVEL-GATE,,,
RULE-W5-002-011,SRC-W5-002,docs/W5-verify/01-testing-quality-standard.md,33,33,rewrite,VERIFY-EVIDENCE-REFERENCE-W5-002-L033,,,
RULE-W5-002-012,SRC-W5-002,docs/W5-verify/01-testing-quality-standard.md,34,34,rewrite,VERIFY-EVIDENCE-REFERENCE-W5-002-L034,,,
RULE-W5-002-013,SRC-W5-002,docs/W5-verify/01-testing-quality-standard.md,35,35,rewrite,VERIFY-EVIDENCE-REFERENCE-W5-002-L035,,,
RULE-W5-002-014,SRC-W5-002,docs/W5-verify/01-testing-quality-standard.md,36,36,rewrite,VERIFY-EVIDENCE-REFERENCE-W5-002-L036,,,
RULE-W5-002-015,SRC-W5-002,docs/W5-verify/01-testing-quality-standard.md,40,40,rewrite,VERIFY-EVIDENCE-RISK-W5-002-L040,,,
RULE-W5-002-016,SRC-W5-002,docs/W5-verify/01-testing-quality-standard.md,41,41,rewrite,VERIFY-EVIDENCE-RISK-W5-002-L041,,,
RULE-W5-002-017,SRC-W5-002,docs/W5-verify/01-testing-quality-standard.md,42,42,rewrite,VERIFY-EVIDENCE-RISK-W5-002-L042,,,
RULE-W5-002-018,SRC-W5-002,docs/W5-verify/01-testing-quality-standard.md,46,46,rewrite,VERIFY-TEST-QUALITY-EVIDENCE-GATE-W5-002-L046,,,
RULE-W5-002-019,SRC-W5-002,docs/W5-verify/01-testing-quality-standard.md,50,50,merge,VERIFY-TEST-STRATEGY,,,
RULE-W5-002-020,SRC-W5-002,docs/W5-verify/01-testing-quality-standard.md,51,51,merge,VERIFY-TEST-MATRIX,,,
RULE-W5-002-021,SRC-W5-002,docs/W5-verify/01-testing-quality-standard.md,52,52,rewrite,VERIFY-TEST-QUALITY-UX-FRONTEND-W5-002-L052,,,
RULE-W5-002-022,SRC-W5-002,docs/W5-verify/01-testing-quality-standard.md,53,53,merge,VERIFY-TEST-RUN-RECORD,,,
RULE-W5-002-023,SRC-W5-002,docs/W5-verify/01-testing-quality-standard.md,57,57,merge,VERIFY-FLAKY-TEST-RECORD,,,
RULE-W5-002-024,SRC-W5-002,docs/W5-verify/01-testing-quality-standard.md,63,63,merge,VERIFY-TEST-STRATEGY,,,
RULE-W5-002-025,SRC-W5-002,docs/W5-verify/01-testing-quality-standard.md,64,64,merge,VERIFY-TEST-STRATEGY,,,
RULE-W5-002-026,SRC-W5-002,docs/W5-verify/01-testing-quality-standard.md,65,65,merge,VERIFY-TEST-STRATEGY,,,
RULE-W5-002-027,SRC-W5-002,docs/W5-verify/01-testing-quality-standard.md,66,66,merge,VERIFY-TEST-STRATEGY,,,
RULE-W5-002-028,SRC-W5-002,docs/W5-verify/01-testing-quality-standard.md,67,67,merge,VERIFY-TEST-STRATEGY,,,
RULE-W5-002-029,SRC-W5-002,docs/W5-verify/01-testing-quality-standard.md,68,68,merge,VERIFY-TEST-STRATEGY,,,
RULE-W5-002-030,SRC-W5-002,docs/W5-verify/01-testing-quality-standard.md,69,69,rewrite,VERIFY-AI-EVAL-FIXTURE-W5-002-L069,,,
RULE-W5-002-031,SRC-W5-002,docs/W5-verify/01-testing-quality-standard.md,70,70,rewrite,VERIFY-AI-EVAL-FIXTURE-W5-002-L070,,,
RULE-W5-002-032,SRC-W5-002,docs/W5-verify/01-testing-quality-standard.md,71,71,merge,VERIFY-TEST-STRATEGY,,,
RULE-W5-002-033,SRC-W5-002,docs/W5-verify/01-testing-quality-standard.md,72,72,merge,VERIFY-TEST-STRATEGY,,,
RULE-W5-002-034,SRC-W5-002,docs/W5-verify/01-testing-quality-standard.md,73,73,merge,VERIFY-TEST-STRATEGY,,,
RULE-W5-002-035,SRC-W5-002,docs/W5-verify/01-testing-quality-standard.md,79,79,merge,VERIFY-TEST-MATRIX,,,
RULE-W5-002-036,SRC-W5-002,docs/W5-verify/01-testing-quality-standard.md,79,79,merge,VERIFY-TEST-MATRIX,,,
RULE-W5-002-037,SRC-W5-002,docs/W5-verify/01-testing-quality-standard.md,79,79,merge,VERIFY-TEST-MATRIX,,,
RULE-W5-002-038,SRC-W5-002,docs/W5-verify/01-testing-quality-standard.md,79,79,merge,VERIFY-TEST-MATRIX,,,
RULE-W5-002-039,SRC-W5-002,docs/W5-verify/01-testing-quality-standard.md,79,79,merge,VERIFY-TEST-MATRIX,,,
RULE-W5-002-040,SRC-W5-002,docs/W5-verify/01-testing-quality-standard.md,80,80,merge,VERIFY-TEST-MATRIX,,,
RULE-W5-002-041,SRC-W5-002,docs/W5-verify/01-testing-quality-standard.md,80,80,merge,VERIFY-TEST-MATRIX,,,
RULE-W5-002-042,SRC-W5-002,docs/W5-verify/01-testing-quality-standard.md,80,80,merge,VERIFY-TEST-MATRIX,,,
RULE-W5-002-043,SRC-W5-002,docs/W5-verify/01-testing-quality-standard.md,81,81,merge,VERIFY-TEST-MATRIX,,,
RULE-W5-002-044,SRC-W5-002,docs/W5-verify/01-testing-quality-standard.md,81,81,merge,VERIFY-TEST-MATRIX,,,
RULE-W5-002-045,SRC-W5-002,docs/W5-verify/01-testing-quality-standard.md,82,82,rewrite,VERIFY-AI-EVAL-FIXTURE-W5-002-L082,,,
RULE-W5-002-046,SRC-W5-002,docs/W5-verify/01-testing-quality-standard.md,83,83,merge,VERIFY-TEST-MATRIX,,,
RULE-W5-002-047,SRC-W5-002,docs/W5-verify/01-testing-quality-standard.md,84,84,merge,VERIFY-TEST-MATRIX,,,
RULE-W5-002-048,SRC-W5-002,docs/W5-verify/01-testing-quality-standard.md,85,85,rewrite,VERIFY-AI-EVAL-FIXTURE-W5-002-L085,,,
RULE-W5-002-049,SRC-W5-002,docs/W5-verify/01-testing-quality-standard.md,86,86,merge,VERIFY-TEST-MATRIX,,,
RULE-W5-002-050,SRC-W5-002,docs/W5-verify/01-testing-quality-standard.md,87,87,merge,RELEASE-GATE-001,,,
RULE-W5-002-051,SRC-W5-002,docs/W5-verify/01-testing-quality-standard.md,88,88,merge,VERIFY-TEST-MATRIX,,,
RULE-W5-002-052,SRC-W5-002,docs/W5-verify/01-testing-quality-standard.md,89,89,merge,VERIFY-TEST-MATRIX,,,
RULE-W5-002-053,SRC-W5-002,docs/W5-verify/01-testing-quality-standard.md,91,91,merge,VERIFY-TEST-COMMAND-ENTRY-W5-002-L091,,,
RULE-W5-002-054,SRC-W5-002,docs/W5-verify/01-testing-quality-standard.md,91,91,merge,VERIFY-TEST-COMMAND-ENTRY-W5-002-L091,,,
RULE-W5-002-055,SRC-W5-002,docs/W5-verify/01-testing-quality-standard.md,91,91,merge,VERIFY-TEST-COMMAND-ENTRY-W5-002-L091,,,
RULE-W5-002-056,SRC-W5-002,docs/W5-verify/01-testing-quality-standard.md,91,91,merge,VERIFY-TEST-COMMAND-ENTRY-W5-002-L091,,,
RULE-W5-002-057,SRC-W5-002,docs/W5-verify/01-testing-quality-standard.md,95,95,merge,VERIFY-KEY-JOURNEY-EVIDENCE,,,
RULE-W5-002-058,SRC-W5-002,docs/W5-verify/01-testing-quality-standard.md,97,97,merge,VERIFY-TEST-QUALITY-UX-FRONTEND-W5-002-L097,,,
RULE-W5-002-059,SRC-W5-002,docs/W5-verify/01-testing-quality-standard.md,97,97,merge,VERIFY-TEST-QUALITY-UX-FRONTEND-W5-002-L097,,,
RULE-W5-002-060,SRC-W5-002,docs/W5-verify/01-testing-quality-standard.md,97,97,merge,VERIFY-TEST-QUALITY-UX-FRONTEND-W5-002-L097,,,
RULE-W5-002-061,SRC-W5-002,docs/W5-verify/01-testing-quality-standard.md,98,98,merge,VERIFY-TEST-QUALITY-UX-FRONTEND-W5-002-L098,,,
RULE-W5-002-062,SRC-W5-002,docs/W5-verify/01-testing-quality-standard.md,98,98,merge,VERIFY-TEST-QUALITY-UX-FRONTEND-W5-002-L098,,,
RULE-W5-002-063,SRC-W5-002,docs/W5-verify/01-testing-quality-standard.md,99,99,merge,VERIFY-TEST-QUALITY-UX-FRONTEND-W5-002-L099,,,
RULE-W5-002-064,SRC-W5-002,docs/W5-verify/01-testing-quality-standard.md,99,99,merge,VERIFY-TEST-QUALITY-UX-FRONTEND-W5-002-L099,,,
RULE-W5-002-065,SRC-W5-002,docs/W5-verify/01-testing-quality-standard.md,100,100,merge,VERIFY-KEY-JOURNEY-EVIDENCE,,,
RULE-W5-002-066,SRC-W5-002,docs/W5-verify/01-testing-quality-standard.md,100,100,rewrite,VERIFY-TEST-QUALITY-UX-FRONTEND-W5-002-L100,,,
RULE-W5-002-067,SRC-W5-002,docs/W5-verify/01-testing-quality-standard.md,100,100,merge,VERIFY-KEY-JOURNEY-EVIDENCE,,,
RULE-W5-002-068,SRC-W5-002,docs/W5-verify/01-testing-quality-standard.md,101,101,merge,VERIFY-TEST-QUALITY-UX-FRONTEND-W5-002-L101,,,
RULE-W5-002-069,SRC-W5-002,docs/W5-verify/01-testing-quality-standard.md,101,101,merge,VERIFY-TEST-QUALITY-UX-FRONTEND-W5-002-L101,,,
RULE-W5-002-070,SRC-W5-002,docs/W5-verify/01-testing-quality-standard.md,103,103,rewrite,VERIFY-EVIDENCE-RISK-W5-002-L103,,,
RULE-W5-002-071,SRC-W5-002,docs/W5-verify/01-testing-quality-standard.md,107,107,merge,VERIFY-TEST-RUN-RECORD,,,
RULE-W5-002-072,SRC-W5-002,docs/W5-verify/01-testing-quality-standard.md,107,107,merge,RELEASE-GATE-001,,,
RULE-W5-002-073,SRC-W5-002,docs/W5-verify/01-testing-quality-standard.md,117,117,merge,VERIFY-FLAKY-TEST-RECORD,,,
RULE-W5-002-074,SRC-W5-002,docs/W5-verify/01-testing-quality-standard.md,118,118,merge,VERIFY-FLAKY-TEST-RECORD,,,
RULE-W5-002-075,SRC-W5-002,docs/W5-verify/01-testing-quality-standard.md,119,119,merge,VERIFY-FLAKY-TEST-RECORD,,,
RULE-W5-002-076,SRC-W5-002,docs/W5-verify/01-testing-quality-standard.md,120,120,merge,VERIFY-FLAKY-TEST-RECORD,,,
RULE-W5-002-077,SRC-W5-002,docs/W5-verify/01-testing-quality-standard.md,121,121,merge,VERIFY-FLAKY-TEST-RECORD,,,
RULE-W5-002-078,SRC-W5-002,docs/W5-verify/01-testing-quality-standard.md,122,122,merge,VERIFY-FLAKY-TEST-RECORD,,,
RULE-W5-002-079,SRC-W5-002,docs/W5-verify/01-testing-quality-standard.md,124,124,merge,VERIFY-EVIDENCE-RISK-W5-002-L124,,,
RULE-W5-002-080,SRC-W5-002,docs/W5-verify/01-testing-quality-standard.md,124,124,merge,VERIFY-EVIDENCE-RISK-W5-002-L124,,,
RULE-W5-002-081,SRC-W5-002,docs/W5-verify/01-testing-quality-standard.md,130,130,rewrite,VERIFY-EVIDENCE-REFERENCE-W5-002-L130,,,
RULE-W5-002-082,SRC-W5-002,docs/W5-verify/01-testing-quality-standard.md,134,134,rewrite,VERIFY-EVIDENCE-REFERENCE-W5-002-L134,,,
RULE-W5-002-083,SRC-W5-002,docs/W5-verify/01-testing-quality-standard.md,135,135,rewrite,VERIFY-EVIDENCE-REFERENCE-W5-002-L135,,,
RULE-W5-002-084,SRC-W5-002,docs/W5-verify/01-testing-quality-standard.md,136,136,rewrite,VERIFY-EVIDENCE-REFERENCE-W5-002-L136,,,
RULE-W5-002-085,SRC-W5-002,docs/W5-verify/01-testing-quality-standard.md,140,140,rewrite,VERIFY-EVIDENCE-RISK-W5-002-L140,,,
RULE-W5-002-086,SRC-W5-002,docs/W5-verify/01-testing-quality-standard.md,141,141,rewrite,VERIFY-EVIDENCE-RISK-W5-002-L141,,,
RULE-W5-002-087,SRC-W5-002,docs/W5-verify/01-testing-quality-standard.md,142,142,rewrite,VERIFY-EVIDENCE-RISK-W5-002-L142,,,
RULE-W5-002-088,SRC-W5-002,docs/W5-verify/01-testing-quality-standard.md,143,143,rewrite,VERIFY-EVIDENCE-RISK-W5-002-L143,,,
RULE-W5-002-089,SRC-W5-002,docs/W5-verify/01-testing-quality-standard.md,147,147,rewrite,VERIFY-EVIDENCE-PRINCIPLE-W5-002-L147,,,
RULE-W5-002-090,SRC-W5-002,docs/W5-verify/01-testing-quality-standard.md,151,151,rewrite,VERIFY-EVIDENCE-DETAIL-W5-002-L151,,,
RULE-W5-002-091,SRC-W5-002,docs/W5-verify/01-testing-quality-standard.md,151,151,merge,VERIFY-EVIDENCE-NORM-W5-002-L151,,,
RULE-W5-002-092,SRC-W5-002,docs/W5-verify/01-testing-quality-standard.md,151,151,merge,VERIFY-EVIDENCE-NORM-W5-002-L151,,,
RULE-W5-002-093,SRC-W5-002,docs/W5-verify/01-testing-quality-standard.md,151,151,merge,VERIFY-EVIDENCE-NORM-W5-002-L151,,,
RULE-W5-002-094,SRC-W5-002,docs/W5-verify/01-testing-quality-standard.md,151,151,merge,VERIFY-EVIDENCE-NORM-W5-002-L151,,,
RULE-W5-002-095,SRC-W5-002,docs/W5-verify/01-testing-quality-standard.md,152,152,rewrite,VERIFY-EVIDENCE-DETAIL-W5-002-L152,,,
RULE-W5-002-096,SRC-W5-002,docs/W5-verify/01-testing-quality-standard.md,153,153,merge,VERIFY-EVIDENCE-NORM-W5-002-L153,,,
RULE-W5-002-097,SRC-W5-002,docs/W5-verify/01-testing-quality-standard.md,153,153,merge,VERIFY-EVIDENCE-NORM-W5-002-L153,,,
RULE-W5-002-098,SRC-W5-002,docs/W5-verify/01-testing-quality-standard.md,153,153,merge,VERIFY-EVIDENCE-NORM-W5-002-L153,,,
RULE-W5-002-099,SRC-W5-002,docs/W5-verify/01-testing-quality-standard.md,153,153,merge,VERIFY-EVIDENCE-NORM-W5-002-L153,,,
RULE-W5-002-100,SRC-W5-002,docs/W5-verify/01-testing-quality-standard.md,154,154,rewrite,VERIFY-EVIDENCE-DETAIL-W5-002-L154,,,
RULE-W5-002-101,SRC-W5-002,docs/W5-verify/01-testing-quality-standard.md,155,155,merge,VERIFY-EVIDENCE-NORM-W5-002-L155,,,
RULE-W5-002-102,SRC-W5-002,docs/W5-verify/01-testing-quality-standard.md,155,155,merge,VERIFY-EVIDENCE-NORM-W5-002-L155,,,
RULE-W5-002-103,SRC-W5-002,docs/W5-verify/01-testing-quality-standard.md,155,155,merge,VERIFY-EVIDENCE-NORM-W5-002-L155,,,
RULE-W5-002-104,SRC-W5-002,docs/W5-verify/01-testing-quality-standard.md,155,155,merge,VERIFY-EVIDENCE-NORM-W5-002-L155,,,
RULE-W5-002-105,SRC-W5-002,docs/W5-verify/01-testing-quality-standard.md,159,159,rewrite,VERIFY-EVIDENCE-PRINCIPLE-W5-002-L159,,,
RULE-W5-002-106,SRC-W5-002,docs/W5-verify/01-testing-quality-standard.md,163,163,merge,VERIFY-EVIDENCE-NORM-W5-002-L163,,,
RULE-W5-002-107,SRC-W5-002,docs/W5-verify/01-testing-quality-standard.md,163,163,merge,VERIFY-EVIDENCE-NORM-W5-002-L163,,,
RULE-W5-002-108,SRC-W5-002,docs/W5-verify/01-testing-quality-standard.md,163,163,merge,VERIFY-INTEGRATION-SMOKE-COVERAGE,,,
RULE-W5-002-109,SRC-W5-002,docs/W5-verify/01-testing-quality-standard.md,164,164,rewrite,VERIFY-API-CONTRACT-ERROR-MODEL-FP-W5-002-L164,,,
RULE-W5-002-110,SRC-W5-002,docs/W5-verify/01-testing-quality-standard.md,165,165,merge,VERIFY-INTEGRATION-SMOKE-COVERAGE,,,
RULE-W5-002-111,SRC-W5-002,docs/W5-verify/01-testing-quality-standard.md,166,166,merge,VERIFY-INTEGRATION-SMOKE-COVERAGE,,,
RULE-W5-002-112,SRC-W5-002,docs/W5-verify/01-testing-quality-standard.md,167,167,merge,VERIFY-INTEGRATION-SMOKE-COVERAGE,,,
RULE-W5-002-113,SRC-W5-002,docs/W5-verify/01-testing-quality-standard.md,169,169,rewrite,VERIFY-EVIDENCE-PRINCIPLE-W5-002-L169,,,
RULE-W5-002-114,SRC-W5-002,docs/W5-verify/01-testing-quality-standard.md,169,169,merge,VERIFY-TEST-FAILURE-DISPOSITION,,,
RULE-W5-002-115,SRC-W5-002,docs/W5-verify/01-testing-quality-standard.md,169,169,merge,VERIFY-TEST-FAILURE-DISPOSITION,,,
RULE-W5-002-116,SRC-W5-002,docs/W5-verify/01-testing-quality-standard.md,176,176,rewrite,VERIFY-TEST-COMMAND-ENTRY-W5-002-L176,,,
RULE-W5-002-117,SRC-W5-002,docs/W5-verify/01-testing-quality-standard.md,177,177,rewrite,VERIFY-TEST-COMMAND-ENTRY-W5-002-L177,,,
RULE-W5-002-118,SRC-W5-002,docs/W5-verify/01-testing-quality-standard.md,178,178,rewrite,VERIFY-TEST-COMMAND-ENTRY-W5-002-L178,,,
RULE-W5-002-119,SRC-W5-002,docs/W5-verify/01-testing-quality-standard.md,179,179,rewrite,VERIFY-TEST-COMMAND-ENTRY-W5-002-L179,,,
RULE-W5-002-120,SRC-W5-002,docs/W5-verify/01-testing-quality-standard.md,184,184,rewrite,VERIFY-EVIDENCE-NORM-W5-002-L184,,,
RULE-W5-002-121,SRC-W5-002,docs/W5-verify/01-testing-quality-standard.md,185,185,rewrite,VERIFY-EVIDENCE-RISK-W5-002-L185,,,
RULE-W5-002-122,SRC-W5-002,docs/W5-verify/01-testing-quality-standard.md,186,186,merge,VERIFY-MIGRATION-BACKFILL-DATA-FIX-FP-W5-002-L186,,,
RULE-W5-002-123,SRC-W5-002,docs/W5-verify/01-testing-quality-standard.md,186,186,merge,VERIFY-MIGRATION-BACKFILL-DATA-FIX-FP-W5-002-L186,,,
RULE-W5-002-124,SRC-W5-002,docs/W5-verify/01-testing-quality-standard.md,186,186,rewrite,VERIFY-TEST-QUALITY-SCHEMA-DATA-W5-002-L186,,,
RULE-W5-002-125,SRC-W5-002,docs/W5-verify/01-testing-quality-standard.md,187,187,rewrite,VERIFY-GRPC-TEST-COVERAGE,,,
RULE-W5-002-126,SRC-W5-002,docs/W5-verify/01-testing-quality-standard.md,187,187,merge,VERIFY-EVIDENCE-NORM-W5-002-L187,,,
RULE-W5-002-127,SRC-W5-002,docs/W5-verify/01-testing-quality-standard.md,187,187,merge,VERIFY-EVIDENCE-NORM-W5-002-L187,,,
RULE-W5-002-128,SRC-W5-002,docs/W5-verify/01-testing-quality-standard.md,187,187,merge,VERIFY-EVIDENCE-NORM-W5-002-L187,,,
RULE-W5-002-129,SRC-W5-002,docs/W5-verify/01-testing-quality-standard.md,187,187,merge,VERIFY-EVIDENCE-NORM-W5-002-L187,,,
RULE-W5-002-130,SRC-W5-002,docs/W5-verify/01-testing-quality-standard.md,187,187,merge,VERIFY-EVIDENCE-NORM-W5-002-L187,,,
RULE-W5-002-131,SRC-W5-002,docs/W5-verify/01-testing-quality-standard.md,194,194,rewrite,VERIFY-TEST-COMMAND-ENTRY-W5-002-L194,,,
RULE-W5-002-132,SRC-W5-002,docs/W5-verify/01-testing-quality-standard.md,195,195,rewrite,VERIFY-TEST-COMMAND-ENTRY-W5-002-L195,,,
RULE-W5-002-133,SRC-W5-002,docs/W5-verify/01-testing-quality-standard.md,196,196,rewrite,VERIFY-TEST-COMMAND-ENTRY-W5-002-L196,,,
RULE-W5-002-134,SRC-W5-002,docs/W5-verify/01-testing-quality-standard.md,201,201,rewrite,VERIFY-EVIDENCE-NORM-W5-002-L201,,,
RULE-W5-002-135,SRC-W5-002,docs/W5-verify/01-testing-quality-standard.md,202,202,rewrite,VERIFY-EVIDENCE-NORM-W5-002-L202,,,
RULE-W5-002-136,SRC-W5-002,docs/W5-verify/01-testing-quality-standard.md,203,203,rewrite,VERIFY-VISUAL-REGRESSION-EVIDENCE;VERIFY-VISUAL-UX-CONFORMANCE,,,
RULE-W5-002-137,SRC-W5-002,docs/W5-verify/01-testing-quality-standard.md,203,203,rewrite,VERIFY-EVIDENCE-NORM-W5-002-L203,,,
RULE-W5-002-138,SRC-W5-002,docs/W5-verify/01-testing-quality-standard.md,205,205,rewrite,VERIFY-TEST-QUALITY-GENERAL-W5-002-L205,,,
RULE-W5-002-139,SRC-W5-002,docs/W5-verify/01-testing-quality-standard.md,205,205,merge,VERIFY-WORKFLOW-GATE-W5-001-L051,,,
RULE-W5-002-140,SRC-W5-002,docs/W5-verify/01-testing-quality-standard.md,205,205,merge,VERIFY-EVIDENCE-ARTIFACT-W5-001-L051,,,
RULE-W5-002-141,SRC-W5-002,docs/W5-verify/01-testing-quality-standard.md,205,205,merge,VERIFY-TEST-QUALITY-CONFIG-FLAG-W5-002-L205,,,
RULE-W5-002-142,SRC-W5-002,docs/W5-verify/01-testing-quality-standard.md,205,205,rewrite,VERIFY-BROWSER-E2E-EVIDENCE,,,
RULE-W5-002-143,SRC-W5-002,docs/W5-verify/01-testing-quality-standard.md,205,205,rewrite,VERIFY-EVIDENCE-RISK-W5-002-L205,,,
RULE-W5-002-144,SRC-W5-002,docs/W5-verify/01-testing-quality-standard.md,205,205,rewrite,VERIFY-TEST-QUALITY-RELEASE-ROLLBACK-W5-002-L205,,,
RULE-W5-002-145,SRC-W5-002,docs/W5-verify/01-testing-quality-standard.md,209,209,rewrite,VERIFY-EVIDENCE-REFERENCE-W5-002-L209,,,
RULE-W5-002-146,SRC-W5-002,docs/W5-verify/01-testing-quality-standard.md,213,213,merge,VERIFY-AI-EVAL-FIXTURE-W5-002-L213,,,
RULE-W5-002-147,SRC-W5-002,docs/W5-verify/01-testing-quality-standard.md,213,213,merge,VERIFY-AI-EVAL-FIXTURE-W5-002-L213,,,
RULE-W5-002-148,SRC-W5-002,docs/W5-verify/01-testing-quality-standard.md,213,213,merge,VERIFY-AI-EVAL-FIXTURE-W5-002-L213,,,
RULE-W5-002-149,SRC-W5-002,docs/W5-verify/01-testing-quality-standard.md,214,214,rewrite,VERIFY-AI-EVAL-FIXTURE-W5-002-L214,,,
RULE-W5-002-150,SRC-W5-002,docs/W5-verify/01-testing-quality-standard.md,215,215,rewrite,VERIFY-TEST-QUALITY-GENERAL-W5-002-L215,,,
RULE-W5-002-151,SRC-W5-002,docs/W5-verify/01-testing-quality-standard.md,215,215,rewrite,VERIFY-AI-EVAL-FIXTURE-W5-002-L215,,,
RULE-W5-002-152,SRC-W5-002,docs/W5-verify/01-testing-quality-standard.md,216,216,merge,VERIFY-AI-PROMPT-ARTIFACT-FP-W5-002-L216,,,
RULE-W5-002-153,SRC-W5-002,docs/W5-verify/01-testing-quality-standard.md,216,216,rewrite,VERIFY-AI-EVAL-FIXTURE-W5-002-L216,,,
RULE-W5-002-154,SRC-W5-002,docs/W5-verify/01-testing-quality-standard.md,216,216,merge,VERIFY-AI-PROMPT-ARTIFACT-FP-W5-002-L216,,,
RULE-W5-002-155,SRC-W5-002,docs/W5-verify/01-testing-quality-standard.md,217,217,merge,VERIFY-EVIDENCE-NORM-W5-002-L217,,,
RULE-W5-002-156,SRC-W5-002,docs/W5-verify/01-testing-quality-standard.md,217,217,merge,VERIFY-EVIDENCE-NORM-W5-002-L217,,,
RULE-W5-002-157,SRC-W5-002,docs/W5-verify/01-testing-quality-standard.md,217,217,merge,VERIFY-EVIDENCE-NORM-W5-002-L217,,,
RULE-W5-002-158,SRC-W5-002,docs/W5-verify/01-testing-quality-standard.md,217,217,merge,VERIFY-EVIDENCE-NORM-W5-002-L217,,,
RULE-W5-002-159,SRC-W5-002,docs/W5-verify/01-testing-quality-standard.md,217,217,merge,VERIFY-EVIDENCE-NORM-W5-002-L217,,,
RULE-W5-002-160,SRC-W5-002,docs/W5-verify/01-testing-quality-standard.md,217,217,merge,VERIFY-EVIDENCE-NORM-W5-002-L217,,,
RULE-W5-002-161,SRC-W5-002,docs/W5-verify/01-testing-quality-standard.md,221,221,rewrite,VERIFY-EVIDENCE-PRINCIPLE-W5-002-L221,,,
RULE-W5-002-162,SRC-W5-002,docs/W5-verify/01-testing-quality-standard.md,222,222,merge,VERIFY-RETRY-FALLBACK-RESILIENCE-FP-W5-002-L222,,,
RULE-W5-002-163,SRC-W5-002,docs/W5-verify/01-testing-quality-standard.md,222,222,merge,VERIFY-FLAKY-TEST-RECORD,,,
RULE-W5-002-164,SRC-W5-002,docs/W5-verify/01-testing-quality-standard.md,222,222,merge,VERIFY-RETRY-FALLBACK-RESILIENCE-FP-W5-002-L222,,,
RULE-W5-002-165,SRC-W5-002,docs/W5-verify/01-testing-quality-standard.md,223,223,merge,RELEASE-GATE-002,,,
RULE-W5-002-166,SRC-W5-002,docs/W5-verify/01-testing-quality-standard.md,224,224,rewrite,VERIFY-AI-EVAL-FIXTURE-W5-002-L224,,,
RULE-W5-002-167,SRC-W5-002,docs/W5-verify/01-testing-quality-standard.md,228,228,rewrite,VERIFY-TEST-QUALITY-EVIDENCE-GATE-W5-002-L228,,,
RULE-W5-002-168,SRC-W5-002,docs/W5-verify/01-testing-quality-standard.md,232,232,merge,VERIFY-TEST-STRATEGY,,,
RULE-W5-002-169,SRC-W5-002,docs/W5-verify/01-testing-quality-standard.md,233,233,rewrite,VERIFY-EVIDENCE-RISK-W5-002-L233,,,
RULE-W5-002-170,SRC-W5-002,docs/W5-verify/01-testing-quality-standard.md,234,234,rewrite,VERIFY-EVIDENCE-PRINCIPLE-W5-002-L234,,,
RULE-W5-002-171,SRC-W5-002,docs/W5-verify/01-testing-quality-standard.md,240,240,rewrite,VERIFY-TEST-QUALITY-UX-FRONTEND-W5-002-L240,,,
RULE-W5-002-172,SRC-W5-002,docs/W5-verify/01-testing-quality-standard.md,241,241,rewrite,VERIFY-EVIDENCE-RISK-W5-002-L241,,,
RULE-W5-002-173,SRC-W5-002,docs/W5-verify/01-testing-quality-standard.md,242,242,merge,RELEASE-GATE-002,,,
RULE-W5-002-174,SRC-W5-002,docs/W5-verify/01-testing-quality-standard.md,243,243,rewrite,VERIFY-AI-EVAL-FIXTURE-W5-002-L243,,,
RULE-W5-002-175,SRC-W5-002,docs/W5-verify/01-testing-quality-standard.md,244,244,rewrite,VERIFY-EVIDENCE-RISK-W5-002-L244,,,
RULE-W5-002-176,SRC-W5-002,docs/W5-verify/01-testing-quality-standard.md,246,246,rewrite,VERIFY-EVIDENCE-DETAIL-W5-002-L246,,,
RULE-W5-003-001,SRC-W5-003,docs/W5-verify/02-accessibility-ai-ux-standard.md,3,3,merge,EXPERIENCE-PLAYBOOK-BOUNDARY,,,
RULE-W5-003-002,SRC-W5-003,docs/W5-verify/02-accessibility-ai-ux-standard.md,3,3,merge,EXPERIENCE-PLAYBOOK-BOUNDARY,,,
RULE-W5-003-003,SRC-W5-003,docs/W5-verify/02-accessibility-ai-ux-standard.md,7,7,rewrite,VERIFY-ACCESSIBILITY-AI-UX-W5-003-L007,,,
RULE-W5-003-004,SRC-W5-003,docs/W5-verify/02-accessibility-ai-ux-standard.md,9,9,merge,VERIFY-EVIDENCE-NORM-W5-001-L007,,,
RULE-W5-003-005,SRC-W5-003,docs/W5-verify/02-accessibility-ai-ux-standard.md,13,13,rewrite,VERIFY-EVIDENCE-PRINCIPLE-W5-003-L013,,,
RULE-W5-003-006,SRC-W5-003,docs/W5-verify/02-accessibility-ai-ux-standard.md,15,15,merge,VERIFY-EVIDENCE-ARTIFACT-W5-003-L015,,,
RULE-W5-003-007,SRC-W5-003,docs/W5-verify/02-accessibility-ai-ux-standard.md,15,15,merge,VERIFY-EVIDENCE-ARTIFACT-W5-003-L015,,,
RULE-W5-003-008,SRC-W5-003,docs/W5-verify/02-accessibility-ai-ux-standard.md,15,15,merge,VERIFY-EVIDENCE-ARTIFACT-W5-003-L015,,,
RULE-W5-003-009,SRC-W5-003,docs/W5-verify/02-accessibility-ai-ux-standard.md,15,15,merge,VERIFY-EVIDENCE-ARTIFACT-W5-003-L015,,,
RULE-W5-003-010,SRC-W5-003,docs/W5-verify/02-accessibility-ai-ux-standard.md,34,34,rewrite,VERIFY-EVIDENCE-REFERENCE-W5-003-L034,,,
RULE-W5-003-011,SRC-W5-003,docs/W5-verify/02-accessibility-ai-ux-standard.md,35,35,rewrite,VERIFY-EVIDENCE-REFERENCE-W5-003-L035,,,
RULE-W5-003-012,SRC-W5-003,docs/W5-verify/02-accessibility-ai-ux-standard.md,36,36,rewrite,VERIFY-EVIDENCE-REFERENCE-W5-003-L036,,,
RULE-W5-003-013,SRC-W5-003,docs/W5-verify/02-accessibility-ai-ux-standard.md,40,40,merge,EXPERIENCE-PLAYBOOK-BOUNDARY,,,
RULE-W5-003-014,SRC-W5-003,docs/W5-verify/02-accessibility-ai-ux-standard.md,41,41,merge,EXPERIENCE-PLAYBOOK-BOUNDARY,,,
RULE-W5-003-015,SRC-W5-003,docs/W5-verify/02-accessibility-ai-ux-standard.md,42,42,rewrite,EXPERIENCE-INTERNAL-HIGH-RISK-BASELINE,,,
RULE-W5-003-016,SRC-W5-003,docs/W5-verify/02-accessibility-ai-ux-standard.md,46,46,rewrite,EXPERIENCE-UX-ARTIFACT-IDENTITY;EXPERIENCE-VISUAL-UX-ARTIFACTS,,,
RULE-W5-003-017,SRC-W5-003,docs/W5-verify/02-accessibility-ai-ux-standard.md,50,50,rewrite,TECH-070-API-CONTRACT-ACCESSIBILITY-AI-UX-S01,,,
RULE-W5-003-018,SRC-W5-003,docs/W5-verify/02-accessibility-ai-ux-standard.md,51,51,merge,EXPERIENCE-INTERACTION-CONTRACT,,,
RULE-W5-003-019,SRC-W5-003,docs/W5-verify/02-accessibility-ai-ux-standard.md,52,52,merge,EXPERIENCE-ACCESSIBILITY-ARTIFACTS,,,
RULE-W5-003-020,SRC-W5-003,docs/W5-verify/02-accessibility-ai-ux-standard.md,53,53,merge,EXPERIENCE-AI-DISCLOSURE-ARTIFACT,,,
RULE-W5-003-021,SRC-W5-003,docs/W5-verify/02-accessibility-ai-ux-standard.md,54,54,rewrite,VERIFY-ACCESSIBILITY-AI-UX-W5-003-L054;EXPERIENCE-VISUAL-UX-APPROVAL,,,
RULE-W5-003-022,SRC-W5-003,docs/W5-verify/02-accessibility-ai-ux-standard.md,61,61,rewrite,TECH-070-API-CONTRACT-ACCESSIBILITY-AI-UX-S02,,,
RULE-W5-003-023,SRC-W5-003,docs/W5-verify/02-accessibility-ai-ux-standard.md,62,62,merge,TECH-070-API-CONTRACT-ACCESSIBILITY-AI-UX-S02,,,
RULE-W5-003-024,SRC-W5-003,docs/W5-verify/02-accessibility-ai-ux-standard.md,63,63,rewrite,TECH-236-PLANNING-GOVERNANCE-ROUTING-S01,,,
RULE-W5-003-025,SRC-W5-003,docs/W5-verify/02-accessibility-ai-ux-standard.md,64,64,merge,TECH-070-API-CONTRACT-ACCESSIBILITY-AI-UX-S02,,,
RULE-W5-003-026,SRC-W5-003,docs/W5-verify/02-accessibility-ai-ux-standard.md,65,65,merge,TECH-070-API-CONTRACT-ACCESSIBILITY-AI-UX-S02,,,
RULE-W5-003-027,SRC-W5-003,docs/W5-verify/02-accessibility-ai-ux-standard.md,66,66,merge,EXPERIENCE-ACCESSIBILITY-ARTIFACTS,,,
RULE-W5-003-028,SRC-W5-003,docs/W5-verify/02-accessibility-ai-ux-standard.md,67,67,merge,TECH-070-API-CONTRACT-ACCESSIBILITY-AI-UX-S02,,,
RULE-W5-003-029,SRC-W5-003,docs/W5-verify/02-accessibility-ai-ux-standard.md,68,68,merge,TECH-070-API-CONTRACT-ACCESSIBILITY-AI-UX-S02,,,
RULE-W5-003-030,SRC-W5-003,docs/W5-verify/02-accessibility-ai-ux-standard.md,69,69,merge,TECH-070-API-CONTRACT-ACCESSIBILITY-AI-UX-S02,,,
RULE-W5-003-031,SRC-W5-003,docs/W5-verify/02-accessibility-ai-ux-standard.md,70,70,merge,TECH-070-API-CONTRACT-ACCESSIBILITY-AI-UX-S02,,,
RULE-W5-003-032,SRC-W5-003,docs/W5-verify/02-accessibility-ai-ux-standard.md,74,74,merge,EXPERIENCE-SURFACE-MAP,,,
RULE-W5-003-033,SRC-W5-003,docs/W5-verify/02-accessibility-ai-ux-standard.md,74,74,merge,EXPERIENCE-SURFACE-MAP,,,
RULE-W5-003-034,SRC-W5-003,docs/W5-verify/02-accessibility-ai-ux-standard.md,75,75,merge,EXPERIENCE-SURFACE-MAP,,,
RULE-W5-003-035,SRC-W5-003,docs/W5-verify/02-accessibility-ai-ux-standard.md,75,75,merge,EXPERIENCE-SURFACE-MAP,,,
RULE-W5-003-036,SRC-W5-003,docs/W5-verify/02-accessibility-ai-ux-standard.md,75,75,merge,EXPERIENCE-KEYBOARD-FOCUS,,,
RULE-W5-003-037,SRC-W5-003,docs/W5-verify/02-accessibility-ai-ux-standard.md,75,75,rewrite,VERIFY-EVIDENCE-ARTIFACT-W5-003-L075,,,
RULE-W5-003-038,SRC-W5-003,docs/W5-verify/02-accessibility-ai-ux-standard.md,75,75,merge,EXPERIENCE-SURFACE-MAP,,,
RULE-W5-003-039,SRC-W5-003,docs/W5-verify/02-accessibility-ai-ux-standard.md,75,75,merge,EXPERIENCE-SURFACE-MAP,,,
RULE-W5-003-040,SRC-W5-003,docs/W5-verify/02-accessibility-ai-ux-standard.md,76,76,merge,EXPERIENCE-AI-SURFACE-MAP,,,
RULE-W5-003-041,SRC-W5-003,docs/W5-verify/02-accessibility-ai-ux-standard.md,76,76,merge,EXPERIENCE-AI-SURFACE-MAP,,,
RULE-W5-003-042,SRC-W5-003,docs/W5-verify/02-accessibility-ai-ux-standard.md,76,76,merge,EXPERIENCE-AI-SURFACE-MAP,,,
RULE-W5-003-043,SRC-W5-003,docs/W5-verify/02-accessibility-ai-ux-standard.md,82,82,merge,EXPERIENCE-INTERACTION-CONTRACT,,,
RULE-W5-003-044,SRC-W5-003,docs/W5-verify/02-accessibility-ai-ux-standard.md,83,83,merge,EXPERIENCE-INTERACTION-CONTRACT,,,
RULE-W5-003-045,SRC-W5-003,docs/W5-verify/02-accessibility-ai-ux-standard.md,84,84,merge,EXPERIENCE-INTERACTION-CONTRACT,,,
RULE-W5-003-046,SRC-W5-003,docs/W5-verify/02-accessibility-ai-ux-standard.md,85,85,merge,EXPERIENCE-INTERACTION-CONTRACT,,,
RULE-W5-003-047,SRC-W5-003,docs/W5-verify/02-accessibility-ai-ux-standard.md,86,86,merge,EXPERIENCE-INTERACTION-CONTRACT,,,
RULE-W5-003-048,SRC-W5-003,docs/W5-verify/02-accessibility-ai-ux-standard.md,87,87,merge,EXPERIENCE-INTERACTION-CONTRACT,,,
RULE-W5-003-049,SRC-W5-003,docs/W5-verify/02-accessibility-ai-ux-standard.md,88,88,merge,EXPERIENCE-INTERACTION-CONTRACT,,,
RULE-W5-003-050,SRC-W5-003,docs/W5-verify/02-accessibility-ai-ux-standard.md,89,89,merge,EXPERIENCE-INTERACTION-CONTRACT,,,
RULE-W5-003-051,SRC-W5-003,docs/W5-verify/02-accessibility-ai-ux-standard.md,90,90,merge,EXPERIENCE-INTERACTION-CONTRACT,,,
RULE-W5-003-052,SRC-W5-003,docs/W5-verify/02-accessibility-ai-ux-standard.md,91,91,merge,EXPERIENCE-INTERACTION-CONTRACT,,,
RULE-W5-003-053,SRC-W5-003,docs/W5-verify/02-accessibility-ai-ux-standard.md,92,92,merge,EXPERIENCE-INTERACTION-CONTRACT,,,
RULE-W5-003-054,SRC-W5-003,docs/W5-verify/02-accessibility-ai-ux-standard.md,93,93,merge,EXPERIENCE-INTERACTION-CONTRACT,,,
RULE-W5-003-055,SRC-W5-003,docs/W5-verify/02-accessibility-ai-ux-standard.md,94,94,merge,EXPERIENCE-INTERACTION-CONTRACT,,,
RULE-W5-003-056,SRC-W5-003,docs/W5-verify/02-accessibility-ai-ux-standard.md,95,95,merge,EXPERIENCE-INTERACTION-CONTRACT,,,
RULE-W5-003-057,SRC-W5-003,docs/W5-verify/02-accessibility-ai-ux-standard.md,96,96,merge,EXPERIENCE-INTERACTION-CONTRACT,,,
RULE-W5-003-058,SRC-W5-003,docs/W5-verify/02-accessibility-ai-ux-standard.md,97,97,merge,EXPERIENCE-INTERACTION-CONTRACT,,,
RULE-W5-003-059,SRC-W5-003,docs/W5-verify/02-accessibility-ai-ux-standard.md,98,98,merge,EXPERIENCE-INTERACTION-CONTRACT,,,
RULE-W5-003-060,SRC-W5-003,docs/W5-verify/02-accessibility-ai-ux-standard.md,102,102,merge,EXPERIENCE-COMPONENT-CONTRACT,,,
RULE-W5-003-061,SRC-W5-003,docs/W5-verify/02-accessibility-ai-ux-standard.md,103,103,merge,EXPERIENCE-COMPONENT-CONTRACT,,,
RULE-W5-003-062,SRC-W5-003,docs/W5-verify/02-accessibility-ai-ux-standard.md,104,104,merge,EXPERIENCE-COMPONENT-CONTRACT,,,
RULE-W5-003-063,SRC-W5-003,docs/W5-verify/02-accessibility-ai-ux-standard.md,105,105,merge,EXPERIENCE-COMPONENT-CONTRACT,,,
RULE-W5-003-064,SRC-W5-003,docs/W5-verify/02-accessibility-ai-ux-standard.md,106,106,merge,EXPERIENCE-COMPONENT-CONTRACT,,,
RULE-W5-003-065,SRC-W5-003,docs/W5-verify/02-accessibility-ai-ux-standard.md,107,107,merge,EXPERIENCE-COMPONENT-CONTRACT,,,
RULE-W5-003-066,SRC-W5-003,docs/W5-verify/02-accessibility-ai-ux-standard.md,108,108,merge,EXPERIENCE-COMPONENT-CONTRACT,,,
RULE-W5-003-067,SRC-W5-003,docs/W5-verify/02-accessibility-ai-ux-standard.md,109,109,merge,EXPERIENCE-COMPONENT-CONTRACT,,,
RULE-W5-003-068,SRC-W5-003,docs/W5-verify/02-accessibility-ai-ux-standard.md,110,110,merge,EXPERIENCE-COMPONENT-CONTRACT,,,
RULE-W5-003-069,SRC-W5-003,docs/W5-verify/02-accessibility-ai-ux-standard.md,111,111,merge,EXPERIENCE-COMPONENT-CONTRACT,,,
RULE-W5-003-070,SRC-W5-003,docs/W5-verify/02-accessibility-ai-ux-standard.md,115,115,rewrite,IMPL-NATIVE-HTML-FIRST,,,
RULE-W5-003-071,SRC-W5-003,docs/W5-verify/02-accessibility-ai-ux-standard.md,116,116,merge,IMPL-INTERACTIVE-A11Y-BASICS,,,
RULE-W5-003-072,SRC-W5-003,docs/W5-verify/02-accessibility-ai-ux-standard.md,116,116,merge,IMPL-INTERACTIVE-A11Y-BASICS,,,
RULE-W5-003-073,SRC-W5-003,docs/W5-verify/02-accessibility-ai-ux-standard.md,116,116,merge,IMPL-INTERACTIVE-A11Y-BASICS,,,
RULE-W5-003-074,SRC-W5-003,docs/W5-verify/02-accessibility-ai-ux-standard.md,117,117,merge,EXPERIENCE-BASE-STATE-COVERAGE,,,
RULE-W5-003-075,SRC-W5-003,docs/W5-verify/02-accessibility-ai-ux-standard.md,117,117,merge,EXPERIENCE-BASE-STATE-COVERAGE,,,
RULE-W5-003-076,SRC-W5-003,docs/W5-verify/02-accessibility-ai-ux-standard.md,117,117,merge,EXPERIENCE-BASE-STATE-COVERAGE,,,
RULE-W5-003-077,SRC-W5-003,docs/W5-verify/02-accessibility-ai-ux-standard.md,117,117,merge,EXPERIENCE-BASE-STATE-COVERAGE,,,
RULE-W5-003-078,SRC-W5-003,docs/W5-verify/02-accessibility-ai-ux-standard.md,117,117,rewrite,EXPERIENCE-AI-STATE-COVERAGE,,,
RULE-W5-003-082,SRC-W5-003,docs/W5-verify/02-accessibility-ai-ux-standard.md,118,118,merge,IMPL-ICON-BUTTON-NAME,,,
RULE-W5-003-083,SRC-W5-003,docs/W5-verify/02-accessibility-ai-ux-standard.md,118,118,merge,EXPERIENCE-STATUS-REDUNDANCY,,,
RULE-W5-003-084,SRC-W5-003,docs/W5-verify/02-accessibility-ai-ux-standard.md,119,119,merge,IMPL-FORM-STATE-AND-PROTECTION,,,
RULE-W5-003-085,SRC-W5-003,docs/W5-verify/02-accessibility-ai-ux-standard.md,119,119,merge,IMPL-FORM-STATE-AND-PROTECTION,,,
RULE-W5-003-086,SRC-W5-003,docs/W5-verify/02-accessibility-ai-ux-standard.md,119,119,merge,IMPL-FORM-STATE-AND-PROTECTION,,,
RULE-W5-003-087,SRC-W5-003,docs/W5-verify/02-accessibility-ai-ux-standard.md,119,119,merge,IMPL-FORM-STATE-AND-PROTECTION,,,
RULE-W5-003-088,SRC-W5-003,docs/W5-verify/02-accessibility-ai-ux-standard.md,119,119,merge,IMPL-FORM-STATE-AND-PROTECTION,,,
RULE-W5-003-089,SRC-W5-003,docs/W5-verify/02-accessibility-ai-ux-standard.md,125,125,rewrite,VERIFY-EVIDENCE-ARTIFACT-W5-003-L125,,,
RULE-W5-003-090,SRC-W5-003,docs/W5-verify/02-accessibility-ai-ux-standard.md,126,126,rewrite,VERIFY-EVIDENCE-ARTIFACT-W5-003-L126,,,
RULE-W5-003-091,SRC-W5-003,docs/W5-verify/02-accessibility-ai-ux-standard.md,127,127,rewrite,VERIFY-EVIDENCE-ARTIFACT-W5-003-L127,,,
RULE-W5-003-092,SRC-W5-003,docs/W5-verify/02-accessibility-ai-ux-standard.md,128,128,rewrite,VERIFY-EVIDENCE-ARTIFACT-W5-003-L128,,,
RULE-W5-003-093,SRC-W5-003,docs/W5-verify/02-accessibility-ai-ux-standard.md,129,129,rewrite,VERIFY-EVIDENCE-ARTIFACT-W5-003-L129,,,
RULE-W5-003-094,SRC-W5-003,docs/W5-verify/02-accessibility-ai-ux-standard.md,130,130,rewrite,VERIFY-EVIDENCE-ARTIFACT-W5-003-L130,,,
RULE-W5-003-095,SRC-W5-003,docs/W5-verify/02-accessibility-ai-ux-standard.md,131,131,rewrite,VERIFY-EVIDENCE-ARTIFACT-W5-003-L131,,,
RULE-W5-003-096,SRC-W5-003,docs/W5-verify/02-accessibility-ai-ux-standard.md,132,132,rewrite,VERIFY-EVIDENCE-ARTIFACT-W5-003-L132,,,
RULE-W5-003-097,SRC-W5-003,docs/W5-verify/02-accessibility-ai-ux-standard.md,133,133,rewrite,VERIFY-EVIDENCE-ARTIFACT-W5-003-L133,,,
RULE-W5-003-098,SRC-W5-003,docs/W5-verify/02-accessibility-ai-ux-standard.md,134,134,rewrite,VERIFY-EVIDENCE-ARTIFACT-W5-003-L134,,,
RULE-W5-003-099,SRC-W5-003,docs/W5-verify/02-accessibility-ai-ux-standard.md,135,135,rewrite,VERIFY-EVIDENCE-ARTIFACT-W5-003-L135,,,
RULE-W5-003-100,SRC-W5-003,docs/W5-verify/02-accessibility-ai-ux-standard.md,136,136,rewrite,VERIFY-EVIDENCE-ARTIFACT-W5-003-L136,,,
RULE-W5-003-101,SRC-W5-003,docs/W5-verify/02-accessibility-ai-ux-standard.md,140,140,merge,EXPERIENCE-ACCESSIBILITY-BASELINE,,,
RULE-W5-003-102,SRC-W5-003,docs/W5-verify/02-accessibility-ai-ux-standard.md,141,141,rewrite,VERIFY-EVIDENCE-ARTIFACT-W5-003-L141,,,
RULE-W5-003-103,SRC-W5-003,docs/W5-verify/02-accessibility-ai-ux-standard.md,142,142,rewrite,VERIFY-EVIDENCE-ARTIFACT-W5-003-L142,,,
RULE-W5-003-104,SRC-W5-003,docs/W5-verify/02-accessibility-ai-ux-standard.md,146,146,rewrite,VERIFY-EVIDENCE-ARTIFACT-W5-003-L146,,,
RULE-W5-003-105,SRC-W5-003,docs/W5-verify/02-accessibility-ai-ux-standard.md,147,147,merge,EXPERIENCE-KEYBOARD-FOCUS,,,
RULE-W5-003-106,SRC-W5-003,docs/W5-verify/02-accessibility-ai-ux-standard.md,148,148,merge,EXPERIENCE-KEYBOARD-FOCUS,,,
RULE-W5-003-107,SRC-W5-003,docs/W5-verify/02-accessibility-ai-ux-standard.md,149,149,merge,EXPERIENCE-KEYBOARD-FOCUS,,,
RULE-W5-003-108,SRC-W5-003,docs/W5-verify/02-accessibility-ai-ux-standard.md,150,150,rewrite,VERIFY-EVIDENCE-ARTIFACT-W5-003-L150,,,
RULE-W5-003-109,SRC-W5-003,docs/W5-verify/02-accessibility-ai-ux-standard.md,151,151,rewrite,VERIFY-EVIDENCE-ARTIFACT-W5-003-L151,,,
RULE-W5-003-110,SRC-W5-003,docs/W5-verify/02-accessibility-ai-ux-standard.md,152,152,rewrite,VERIFY-EVIDENCE-ARTIFACT-W5-003-L152,,,
RULE-W5-003-111,SRC-W5-003,docs/W5-verify/02-accessibility-ai-ux-standard.md,153,153,rewrite,VERIFY-EVIDENCE-ARTIFACT-W5-003-L153,,,
RULE-W5-003-112,SRC-W5-003,docs/W5-verify/02-accessibility-ai-ux-standard.md,154,154,rewrite,VERIFY-EVIDENCE-ARTIFACT-W5-003-L154,,,
RULE-W5-003-113,SRC-W5-003,docs/W5-verify/02-accessibility-ai-ux-standard.md,155,155,rewrite,VERIFY-EVIDENCE-ARTIFACT-W5-003-L155,,,
RULE-W5-003-114,SRC-W5-003,docs/W5-verify/02-accessibility-ai-ux-standard.md,156,156,rewrite,VERIFY-EVIDENCE-ARTIFACT-W5-003-L156,,,
RULE-W5-003-115,SRC-W5-003,docs/W5-verify/02-accessibility-ai-ux-standard.md,157,157,merge,EXPERIENCE-AI-DISCLOSURE-ARTIFACT,,,
RULE-W5-003-116,SRC-W5-003,docs/W5-verify/02-accessibility-ai-ux-standard.md,161,161,rewrite,VERIFY-EVIDENCE-RISK-W5-003-L161,,,
RULE-W5-003-117,SRC-W5-003,docs/W5-verify/02-accessibility-ai-ux-standard.md,162,162,rewrite,VERIFY-EVIDENCE-RISK-W5-003-L162,,,
RULE-W5-003-118,SRC-W5-003,docs/W5-verify/02-accessibility-ai-ux-standard.md,162,162,merge,VERIFY-EVIDENCE-ARTIFACT-W5-003-L162,,,
RULE-W5-003-119,SRC-W5-003,docs/W5-verify/02-accessibility-ai-ux-standard.md,162,162,merge,VERIFY-EVIDENCE-ARTIFACT-W5-003-L162,,,
RULE-W5-003-120,SRC-W5-003,docs/W5-verify/02-accessibility-ai-ux-standard.md,162,162,merge,VERIFY-EVIDENCE-ARTIFACT-W5-003-L162,,,
RULE-W5-003-121,SRC-W5-003,docs/W5-verify/02-accessibility-ai-ux-standard.md,163,163,merge,EXPERIENCE-ACCESSIBILITY-EXCEPTION,,,
RULE-W5-003-122,SRC-W5-003,docs/W5-verify/02-accessibility-ai-ux-standard.md,163,163,merge,EXPERIENCE-ACCESSIBILITY-EXCEPTION,,,
RULE-W5-003-123,SRC-W5-003,docs/W5-verify/02-accessibility-ai-ux-standard.md,163,163,merge,EXPERIENCE-ACCESSIBILITY-EXCEPTION,,,
RULE-W5-003-124,SRC-W5-003,docs/W5-verify/02-accessibility-ai-ux-standard.md,163,163,merge,EXPERIENCE-ACCESSIBILITY-EXCEPTION,,,
RULE-W5-003-125,SRC-W5-003,docs/W5-verify/02-accessibility-ai-ux-standard.md,169,169,merge,EXPERIENCE-AI-DISCLOSURE-ARTIFACT,,,
RULE-W5-003-126,SRC-W5-003,docs/W5-verify/02-accessibility-ai-ux-standard.md,170,170,merge,EXPERIENCE-AI-DISCLOSURE-ARTIFACT,,,
RULE-W5-003-127,SRC-W5-003,docs/W5-verify/02-accessibility-ai-ux-standard.md,171,171,merge,EXPERIENCE-AI-DISCLOSURE-ARTIFACT,,,
RULE-W5-003-128,SRC-W5-003,docs/W5-verify/02-accessibility-ai-ux-standard.md,172,172,merge,EXPERIENCE-AI-DISCLOSURE-ARTIFACT,,,
RULE-W5-003-129,SRC-W5-003,docs/W5-verify/02-accessibility-ai-ux-standard.md,173,173,merge,EXPERIENCE-AI-DISCLOSURE-ARTIFACT,,,
RULE-W5-003-130,SRC-W5-003,docs/W5-verify/02-accessibility-ai-ux-standard.md,174,174,merge,EXPERIENCE-AI-DISCLOSURE-ARTIFACT,,,
RULE-W5-003-131,SRC-W5-003,docs/W5-verify/02-accessibility-ai-ux-standard.md,175,175,merge,EXPERIENCE-AI-DISCLOSURE-ARTIFACT,,,
RULE-W5-003-132,SRC-W5-003,docs/W5-verify/02-accessibility-ai-ux-standard.md,176,176,merge,EXPERIENCE-AI-DISCLOSURE-ARTIFACT,,,
RULE-W5-003-133,SRC-W5-003,docs/W5-verify/02-accessibility-ai-ux-standard.md,177,177,merge,EXPERIENCE-AI-DISCLOSURE-ARTIFACT,,,
RULE-W5-003-134,SRC-W5-003,docs/W5-verify/02-accessibility-ai-ux-standard.md,178,178,merge,EXPERIENCE-AI-DISCLOSURE-ARTIFACT,,,
RULE-W5-003-135,SRC-W5-003,docs/W5-verify/02-accessibility-ai-ux-standard.md,182,182,merge,EXPERIENCE-AI-DISCLOSURE,,,
RULE-W5-003-136,SRC-W5-003,docs/W5-verify/02-accessibility-ai-ux-standard.md,183,183,merge,EXPERIENCE-AI-DISCLOSURE,,,
RULE-W5-003-137,SRC-W5-003,docs/W5-verify/02-accessibility-ai-ux-standard.md,183,183,merge,EXPERIENCE-AI-CORRECTION-CONTROLS,,,
RULE-W5-003-138,SRC-W5-003,docs/W5-verify/02-accessibility-ai-ux-standard.md,184,184,merge,EXPERIENCE-HIGH-IMPACT-AI,,,
RULE-W5-003-139,SRC-W5-003,docs/W5-verify/02-accessibility-ai-ux-standard.md,185,185,rewrite,VERIFY-ACCESSIBILITY-AI-UX-W5-003-L185,,,
RULE-W5-003-140,SRC-W5-003,docs/W5-verify/02-accessibility-ai-ux-standard.md,191,191,rewrite,VERIFY-ACCESSIBILITY-AI-UX-W5-003-L191,,,
RULE-W5-003-141,SRC-W5-003,docs/W5-verify/02-accessibility-ai-ux-standard.md,192,192,rewrite,VERIFY-ACCESSIBILITY-AI-UX-W5-003-L192,,,
RULE-W5-003-142,SRC-W5-003,docs/W5-verify/02-accessibility-ai-ux-standard.md,193,193,merge,EXPERIENCE-ACCESSIBILITY-ARTIFACTS,,,
RULE-W5-003-143,SRC-W5-003,docs/W5-verify/02-accessibility-ai-ux-standard.md,194,194,rewrite,VERIFY-ACCESSIBILITY-AI-UX-W5-003-L194,,,
RULE-W5-003-144,SRC-W5-003,docs/W5-verify/02-accessibility-ai-ux-standard.md,195,195,rewrite,VERIFY-OBSERVABILITY-SLO-ALERT,,,
RULE-W5-003-145,SRC-W5-003,docs/W5-verify/02-accessibility-ai-ux-standard.md,196,196,rewrite,VERIFY-ACCESSIBILITY-AI-UX-W5-003-L196,,,
RULE-W5-003-146,SRC-W5-003,docs/W5-verify/02-accessibility-ai-ux-standard.md,197,197,rewrite,VERIFY-ACCESSIBILITY-AI-UX-W5-003-L197,,,
RULE-W5-003-147,SRC-W5-003,docs/W5-verify/02-accessibility-ai-ux-standard.md,198,198,rewrite,VERIFY-ACCESSIBILITY-AI-UX-W5-003-L198,,,
RULE-W5-003-148,SRC-W5-003,docs/W5-verify/02-accessibility-ai-ux-standard.md,202,202,rewrite,VERIFY-ACCESSIBILITY-AI-UX-W5-003-L202,,,
RULE-W5-003-149,SRC-W5-003,docs/W5-verify/02-accessibility-ai-ux-standard.md,203,203,rewrite,VERIFY-ACCESSIBILITY-AI-UX-W5-003-L203,,,
RULE-W5-003-150,SRC-W5-003,docs/W5-verify/02-accessibility-ai-ux-standard.md,204,204,rewrite,EVALUATION-DECISION-003,,,
RULE-W5-003-151,SRC-W5-003,docs/W5-verify/02-accessibility-ai-ux-standard.md,208,208,merge,EXPERIENCE-ERROR-STATE-MAPPING,,,
RULE-W5-003-152,SRC-W5-003,docs/W5-verify/02-accessibility-ai-ux-standard.md,208,208,merge,EXPERIENCE-ERROR-STATE-MAPPING,,,
RULE-W5-003-153,SRC-W5-003,docs/W5-verify/02-accessibility-ai-ux-standard.md,208,208,merge,EXPERIENCE-ERROR-STATE-MAPPING,,,
RULE-W5-003-154,SRC-W5-003,docs/W5-verify/02-accessibility-ai-ux-standard.md,208,208,merge,EXPERIENCE-ERROR-STATE-MAPPING,,,
RULE-W5-003-155,SRC-W5-003,docs/W5-verify/02-accessibility-ai-ux-standard.md,208,208,merge,EXPERIENCE-ERROR-STATE-MAPPING,,,
RULE-W5-003-156,SRC-W5-003,docs/W5-verify/02-accessibility-ai-ux-standard.md,208,208,merge,EXPERIENCE-ERROR-STATE-MAPPING,,,
RULE-W5-003-157,SRC-W5-003,docs/W5-verify/02-accessibility-ai-ux-standard.md,208,208,merge,EXPERIENCE-ERROR-STATE-MAPPING,,,
RULE-W5-003-158,SRC-W5-003,docs/W5-verify/02-accessibility-ai-ux-standard.md,208,208,merge,EXPERIENCE-ERROR-STATE-MAPPING,,,
RULE-W5-003-159,SRC-W5-003,docs/W5-verify/02-accessibility-ai-ux-standard.md,209,209,merge,EXPERIENCE-ERROR-STATE-MAPPING,,,
RULE-W5-003-160,SRC-W5-003,docs/W5-verify/02-accessibility-ai-ux-standard.md,209,209,merge,EXPERIENCE-FRONTEND-ERROR-CONTRACT,,,
RULE-W5-003-161,SRC-W5-003,docs/W5-verify/02-accessibility-ai-ux-standard.md,209,209,merge,EXPERIENCE-FRONTEND-ERROR-CONTRACT,,,
RULE-W5-003-162,SRC-W5-003,docs/W5-verify/02-accessibility-ai-ux-standard.md,209,209,merge,EXPERIENCE-FRONTEND-ERROR-CONTRACT,,,
RULE-W5-003-163,SRC-W5-003,docs/W5-verify/02-accessibility-ai-ux-standard.md,209,209,merge,EXPERIENCE-FRONTEND-ERROR-CONTRACT,,,
RULE-W5-003-164,SRC-W5-003,docs/W5-verify/02-accessibility-ai-ux-standard.md,209,209,merge,EXPERIENCE-FRONTEND-ERROR-CONTRACT,,,
RULE-W5-003-165,SRC-W5-003,docs/W5-verify/02-accessibility-ai-ux-standard.md,209,209,merge,EXPERIENCE-FRONTEND-ERROR-CONTRACT,,,
RULE-W5-003-166,SRC-W5-003,docs/W5-verify/02-accessibility-ai-ux-standard.md,210,210,merge,IMPL-ASYNC-AI-UI-STATES,,,
RULE-W5-003-167,SRC-W5-003,docs/W5-verify/02-accessibility-ai-ux-standard.md,210,210,merge,IMPL-ASYNC-AI-UI-STATES,,,
RULE-W5-003-168,SRC-W5-003,docs/W5-verify/02-accessibility-ai-ux-standard.md,210,210,merge,IMPL-ASYNC-AI-UI-STATES,,,
RULE-W5-003-169,SRC-W5-003,docs/W5-verify/02-accessibility-ai-ux-standard.md,210,210,merge,IMPL-ASYNC-AI-UI-STATES,,,
RULE-W5-003-170,SRC-W5-003,docs/W5-verify/02-accessibility-ai-ux-standard.md,210,210,merge,IMPL-ASYNC-AI-UI-STATES,,,
RULE-W5-003-171,SRC-W5-003,docs/W5-verify/02-accessibility-ai-ux-standard.md,210,210,merge,IMPL-ASYNC-AI-UI-STATES,,,
RULE-W5-003-172,SRC-W5-003,docs/W5-verify/02-accessibility-ai-ux-standard.md,210,210,merge,IMPL-ASYNC-AI-UI-STATES,,,
RULE-W5-003-173,SRC-W5-003,docs/W5-verify/02-accessibility-ai-ux-standard.md,211,211,merge,IMPL-USER-CONTROL-AUDIT-FIELDS,,,
RULE-W5-003-174,SRC-W5-003,docs/W5-verify/02-accessibility-ai-ux-standard.md,211,211,merge,IMPL-USER-CONTROL-AUDIT-FIELDS,,,
RULE-W5-003-175,SRC-W5-003,docs/W5-verify/02-accessibility-ai-ux-standard.md,211,211,merge,IMPL-USER-CONTROL-AUDIT-FIELDS,,,
RULE-W5-003-176,SRC-W5-003,docs/W5-verify/02-accessibility-ai-ux-standard.md,211,211,merge,IMPL-USER-CONTROL-AUDIT-FIELDS,,,
RULE-W5-003-177,SRC-W5-003,docs/W5-verify/02-accessibility-ai-ux-standard.md,211,211,merge,IMPL-USER-CONTROL-AUDIT-FIELDS,,,
RULE-W5-003-178,SRC-W5-003,docs/W5-verify/02-accessibility-ai-ux-standard.md,211,211,merge,IMPL-USER-CONTROL-AUDIT-FIELDS,,,
RULE-W5-003-179,SRC-W5-003,docs/W5-verify/02-accessibility-ai-ux-standard.md,212,212,rewrite,TECH-182-DATABASE-TABLE-SCHEMA-S01,,,
RULE-W5-003-180,SRC-W5-003,docs/W5-verify/02-accessibility-ai-ux-standard.md,212,212,merge,TECH-182-DATABASE-TABLE-SCHEMA-S01,,,
RULE-W5-003-181,SRC-W5-003,docs/W5-verify/02-accessibility-ai-ux-standard.md,212,212,merge,TECH-182-DATABASE-TABLE-SCHEMA-S01,,,
RULE-W5-003-182,SRC-W5-003,docs/W5-verify/02-accessibility-ai-ux-standard.md,212,212,merge,TECH-182-DATABASE-TABLE-SCHEMA-S01,,,
RULE-W5-003-183,SRC-W5-003,docs/W5-verify/02-accessibility-ai-ux-standard.md,216,216,merge,IMPL-COMPLEX-UI-STATE-MACHINE,,,
RULE-W5-003-184,SRC-W5-003,docs/W5-verify/02-accessibility-ai-ux-standard.md,216,216,merge,IMPL-COMPLEX-UI-STATE-MACHINE,,,
RULE-W5-003-185,SRC-W5-003,docs/W5-verify/02-accessibility-ai-ux-standard.md,216,216,merge,EXPERIENCE-COMPONENT-CHOICE,,,
RULE-W5-003-186,SRC-W5-003,docs/W5-verify/02-accessibility-ai-ux-standard.md,217,217,merge,IMPL-PAGE-SEMANTIC-STRUCTURE,,,
RULE-W5-003-187,SRC-W5-003,docs/W5-verify/02-accessibility-ai-ux-standard.md,217,217,merge,IMPL-FRONTEND-SEMANTIC-TOKENS,,,
RULE-W5-003-188,SRC-W5-003,docs/W5-verify/02-accessibility-ai-ux-standard.md,217,217,merge,IMPL-FRONTEND-SEMANTIC-TOKENS,,,
RULE-W5-003-189,SRC-W5-003,docs/W5-verify/02-accessibility-ai-ux-standard.md,218,218,merge,VERIFY-EVIDENCE-ARTIFACT-W5-003-L218,,,
RULE-W5-003-190,SRC-W5-003,docs/W5-verify/02-accessibility-ai-ux-standard.md,218,218,merge,VERIFY-EVIDENCE-ARTIFACT-W5-003-L218,,,
RULE-W5-003-191,SRC-W5-003,docs/W5-verify/02-accessibility-ai-ux-standard.md,218,218,merge,VERIFY-EVIDENCE-ARTIFACT-W5-003-L218,,,
RULE-W5-003-192,SRC-W5-003,docs/W5-verify/02-accessibility-ai-ux-standard.md,218,218,merge,VERIFY-EVIDENCE-ARTIFACT-W5-003-L218,,,
RULE-W5-003-193,SRC-W5-003,docs/W5-verify/02-accessibility-ai-ux-standard.md,218,218,merge,VERIFY-EVIDENCE-ARTIFACT-W5-003-L218,,,
RULE-W5-003-194,SRC-W5-003,docs/W5-verify/02-accessibility-ai-ux-standard.md,218,218,merge,VERIFY-EVIDENCE-ARTIFACT-W5-003-L218,,,
RULE-W5-003-195,SRC-W5-003,docs/W5-verify/02-accessibility-ai-ux-standard.md,219,219,merge,IMPL-INTERACTIVE-A11Y-BASICS,,,
RULE-W5-003-196,SRC-W5-003,docs/W5-verify/02-accessibility-ai-ux-standard.md,219,219,merge,IMPL-OVERLAY-FOCUS-BEHAVIOR,,,
RULE-W5-003-197,SRC-W5-003,docs/W5-verify/02-accessibility-ai-ux-standard.md,219,219,merge,IMPL-OVERLAY-FOCUS-BEHAVIOR,,,
RULE-W5-003-198,SRC-W5-003,docs/W5-verify/02-accessibility-ai-ux-standard.md,219,219,merge,IMPL-OVERLAY-FOCUS-BEHAVIOR,,,
RULE-W5-003-199,SRC-W5-003,docs/W5-verify/02-accessibility-ai-ux-standard.md,220,220,merge,IMPL-PAGE-SEMANTIC-STRUCTURE,,,
RULE-W5-003-200,SRC-W5-003,docs/W5-verify/02-accessibility-ai-ux-standard.md,220,220,merge,IMPL-PAGE-SEMANTIC-STRUCTURE,,,
RULE-W5-003-201,SRC-W5-003,docs/W5-verify/02-accessibility-ai-ux-standard.md,220,220,merge,IMPL-PAGE-SEMANTIC-STRUCTURE,,,
RULE-W5-003-202,SRC-W5-003,docs/W5-verify/02-accessibility-ai-ux-standard.md,220,220,merge,IMPL-PAGE-SEMANTIC-STRUCTURE,,,
RULE-W5-003-203,SRC-W5-003,docs/W5-verify/02-accessibility-ai-ux-standard.md,220,220,merge,IMPL-PAGE-SEMANTIC-STRUCTURE,,,
RULE-W5-003-204,SRC-W5-003,docs/W5-verify/02-accessibility-ai-ux-standard.md,220,220,merge,IMPL-PAGE-SEMANTIC-STRUCTURE,,,
RULE-W5-003-205,SRC-W5-003,docs/W5-verify/02-accessibility-ai-ux-standard.md,221,221,merge,EXPERIENCE-STATUS-REDUNDANCY,,,
RULE-W5-003-206,SRC-W5-003,docs/W5-verify/02-accessibility-ai-ux-standard.md,221,221,merge,EXPERIENCE-STATUS-REDUNDANCY,,,
RULE-W5-003-207,SRC-W5-003,docs/W5-verify/02-accessibility-ai-ux-standard.md,222,222,merge,IMPL-REDUCED-MOTION,,,
RULE-W5-003-208,SRC-W5-003,docs/W5-verify/02-accessibility-ai-ux-standard.md,222,222,merge,EXPERIENCE-STATUS-REDUNDANCY,,,
RULE-W5-003-209,SRC-W5-003,docs/W5-verify/02-accessibility-ai-ux-standard.md,223,223,merge,VERIFY-EVIDENCE-NORM-W5-003-L223,,,
RULE-W5-003-210,SRC-W5-003,docs/W5-verify/02-accessibility-ai-ux-standard.md,223,223,merge,VERIFY-EVIDENCE-NORM-W5-003-L223,,,
RULE-W5-003-211,SRC-W5-003,docs/W5-verify/02-accessibility-ai-ux-standard.md,223,223,merge,VERIFY-EVIDENCE-NORM-W5-003-L223,,,
RULE-W5-003-212,SRC-W5-003,docs/W5-verify/02-accessibility-ai-ux-standard.md,223,223,merge,VERIFY-EVIDENCE-NORM-W5-003-L223,,,
RULE-W5-003-213,SRC-W5-003,docs/W5-verify/02-accessibility-ai-ux-standard.md,227,227,rewrite,VERIFY-ACCESSIBILITY-AI-UX-W5-003-L227,,,
RULE-W5-003-214,SRC-W5-003,docs/W5-verify/02-accessibility-ai-ux-standard.md,228,228,merge,EXPERIENCE-AI-CORRECTION-CONTROLS,,,
RULE-W5-003-215,SRC-W5-003,docs/W5-verify/02-accessibility-ai-ux-standard.md,228,228,merge,EXPERIENCE-AI-DISCLOSURE,,,
RULE-W5-003-216,SRC-W5-003,docs/W5-verify/02-accessibility-ai-ux-standard.md,229,229,merge,IMPL-AI-USER-ACTION-RECOVERY,,,
RULE-W5-003-217,SRC-W5-003,docs/W5-verify/02-accessibility-ai-ux-standard.md,229,229,merge,IMPL-AI-USER-ACTION-RECOVERY,,,
RULE-W5-003-218,SRC-W5-003,docs/W5-verify/02-accessibility-ai-ux-standard.md,229,229,merge,IMPL-AI-USER-ACTION-RECOVERY,,,
RULE-W5-003-219,SRC-W5-003,docs/W5-verify/02-accessibility-ai-ux-standard.md,229,229,merge,IMPL-AI-USER-ACTION-RECOVERY,,,
RULE-W5-003-220,SRC-W5-003,docs/W5-verify/02-accessibility-ai-ux-standard.md,229,229,merge,IMPL-AI-USER-ACTION-RECOVERY,,,
RULE-W5-003-221,SRC-W5-003,docs/W5-verify/02-accessibility-ai-ux-standard.md,229,229,merge,IMPL-AI-USER-ACTION-RECOVERY,,,
RULE-W5-003-222,SRC-W5-003,docs/W5-verify/02-accessibility-ai-ux-standard.md,229,229,merge,IMPL-AI-USER-ACTION-RECOVERY,,,
RULE-W5-003-223,SRC-W5-003,docs/W5-verify/02-accessibility-ai-ux-standard.md,230,230,merge,EXPERIENCE-HIGH-IMPACT-AI,,,
RULE-W5-003-224,SRC-W5-003,docs/W5-verify/02-accessibility-ai-ux-standard.md,231,231,rewrite,EVALUATION-AI-FEEDBACK-001,,,
RULE-W5-003-225,SRC-W5-003,docs/W5-verify/02-accessibility-ai-ux-standard.md,237,237,merge,EXPERIENCE-ACCESSIBILITY-BASELINE,,,
RULE-W5-003-226,SRC-W5-003,docs/W5-verify/02-accessibility-ai-ux-standard.md,238,238,merge,EXPERIENCE-COMPONENT-CHOICE,,,
RULE-W5-003-227,SRC-W5-003,docs/W5-verify/02-accessibility-ai-ux-standard.md,239,239,merge,EXPERIENCE-HIGH-IMPACT-AI,,,
RULE-W5-003-228,SRC-W5-003,docs/W5-verify/02-accessibility-ai-ux-standard.md,240,240,rewrite,EXPERIENCE-AI-TRANSPARENCY-APPROVAL,,,
RULE-W5-003-229,SRC-W5-003,docs/W5-verify/02-accessibility-ai-ux-standard.md,241,241,merge,EXPERIENCE-TRUSTWORTHY-INTERACTION,,,
RULE-W5-003-230,SRC-W5-003,docs/W5-verify/02-accessibility-ai-ux-standard.md,242,242,rewrite,EXPERIENCE-SENSITIVE-DATA-APPROVAL,,,
RULE-W5-003-231,SRC-W5-003,docs/W5-verify/02-accessibility-ai-ux-standard.md,243,243,merge,EXPERIENCE-TRUSTWORTHY-INTERACTION;EXPERIENCE-VISUAL-UX-HIGH-FIDELITY,,,
RULE-W5-003-232,SRC-W5-003,docs/W5-verify/02-accessibility-ai-ux-standard.md,245,245,rewrite,VERIFY-EVIDENCE-DETAIL-W5-003-L245,,,
RULE-W5-004-001,SRC-W5-004,docs/W5-verify/03-operational-risk-verification-standard.md,3,3,rewrite,VERIFY-OPERATIONAL-RISK-VERIFICATION-W5-004-L003,,,
RULE-W5-004-002,SRC-W5-004,docs/W5-verify/03-operational-risk-verification-standard.md,3,3,merge,VERIFY-TEST-QUALITY-GENERAL-W5-002-L003,,,
RULE-W5-004-003,SRC-W5-004,docs/W5-verify/03-operational-risk-verification-standard.md,7,7,rewrite,VERIFY-OPERATIONAL-RISK-VERIFICATION-W5-004-L007,,,
RULE-W5-004-004,SRC-W5-004,docs/W5-verify/03-operational-risk-verification-standard.md,9,9,merge,VERIFY-EVIDENCE-NORM-W5-001-L007,,,
RULE-W5-004-005,SRC-W5-004,docs/W5-verify/03-operational-risk-verification-standard.md,13,13,merge,VERIFY-EVIDENCE-W5-004-L013,,,
RULE-W5-004-006,SRC-W5-004,docs/W5-verify/03-operational-risk-verification-standard.md,13,13,merge,VERIFY-EVIDENCE-W5-004-L013,,,
RULE-W5-004-007,SRC-W5-004,docs/W5-verify/03-operational-risk-verification-standard.md,15,15,rewrite,VERIFY-EVIDENCE-W5-004-L015,,,
RULE-W5-004-008,SRC-W5-004,docs/W5-verify/03-operational-risk-verification-standard.md,19,19,rewrite,VERIFY-EVIDENCE-W5-004-L019,,,
RULE-W5-004-009,SRC-W5-004,docs/W5-verify/03-operational-risk-verification-standard.md,20,20,rewrite,VERIFY-EVIDENCE-W5-004-L020,,,
RULE-W5-004-010,SRC-W5-004,docs/W5-verify/03-operational-risk-verification-standard.md,21,21,merge,IMPL-IMPLEMENTATION-FIX-RETURN,,,
RULE-W5-004-011,SRC-W5-004,docs/W5-verify/03-operational-risk-verification-standard.md,25,25,rewrite,VERIFY-OPERATIONAL-RISK-VERIFICATION-W5-004-L025,,,
RULE-W5-004-012,SRC-W5-004,docs/W5-verify/03-operational-risk-verification-standard.md,29,29,rewrite,VERIFY-OPERATIONAL-RISK-VERIFICATION-W5-004-L029,,,
RULE-W5-004-013,SRC-W5-004,docs/W5-verify/03-operational-risk-verification-standard.md,30,30,rewrite,VERIFY-PERFORMANCE-RESILIENCE-W5-004-L030,,,
RULE-W5-004-014,SRC-W5-004,docs/W5-verify/03-operational-risk-verification-standard.md,31,31,rewrite,VERIFY-PERFORMANCE-RESILIENCE-W5-004-L031,,,
RULE-W5-004-015,SRC-W5-004,docs/W5-verify/03-operational-risk-verification-standard.md,32,32,rewrite,VERIFY-OPERATIONAL-RISK-VERIFICATION-W5-004-L032,,,
RULE-W5-004-016,SRC-W5-004,docs/W5-verify/03-operational-risk-verification-standard.md,33,33,rewrite,VERIFY-OPERATIONAL-RISK-VERIFICATION-W5-004-L033,,,
RULE-W5-004-017,SRC-W5-004,docs/W5-verify/03-operational-risk-verification-standard.md,34,34,rewrite,VERIFY-OPERATIONAL-RISK-VERIFICATION-W5-004-L034,,,
RULE-W5-004-018,SRC-W5-004,docs/W5-verify/03-operational-risk-verification-standard.md,39,39,merge,VERIFY-EVIDENCE-W5-004-L039,,,
RULE-W5-004-019,SRC-W5-004,docs/W5-verify/03-operational-risk-verification-standard.md,39,39,merge,VERIFY-EVIDENCE-W5-004-L039,,,
RULE-W5-004-020,SRC-W5-004,docs/W5-verify/03-operational-risk-verification-standard.md,40,40,merge,VERIFY-OPERATIONAL-RISK-VERIFICATION-W5-004-L040,,,
RULE-W5-004-021,SRC-W5-004,docs/W5-verify/03-operational-risk-verification-standard.md,40,40,merge,VERIFY-OPERATIONAL-RISK-VERIFICATION-W5-004-L040,,,
RULE-W5-004-022,SRC-W5-004,docs/W5-verify/03-operational-risk-verification-standard.md,40,40,merge,VERIFY-OPERATIONAL-RISK-VERIFICATION-W5-004-L040,,,
RULE-W5-004-023,SRC-W5-004,docs/W5-verify/03-operational-risk-verification-standard.md,40,40,merge,VERIFY-OPERATIONAL-RISK-VERIFICATION-W5-004-L040,,,
RULE-W5-004-024,SRC-W5-004,docs/W5-verify/03-operational-risk-verification-standard.md,40,40,rewrite,VERIFY-AI-MODEL-ROUTING-FP-W5-004-L040,,,
RULE-W5-004-025,SRC-W5-004,docs/W5-verify/03-operational-risk-verification-standard.md,40,40,rewrite,VERIFY-API-CONTRACT-ERROR-MODEL-FP-W5-004-L040,,,
RULE-W5-004-026,SRC-W5-004,docs/W5-verify/03-operational-risk-verification-standard.md,41,41,merge,VERIFY-ASYNC-JOB-WORKER-FP-W5-004-L041,,,
RULE-W5-004-027,SRC-W5-004,docs/W5-verify/03-operational-risk-verification-standard.md,41,41,merge,VERIFY-ASYNC-JOB-WORKER-FP-W5-004-L041,,,
RULE-W5-004-028,SRC-W5-004,docs/W5-verify/03-operational-risk-verification-standard.md,41,41,merge,VERIFY-ASYNC-JOB-WORKER-FP-W5-004-L041,,,
RULE-W5-004-029,SRC-W5-004,docs/W5-verify/03-operational-risk-verification-standard.md,41,41,merge,VERIFY-ASYNC-JOB-WORKER-FP-W5-004-L041,,,
RULE-W5-004-030,SRC-W5-004,docs/W5-verify/03-operational-risk-verification-standard.md,41,41,merge,VERIFY-ASYNC-JOB-WORKER-FP-W5-004-L041,,,
RULE-W5-004-031,SRC-W5-004,docs/W5-verify/03-operational-risk-verification-standard.md,41,41,rewrite,VERIFY-RETRY-FALLBACK-RESILIENCE-FP-W5-004-L041,,,
RULE-W5-004-032,SRC-W5-004,docs/W5-verify/03-operational-risk-verification-standard.md,41,41,merge,VERIFY-ASYNC-JOB-WORKER-FP-W5-004-L041,,,
RULE-W5-004-033,SRC-W5-004,docs/W5-verify/03-operational-risk-verification-standard.md,42,42,merge,VERIFY-EVIDENCE-W5-004-L042,,,
RULE-W5-004-034,SRC-W5-004,docs/W5-verify/03-operational-risk-verification-standard.md,42,42,merge,VERIFY-EVIDENCE-W5-004-L042,,,
RULE-W5-004-035,SRC-W5-004,docs/W5-verify/03-operational-risk-verification-standard.md,43,43,rewrite,VERIFY-EVIDENCE-W5-004-L043,,,
RULE-W5-004-036,SRC-W5-004,docs/W5-verify/03-operational-risk-verification-standard.md,44,44,merge,VERIFY-EVIDENCE-W5-004-L044,,,
RULE-W5-004-037,SRC-W5-004,docs/W5-verify/03-operational-risk-verification-standard.md,44,44,merge,VERIFY-EVIDENCE-W5-004-L044,,,
RULE-W5-004-038,SRC-W5-004,docs/W5-verify/03-operational-risk-verification-standard.md,44,44,merge,VERIFY-EVIDENCE-W5-004-L044,,,
RULE-W5-004-039,SRC-W5-004,docs/W5-verify/03-operational-risk-verification-standard.md,48,48,rewrite,VERIFY-PERFORMANCE-RESILIENCE-W5-004-L048,,,
RULE-W5-004-040,SRC-W5-004,docs/W5-verify/03-operational-risk-verification-standard.md,49,49,rewrite,VERIFY-EVIDENCE-W5-004-L049,,,
RULE-W5-004-041,SRC-W5-004,docs/W5-verify/03-operational-risk-verification-standard.md,50,50,rewrite,VERIFY-EVIDENCE-W5-004-L050,,,
RULE-W5-004-042,SRC-W5-004,docs/W5-verify/03-operational-risk-verification-standard.md,51,51,rewrite,TECH-244-RETRY-FALLBACK-RESILIENCE-S01,,,
RULE-W5-004-043,SRC-W5-004,docs/W5-verify/03-operational-risk-verification-standard.md,51,51,merge,TECH-244-RETRY-FALLBACK-RESILIENCE-S01,,,
RULE-W5-004-044,SRC-W5-004,docs/W5-verify/03-operational-risk-verification-standard.md,51,51,merge,TECH-244-RETRY-FALLBACK-RESILIENCE-S01,,,
RULE-W5-004-045,SRC-W5-004,docs/W5-verify/03-operational-risk-verification-standard.md,51,51,rewrite,VERIFY-BACKUP-RESTORE-RECOVERY-FP-W5-004-L051,,,
RULE-W5-004-046,SRC-W5-004,docs/W5-verify/03-operational-risk-verification-standard.md,52,52,rewrite,VERIFY-PERFORMANCE-RESILIENCE-W5-004-L052,,,
RULE-W5-004-047,SRC-W5-004,docs/W5-verify/03-operational-risk-verification-standard.md,56,56,rewrite,VERIFY-PLANNING-GOVERNANCE-ROUTING-FP-W5-004-L056,,,
RULE-W5-004-048,SRC-W5-004,docs/W5-verify/03-operational-risk-verification-standard.md,57,57,rewrite,VERIFY-EVIDENCE-W5-004-L057,,,
RULE-W5-004-049,SRC-W5-004,docs/W5-verify/03-operational-risk-verification-standard.md,58,58,rewrite,VERIFY-OPERATIONAL-RISK-VERIFICATION-W5-004-L058,,,
RULE-W5-004-050,SRC-W5-004,docs/W5-verify/03-operational-risk-verification-standard.md,59,59,rewrite,VERIFY-OPERATIONAL-RISK-VERIFICATION-W5-004-L059,,,
RULE-W5-004-051,SRC-W5-004,docs/W5-verify/03-operational-risk-verification-standard.md,60,60,rewrite,VERIFY-PLANNING-GOVERNANCE-ROUTING-FP-W5-004-L060,,,
RULE-W5-004-052,SRC-W5-004,docs/W5-verify/03-operational-risk-verification-standard.md,64,64,rewrite,VERIFY-EVIDENCE-W5-004-L064,,,
RULE-W5-004-053,SRC-W5-004,docs/W5-verify/03-operational-risk-verification-standard.md,68,68,merge,RELEASE-GATE-001,,,
RULE-W6-001-001,SRC-W6-001,docs/W6-release/00-main.md,3,3,supersede,RELEASE-SCOPE-003,,,
RULE-W6-001-002,SRC-W6-001,docs/W6-release/00-main.md,3,3,supersede,RELEASE-SCOPE-003,,,
RULE-W6-001-003,SRC-W6-001,docs/W6-release/00-main.md,7,7,supersede,RELEASE-SCOPE-001,,,
RULE-W6-001-004,SRC-W6-001,docs/W6-release/00-main.md,7,7,supersede,RELEASE-SCOPE-003,,,
RULE-W6-001-005,SRC-W6-001,docs/W6-release/00-main.md,9,9,merge,RELEASE-SCOPE-001,,,
RULE-W6-001-006,SRC-W6-001,docs/W6-release/00-main.md,11,11,merge,VERIFY-EVIDENCE-W6-001-L011,,,
RULE-W6-001-007,SRC-W6-001,docs/W6-release/00-main.md,11,11,merge,IMPL-IMPLEMENTATION-FIX-RETURN,,,
RULE-W6-001-008,SRC-W6-001,docs/W6-release/00-main.md,11,11,merge,RELEASE-SCOPE-002,,,
RULE-W6-001-009,SRC-W6-001,docs/W6-release/00-main.md,11,11,merge,VERIFY-EVIDENCE-W6-001-L011,,,
RULE-W6-001-010,SRC-W6-001,docs/W6-release/00-main.md,17,17,supersede,RELEASE-SCOPE-001,,,
RULE-W6-001-011,SRC-W6-001,docs/W6-release/00-main.md,18,18,supersede,RELEASE-CUSTOMER-001,,,
RULE-W6-001-012,SRC-W6-001,docs/W6-release/00-main.md,19,19,supersede,RELEASE-CLAIM-001,,,
RULE-W6-001-013,SRC-W6-001,docs/W6-release/00-main.md,20,20,supersede,RELEASE-COMMERCIAL-001,,,
RULE-W6-001-014,SRC-W6-001,docs/W6-release/00-main.md,24,24,supersede,RELEASE-SCOPE-002,,,
RULE-W6-001-015,SRC-W6-001,docs/W6-release/00-main.md,25,25,merge,DEFINITION-PRODUCT-ROUTING,,,
RULE-W6-001-016,SRC-W6-001,docs/W6-release/00-main.md,26,26,supersede,RELEASE-SCOPE-002,,,
RULE-W6-001-017,SRC-W6-001,docs/W6-release/00-main.md,27,27,rewrite,VERIFY-EVIDENCE-W6-001-L027,,,
RULE-W6-001-018,SRC-W6-001,docs/W6-release/00-main.md,28,28,merge,IMPL-IMPLEMENTATION-FIX-RETURN,,,
RULE-W6-001-019,SRC-W6-001,docs/W6-release/00-main.md,29,29,rewrite,VERIFY-EVIDENCE-W6-001-L029,,,
RULE-W6-001-020,SRC-W6-001,docs/W6-release/00-main.md,35,35,rewrite,RELEASE-DECISION-001,,,
RULE-W6-001-021,SRC-W6-001,docs/W6-release/00-main.md,36,36,merge,RELEASE-EVIDENCE-001,,,
RULE-W6-001-022,SRC-W6-001,docs/W6-release/00-main.md,36,36,merge,RELEASE-EVIDENCE-001,,,
RULE-W6-001-023,SRC-W6-001,docs/W6-release/00-main.md,36,36,merge,RELEASE-EVIDENCE-001,,,
RULE-W6-001-024,SRC-W6-001,docs/W6-release/00-main.md,36,36,merge,RELEASE-EVIDENCE-001,,,
RULE-W6-001-025,SRC-W6-001,docs/W6-release/00-main.md,36,36,merge,RELEASE-EVIDENCE-001,,,
RULE-W6-001-026,SRC-W6-001,docs/W6-release/00-main.md,36,36,merge,RELEASE-EVIDENCE-001,,,
RULE-W6-001-027,SRC-W6-001,docs/W6-release/00-main.md,36,36,merge,RELEASE-EVIDENCE-001,,,
RULE-W6-001-028,SRC-W6-001,docs/W6-release/00-main.md,37,37,merge,RELEASE-CUSTOMER-016,,,
RULE-W6-001-029,SRC-W6-001,docs/W6-release/00-main.md,38,38,merge,RELEASE-CLAIM-001,,,
RULE-W6-001-030,SRC-W6-001,docs/W6-release/00-main.md,39,39,merge,RELEASE-COMMERCIAL-001,,,
RULE-W6-001-031,SRC-W6-001,docs/W6-release/00-main.md,40,40,merge,RELEASE-HANDOFF-001,,,
RULE-W6-001-032,SRC-W6-001,docs/W6-release/00-main.md,46,46,merge,RELEASE-GATE-004,,,
RULE-W6-001-033,SRC-W6-001,docs/W6-release/00-main.md,50,50,merge,RELEASE-GATE-003,,,
RULE-W6-001-034,SRC-W6-001,docs/W6-release/00-main.md,51,51,merge,RELEASE-GATE-003,,,
RULE-W6-001-035,SRC-W6-001,docs/W6-release/00-main.md,52,52,merge,RELEASE-CLAIM-005,,,
RULE-W6-001-036,SRC-W6-001,docs/W6-release/00-main.md,53,53,merge,RELEASE-COMMERCIAL-001,,,
RULE-W6-001-037,SRC-W6-001,docs/W6-release/00-main.md,54,54,merge,RELEASE-CUSTOMER-012,,,
RULE-W6-001-038,SRC-W6-001,docs/W6-release/00-main.md,55,55,split,RELEASE-GATE-002;RELEASE-ROLLBACK-001;RELEASE-CUSTOMER-016;RELEASE-CUSTOMER-012;RELEASE-CUSTOMER-018,,,
RULE-W6-001-039,SRC-W6-001,docs/W6-release/00-main.md,56,56,merge,RELEASE-GATE-003,,,
RULE-W6-001-040,SRC-W6-001,docs/W6-release/00-main.md,60,60,supersede,RELEASE-SCOPE-003,,,
RULE-W6-001-041,SRC-W6-001,docs/W6-release/00-main.md,62,62,supersede,RELEASE-SCOPE-003,,,
RULE-W6-001-042,SRC-W6-001,docs/W6-release/00-main.md,63,63,supersede,RELEASE-SCOPE-003,,,
RULE-W6-001-043,SRC-W6-001,docs/W6-release/00-main.md,64,64,supersede,RELEASE-SCOPE-003,,,
RULE-W6-001-044,SRC-W6-001,docs/W6-release/00-main.md,65,65,merge,RELEASE-COMMERCIAL-001,,,
RULE-W6-001-045,SRC-W6-001,docs/W6-release/00-main.md,65,65,merge,RELEASE-COMMERCIAL-001,,,
RULE-W6-001-046,SRC-W6-001,docs/W6-release/00-main.md,69,69,merge,IMPL-IMPLEMENTATION-FIX-RETURN,,,
RULE-W6-001-047,SRC-W6-001,docs/W6-release/00-main.md,70,70,rewrite,VERIFY-EVIDENCE-W6-001-L070,,,
RULE-W6-001-048,SRC-W6-001,docs/W6-release/00-main.md,71,71,rewrite,VERIFY-EVIDENCE-W6-001-L071,,,
RULE-W6-001-049,SRC-W6-001,docs/W6-release/00-main.md,72,72,merge,RELEASE-HANDOFF-001,,,
RULE-W6-001-050,SRC-W6-001,docs/W6-release/00-main.md,76,76,merge,RELEASE-HANDOFF-001,,,
RULE-W6-001-051,SRC-W6-001,docs/W6-release/00-main.md,78,78,merge,RELEASE-EVIDENCE-001,,,
RULE-W6-001-052,SRC-W6-001,docs/W6-release/00-main.md,78,78,merge,RELEASE-EVIDENCE-001,,,
RULE-W6-001-053,SRC-W6-001,docs/W6-release/00-main.md,78,78,merge,RELEASE-EVIDENCE-001,,,
RULE-W6-001-054,SRC-W6-001,docs/W6-release/00-main.md,78,78,merge,RELEASE-EVIDENCE-001,,,
RULE-W6-001-055,SRC-W6-001,docs/W6-release/00-main.md,78,78,merge,RELEASE-EVIDENCE-001,,,
RULE-W6-001-056,SRC-W6-001,docs/W6-release/00-main.md,78,78,merge,RELEASE-EVIDENCE-001,,,
RULE-W6-001-057,SRC-W6-001,docs/W6-release/00-main.md,78,78,merge,RELEASE-EVIDENCE-001,,,
RULE-W6-001-058,SRC-W6-001,docs/W6-release/00-main.md,79,79,merge,RELEASE-GATE-002,,,
RULE-W6-001-059,SRC-W6-001,docs/W6-release/00-main.md,80,80,merge,RELEASE-CUSTOMER-016,,,
RULE-W6-001-060,SRC-W6-001,docs/W6-release/00-main.md,80,80,merge,RELEASE-CUSTOMER-016,,,
RULE-W6-001-061,SRC-W6-001,docs/W6-release/00-main.md,80,80,merge,RELEASE-CUSTOMER-016,,,
RULE-W6-001-062,SRC-W6-001,docs/W6-release/00-main.md,80,80,split,RELEASE-CUSTOMER-012;RELEASE-CUSTOMER-018,,,
RULE-W6-001-063,SRC-W6-001,docs/W6-release/00-main.md,81,81,rewrite,VERIFY-EVIDENCE-W6-001-L081,,,
RULE-W6-001-064,SRC-W6-001,docs/W6-release/00-main.md,81,81,merge,RELEASE-CLAIM-004,,,
RULE-W6-001-065,SRC-W6-001,docs/W6-release/00-main.md,81,81,merge,RELEASE-CLAIM-004,,,
RULE-W6-001-066,SRC-W6-001,docs/W6-release/00-main.md,81,81,merge,RELEASE-CLAIM-004,,,
RULE-W6-001-067,SRC-W6-001,docs/W6-release/00-main.md,81,81,merge,RELEASE-CLAIM-004,,,
RULE-W6-001-068,SRC-W6-001,docs/W6-release/00-main.md,81,81,merge,RELEASE-CLAIM-007,,,
RULE-W6-001-069,SRC-W6-001,docs/W6-release/00-main.md,82,82,merge,RELEASE-COMMERCIAL-001,,,
RULE-W6-001-070,SRC-W6-001,docs/W6-release/00-main.md,82,82,rewrite,VERIFY-EVIDENCE-W6-001-L082,,,
RULE-W6-001-071,SRC-W6-001,docs/W6-release/00-main.md,82,82,merge,RELEASE-COMMERCIAL-001,,,
RULE-W6-001-072,SRC-W6-001,docs/W6-release/00-main.md,82,82,merge,RELEASE-COMMERCIAL-001,,,
RULE-W6-001-073,SRC-W6-001,docs/W6-release/00-main.md,83,83,merge,OPERATION-HANDOFF-001,,,
RULE-W6-001-074,SRC-W6-001,docs/W6-release/00-main.md,83,83,merge,RELEASE-HANDOFF-001,,,
RULE-W6-001-075,SRC-W6-001,docs/W6-release/00-main.md,83,83,merge,OPERATION-HANDOFF-001,,,
RULE-W6-001-076,SRC-W6-001,docs/W6-release/00-main.md,83,83,merge,RELEASE-HANDOFF-001,,,
RULE-W6-001-077,SRC-W6-001,docs/W6-release/00-main.md,83,83,merge,RELEASE-HANDOFF-001,,,
RULE-W6-001-078,SRC-W6-001,docs/W6-release/00-main.md,83,83,merge,RELEASE-HANDOFF-001,,,
RULE-W6-001-079,SRC-W6-001,docs/W6-release/00-main.md,83,83,merge,RELEASE-HANDOFF-001,,,
RULE-W6-001-080,SRC-W6-001,docs/W6-release/00-main.md,87,87,merge,RELEASE-HANDOFF-001,,,
RULE-W6-001-081,SRC-W6-001,docs/W6-release/00-main.md,88,88,merge,RELEASE-HANDOFF-001,,,
RULE-W6-001-082,SRC-W6-001,docs/W6-release/00-main.md,89,89,rewrite,VERIFY-EVIDENCE-W6-001-L089,,,
RULE-W6-001-083,SRC-W6-001,docs/W6-release/00-main.md,90,90,merge,IMPL-IMPLEMENTATION-FIX-RETURN,,,
RULE-W6-001-084,SRC-W6-001,docs/W6-release/00-main.md,91,91,supersede,RELEASE-SCOPE-002,,,
RULE-W6-001-085,SRC-W6-001,docs/W6-release/00-main.md,92,92,rewrite,VERIFY-AI-EVAL-FIXTURE-W6-001-L092,,,
RULE-W6-001-086,SRC-W6-001,docs/W6-release/00-main.md,96,96,merge,VERIFY-WORKFLOW-SINGLE-MAIN-ENTRY,,,
RULE-W6-001-087,SRC-W6-001,docs/W6-release/00-main.md,97,97,merge,VERIFY-WORKFLOW-SPECIALTY-TRIGGERED,,,
RULE-W6-001-088,SRC-W6-001,docs/W6-release/00-main.md,98,98,merge,VERIFY-WORKFLOW-NAVIGATION-CONSISTENCY,,,
RULE-W6-001-089,SRC-W6-001,docs/W6-release/00-main.md,99,99,merge,VERIFY-WORKFLOW-LEGACY-WRAPPER-ABSENCE,,,
RULE-W6-001-090,SRC-W6-001,docs/W6-release/00-main.md,100,100,merge,VERIFY-WORKFLOW-INDEX-COMMAND,,,
RULE-W6-002-001,SRC-W6-002,docs/W6-release/01-release-pipeline-standard.md,3,3,supersede,RELEASE-SCOPE-003,,,
RULE-W6-002-002,SRC-W6-002,docs/W6-release/01-release-pipeline-standard.md,3,3,supersede,RELEASE-SCOPE-003,,,
RULE-W6-002-003,SRC-W6-002,docs/W6-release/01-release-pipeline-standard.md,7,7,supersede,RELEASE-SCOPE-003,,,
RULE-W6-002-004,SRC-W6-002,docs/W6-release/01-release-pipeline-standard.md,9,9,supersede,RELEASE-SCOPE-003,,,
RULE-W6-002-005,SRC-W6-002,docs/W6-release/01-release-pipeline-standard.md,13,13,merge,RELEASE-ARTIFACT-001,,,
RULE-W6-002-006,SRC-W6-002,docs/W6-release/01-release-pipeline-standard.md,13,13,merge,RELEASE-WATCH-002,,,
RULE-W6-002-007,SRC-W6-002,docs/W6-release/01-release-pipeline-standard.md,15,15,merge,RELEASE-GATE-001,,,
RULE-W6-002-008,SRC-W6-002,docs/W6-release/01-release-pipeline-standard.md,19,19,merge,RELEASE-PIPELINE-001,,,
RULE-W6-002-009,SRC-W6-002,docs/W6-release/01-release-pipeline-standard.md,20,20,rewrite,RELEASE-PIPELINE-006,,,
RULE-W6-002-010,SRC-W6-002,docs/W6-release/01-release-pipeline-standard.md,21,21,rewrite,RELEASE-PIPELINE-007,,,
RULE-W6-002-011,SRC-W6-002,docs/W6-release/01-release-pipeline-standard.md,22,22,rewrite,RELEASE-ARTIFACT-003,,,
RULE-W6-002-012,SRC-W6-002,docs/W6-release/01-release-pipeline-standard.md,23,23,split,RELEASE-SUPPLY-001;RELEASE-SUPPLY-002,,,
RULE-W6-002-013,SRC-W6-002,docs/W6-release/01-release-pipeline-standard.md,24,24,split,RELEASE-WATCH-001;RELEASE-WATCH-002;RELEASE-ROLLBACK-001,,,
RULE-W6-002-014,SRC-W6-002,docs/W6-release/01-release-pipeline-standard.md,25,25,rewrite,RELEASE-PIPELINE-008,,,
RULE-W6-002-015,SRC-W6-002,docs/W6-release/01-release-pipeline-standard.md,27,27,supersede,RELEASE-PIPELINE-003,,,
RULE-W6-002-016,SRC-W6-002,docs/W6-release/01-release-pipeline-standard.md,46,46,merge,RELEASE-PIPELINE-004,,,
RULE-W6-002-017,SRC-W6-002,docs/W6-release/01-release-pipeline-standard.md,47,47,merge,RELEASE-ARTIFACT-001,,,
RULE-W6-002-018,SRC-W6-002,docs/W6-release/01-release-pipeline-standard.md,47,47,merge,RELEASE-ARTIFACT-001,,,
RULE-W6-002-019,SRC-W6-002,docs/W6-release/01-release-pipeline-standard.md,48,48,merge,RELEASE-ARTIFACT-002,,,
RULE-W6-002-020,SRC-W6-002,docs/W6-release/01-release-pipeline-standard.md,48,48,merge,RELEASE-ARTIFACT-002,,,
RULE-W6-002-021,SRC-W6-002,docs/W6-release/01-release-pipeline-standard.md,49,49,merge,RELEASE-ARTIFACT-002,,,
RULE-W6-002-022,SRC-W6-002,docs/W6-release/01-release-pipeline-standard.md,49,49,merge,RELEASE-ARTIFACT-002,,,
RULE-W6-002-023,SRC-W6-002,docs/W6-release/01-release-pipeline-standard.md,50,50,rewrite,TECH-265-SECURITY-PRIVACY-S01,,,
RULE-W6-002-024,SRC-W6-002,docs/W6-release/01-release-pipeline-standard.md,50,50,merge,RELEASE-SUPPLY-001,,,
RULE-W6-002-025,SRC-W6-002,docs/W6-release/01-release-pipeline-standard.md,51,51,merge,RELEASE-ARTIFACT-001,,,
RULE-W6-002-026,SRC-W6-002,docs/W6-release/01-release-pipeline-standard.md,51,51,merge,RELEASE-ARTIFACT-001,,,
RULE-W6-002-027,SRC-W6-002,docs/W6-release/01-release-pipeline-standard.md,52,52,merge,RELEASE-GATE-003,,,
RULE-W6-002-028,SRC-W6-002,docs/W6-release/01-release-pipeline-standard.md,52,52,merge,RELEASE-ROLLOUT-001,,,
RULE-W6-002-029,SRC-W6-002,docs/W6-release/01-release-pipeline-standard.md,53,53,merge,RELEASE-PIPELINE-003,,,
RULE-W6-002-030,SRC-W6-002,docs/W6-release/01-release-pipeline-standard.md,61,61,merge,RELEASE-PIPELINE-001,,,
RULE-W6-002-031,SRC-W6-002,docs/W6-release/01-release-pipeline-standard.md,62,62,rewrite,VERIFY-EVIDENCE-W6-002-L062,,,
RULE-W6-002-032,SRC-W6-002,docs/W6-release/01-release-pipeline-standard.md,63,63,merge,RELEASE-PIPELINE-001,,,
RULE-W6-002-033,SRC-W6-002,docs/W6-release/01-release-pipeline-standard.md,64,64,merge,RELEASE-PIPELINE-001,,,
RULE-W6-002-034,SRC-W6-002,docs/W6-release/01-release-pipeline-standard.md,71,71,merge,OPERATION-HANDOFF-001,,,
RULE-W6-002-035,SRC-W6-002,docs/W6-release/01-release-pipeline-standard.md,72,72,merge,RELEASE-PIPELINE-001,,,
RULE-W6-002-036,SRC-W6-002,docs/W6-release/01-release-pipeline-standard.md,73,73,merge,OPERATION-HANDOFF-001,,,
RULE-W6-002-037,SRC-W6-002,docs/W6-release/01-release-pipeline-standard.md,80,80,merge,RELEASE-PIPELINE-004,,,
RULE-W6-002-038,SRC-W6-002,docs/W6-release/01-release-pipeline-standard.md,81,81,merge,RELEASE-PIPELINE-004,,,
RULE-W6-002-039,SRC-W6-002,docs/W6-release/01-release-pipeline-standard.md,82,82,merge,RELEASE-PIPELINE-004,,,
RULE-W6-002-040,SRC-W6-002,docs/W6-release/01-release-pipeline-standard.md,83,83,merge,RELEASE-PIPELINE-004,,,
RULE-W6-002-041,SRC-W6-002,docs/W6-release/01-release-pipeline-standard.md,84,84,merge,RELEASE-PIPELINE-004,,,
RULE-W6-002-042,SRC-W6-002,docs/W6-release/01-release-pipeline-standard.md,85,85,merge,RELEASE-PIPELINE-004,,,
RULE-W6-002-043,SRC-W6-002,docs/W6-release/01-release-pipeline-standard.md,86,86,rewrite,TECH-147-AUTH-TENANT-PERMISSION-S01,,,
RULE-W6-002-044,SRC-W6-002,docs/W6-release/01-release-pipeline-standard.md,88,88,merge,RELEASE-PIPELINE-004,,,
RULE-W6-002-045,SRC-W6-002,docs/W6-release/01-release-pipeline-standard.md,89,89,rewrite,TECH-161-RELEASE-PIPELINE-SECTIONS,,,
RULE-W6-002-046,SRC-W6-002,docs/W6-release/01-release-pipeline-standard.md,90,90,rewrite,TECH-161-RELEASE-BUILD-SCHEMA,,,
RULE-W6-002-047,SRC-W6-002,docs/W6-release/01-release-pipeline-standard.md,91,91,merge,TECH-161-RELEASE-BUILD-SCHEMA,,,
RULE-W6-002-048,SRC-W6-002,docs/W6-release/01-release-pipeline-standard.md,92,92,merge,TECH-161-RELEASE-BUILD-SCHEMA,,,
RULE-W6-002-049,SRC-W6-002,docs/W6-release/01-release-pipeline-standard.md,94,94,merge,RELEASE-PIPELINE-004,,,
RULE-W6-002-050,SRC-W6-002,docs/W6-release/01-release-pipeline-standard.md,95,95,merge,RELEASE-PIPELINE-004,,,
RULE-W6-002-051,SRC-W6-002,docs/W6-release/01-release-pipeline-standard.md,95,95,merge,RELEASE-PIPELINE-004,,,
RULE-W6-002-052,SRC-W6-002,docs/W6-release/01-release-pipeline-standard.md,95,95,merge,RELEASE-PIPELINE-004,,,
RULE-W6-002-053,SRC-W6-002,docs/W6-release/01-release-pipeline-standard.md,104,104,merge,RELEASE-PIPELINE-004,,,
RULE-W6-002-054,SRC-W6-002,docs/W6-release/01-release-pipeline-standard.md,105,105,merge,RELEASE-PIPELINE-004,,,
RULE-W6-002-055,SRC-W6-002,docs/W6-release/01-release-pipeline-standard.md,106,106,merge,RELEASE-PIPELINE-004,,,
RULE-W6-002-056,SRC-W6-002,docs/W6-release/01-release-pipeline-standard.md,107,107,merge,RELEASE-PIPELINE-004,,,
RULE-W6-002-057,SRC-W6-002,docs/W6-release/01-release-pipeline-standard.md,109,109,merge,TECH-161-RELEASE-PIPELINE-SECTIONS,,,
RULE-W6-002-058,SRC-W6-002,docs/W6-release/01-release-pipeline-standard.md,110,110,merge,RELEASE-PIPELINE-004,,,
RULE-W6-002-059,SRC-W6-002,docs/W6-release/01-release-pipeline-standard.md,111,111,merge,RELEASE-PIPELINE-004,,,
RULE-W6-002-060,SRC-W6-002,docs/W6-release/01-release-pipeline-standard.md,112,112,merge,RELEASE-PIPELINE-004,,,
RULE-W6-002-061,SRC-W6-002,docs/W6-release/01-release-pipeline-standard.md,113,113,merge,RELEASE-PIPELINE-004,,,
RULE-W6-002-062,SRC-W6-002,docs/W6-release/01-release-pipeline-standard.md,115,115,merge,RELEASE-PIPELINE-004,,,
RULE-W6-002-063,SRC-W6-002,docs/W6-release/01-release-pipeline-standard.md,116,116,merge,RELEASE-PIPELINE-004,,,
RULE-W6-002-064,SRC-W6-002,docs/W6-release/01-release-pipeline-standard.md,117,117,merge,RELEASE-PIPELINE-004,,,
RULE-W6-002-065,SRC-W6-002,docs/W6-release/01-release-pipeline-standard.md,124,124,merge,RELEASE-PIPELINE-001,,,
RULE-W6-002-066,SRC-W6-002,docs/W6-release/01-release-pipeline-standard.md,125,125,merge,RELEASE-PIPELINE-002,,,
RULE-W6-002-067,SRC-W6-002,docs/W6-release/01-release-pipeline-standard.md,125,125,merge,RELEASE-PIPELINE-005,,,
RULE-W6-002-068,SRC-W6-002,docs/W6-release/01-release-pipeline-standard.md,125,125,rewrite,VERIFY-QUALITY-GATE-W6-002-L125,,,
RULE-W6-002-069,SRC-W6-002,docs/W6-release/01-release-pipeline-standard.md,125,125,merge,RELEASE-PIPELINE-005,,,
RULE-W6-002-070,SRC-W6-002,docs/W6-release/01-release-pipeline-standard.md,125,125,merge,RELEASE-PIPELINE-005,,,
RULE-W6-002-071,SRC-W6-002,docs/W6-release/01-release-pipeline-standard.md,125,125,merge,OPERATION-HANDOFF-001,,,
RULE-W6-002-072,SRC-W6-002,docs/W6-release/01-release-pipeline-standard.md,126,126,rewrite,TECH-161-RELEASE-SMOKE-ROLLBACK-SPECIFICITY,,,
RULE-W6-002-073,SRC-W6-002,docs/W6-release/01-release-pipeline-standard.md,126,126,merge,RELEASE-ROLLBACK-001,,,
RULE-W6-002-074,SRC-W6-002,docs/W6-release/01-release-pipeline-standard.md,126,126,merge,TECH-161-RELEASE-SMOKE-ROLLBACK-SPECIFICITY,,,
RULE-W6-002-075,SRC-W6-002,docs/W6-release/01-release-pipeline-standard.md,127,127,merge,OPERATION-HANDOFF-001,,,
RULE-W6-002-076,SRC-W6-002,docs/W6-release/01-release-pipeline-standard.md,127,127,merge,RELEASE-PIPELINE-001,,,
RULE-W6-002-077,SRC-W6-002,docs/W6-release/01-release-pipeline-standard.md,133,133,merge,RELEASE-PIPELINE-002,,,
RULE-W6-002-078,SRC-W6-002,docs/W6-release/01-release-pipeline-standard.md,133,133,merge,RELEASE-PIPELINE-002,,,
RULE-W6-002-079,SRC-W6-002,docs/W6-release/01-release-pipeline-standard.md,133,133,merge,RELEASE-PIPELINE-002,,,
RULE-W6-002-080,SRC-W6-002,docs/W6-release/01-release-pipeline-standard.md,133,133,merge,RELEASE-PIPELINE-002,,,
RULE-W6-002-081,SRC-W6-002,docs/W6-release/01-release-pipeline-standard.md,133,133,merge,RELEASE-PIPELINE-002,,,
RULE-W6-002-082,SRC-W6-002,docs/W6-release/01-release-pipeline-standard.md,134,134,merge,VERIFY-EVIDENCE-W6-002-L134,,,
RULE-W6-002-083,SRC-W6-002,docs/W6-release/01-release-pipeline-standard.md,134,134,merge,VERIFY-EVIDENCE-W6-002-L134,,,
RULE-W6-002-084,SRC-W6-002,docs/W6-release/01-release-pipeline-standard.md,134,134,merge,IMPL-GENERATED-CODE-ONLY-FROM-SOURCES,,,
RULE-W6-002-085,SRC-W6-002,docs/W6-release/01-release-pipeline-standard.md,134,134,merge,VERIFY-EVIDENCE-W6-002-L134,,,
RULE-W6-002-086,SRC-W6-002,docs/W6-release/01-release-pipeline-standard.md,134,134,merge,VERIFY-EVIDENCE-W6-002-L134,,,
RULE-W6-002-087,SRC-W6-002,docs/W6-release/01-release-pipeline-standard.md,135,135,merge,RELEASE-BACKEND-001,,,
RULE-W6-002-088,SRC-W6-002,docs/W6-release/01-release-pipeline-standard.md,135,135,merge,RELEASE-FRONTEND-001,,,
RULE-W6-002-089,SRC-W6-002,docs/W6-release/01-release-pipeline-standard.md,135,135,rewrite,VERIFY-AI-EVAL-FIXTURE-W6-002-L135,,,
RULE-W6-002-090,SRC-W6-002,docs/W6-release/01-release-pipeline-standard.md,136,136,merge,VERIFY-EVIDENCE-W6-002-L136,,,
RULE-W6-002-091,SRC-W6-002,docs/W6-release/01-release-pipeline-standard.md,136,136,merge,VERIFY-EVIDENCE-W6-002-L136,,,
RULE-W6-002-092,SRC-W6-002,docs/W6-release/01-release-pipeline-standard.md,136,136,merge,RELEASE-AI-001,,,
RULE-W6-002-093,SRC-W6-002,docs/W6-release/01-release-pipeline-standard.md,137,137,merge,VERIFY-BUILD-TYPECHECK-FP-W6-002-L137,,,
RULE-W6-002-094,SRC-W6-002,docs/W6-release/01-release-pipeline-standard.md,137,137,merge,VERIFY-BUILD-TYPECHECK-FP-W6-002-L137,,,
RULE-W6-002-095,SRC-W6-002,docs/W6-release/01-release-pipeline-standard.md,137,137,merge,RELEASE-AI-001,,,
RULE-W6-002-096,SRC-W6-002,docs/W6-release/01-release-pipeline-standard.md,138,138,merge,RELEASE-SUPPLY-001,,,
RULE-W6-002-097,SRC-W6-002,docs/W6-release/01-release-pipeline-standard.md,138,138,rewrite,VERIFY-EVIDENCE-W6-002-L138,,,
RULE-W6-002-098,SRC-W6-002,docs/W6-release/01-release-pipeline-standard.md,138,138,merge,RELEASE-SUPPLY-002,,,
RULE-W6-002-099,SRC-W6-002,docs/W6-release/01-release-pipeline-standard.md,139,139,merge,RELEASE-ROLLOUT-001,,,
RULE-W6-002-100,SRC-W6-002,docs/W6-release/01-release-pipeline-standard.md,140,140,merge,RELEASE-WATCH-001,,,
RULE-W6-002-101,SRC-W6-002,docs/W6-release/01-release-pipeline-standard.md,140,140,merge,RELEASE-WATCH-001,,,
RULE-W6-002-102,SRC-W6-002,docs/W6-release/01-release-pipeline-standard.md,140,140,merge,RELEASE-WATCH-001,,,
RULE-W6-002-103,SRC-W6-002,docs/W6-release/01-release-pipeline-standard.md,140,140,merge,RELEASE-WATCH-001,,,
RULE-W6-002-104,SRC-W6-002,docs/W6-release/01-release-pipeline-standard.md,140,140,merge,RELEASE-WATCH-001,,,
RULE-W6-002-105,SRC-W6-002,docs/W6-release/01-release-pipeline-standard.md,141,141,merge,RELEASE-GATE-003,,,
RULE-W6-002-106,SRC-W6-002,docs/W6-release/01-release-pipeline-standard.md,142,142,merge,RELEASE-ROLLOUT-001,,,
RULE-W6-002-107,SRC-W6-002,docs/W6-release/01-release-pipeline-standard.md,143,143,merge,RELEASE-WATCH-002,,,
RULE-W6-002-108,SRC-W6-002,docs/W6-release/01-release-pipeline-standard.md,143,143,merge,RELEASE-WATCH-002,,,
RULE-W6-002-109,SRC-W6-002,docs/W6-release/01-release-pipeline-standard.md,144,144,merge,RELEASE-EVIDENCE-002,,,
RULE-W6-002-110,SRC-W6-002,docs/W6-release/01-release-pipeline-standard.md,144,144,merge,RELEASE-EVIDENCE-002,,,
RULE-W6-002-111,SRC-W6-002,docs/W6-release/01-release-pipeline-standard.md,144,144,merge,RELEASE-EVIDENCE-002,,,
RULE-W6-002-112,SRC-W6-002,docs/W6-release/01-release-pipeline-standard.md,144,144,merge,RELEASE-EVIDENCE-002,,,
RULE-W6-002-113,SRC-W6-002,docs/W6-release/01-release-pipeline-standard.md,144,144,merge,RELEASE-EVIDENCE-002,,,
RULE-W6-002-114,SRC-W6-002,docs/W6-release/01-release-pipeline-standard.md,144,144,merge,RELEASE-EVIDENCE-002,,,
RULE-W6-002-115,SRC-W6-002,docs/W6-release/01-release-pipeline-standard.md,150,150,merge,RELEASE-BACKEND-001,,,
RULE-W6-002-116,SRC-W6-002,docs/W6-release/01-release-pipeline-standard.md,151,151,merge,RELEASE-BACKEND-001,,,
RULE-W6-002-117,SRC-W6-002,docs/W6-release/01-release-pipeline-standard.md,152,152,merge,RELEASE-BACKEND-001,,,
RULE-W6-002-118,SRC-W6-002,docs/W6-release/01-release-pipeline-standard.md,153,153,merge,RELEASE-BACKEND-001,,,
RULE-W6-002-119,SRC-W6-002,docs/W6-release/01-release-pipeline-standard.md,154,154,merge,IMPL-GENERATED-CONTRACT-DIFF-SEPARATION,,,
RULE-W6-002-120,SRC-W6-002,docs/W6-release/01-release-pipeline-standard.md,155,155,merge,RELEASE-MIGRATION-001,,,
RULE-W6-002-121,SRC-W6-002,docs/W6-release/01-release-pipeline-standard.md,156,156,rewrite,VERIFY-BUILD-TYPECHECK-FP-W6-002-L156,,,
RULE-W6-002-122,SRC-W6-002,docs/W6-release/01-release-pipeline-standard.md,156,156,merge,RELEASE-BACKEND-002,,,
RULE-W6-002-123,SRC-W6-002,docs/W6-release/01-release-pipeline-standard.md,156,156,merge,RELEASE-BACKEND-002,,,
RULE-W6-002-124,SRC-W6-002,docs/W6-release/01-release-pipeline-standard.md,156,156,rewrite,VERIFY-EVIDENCE-W6-002-L156,,,
RULE-W6-002-125,SRC-W6-002,docs/W6-release/01-release-pipeline-standard.md,156,156,rewrite,TECH-265-SECURITY-PRIVACY-S02,,,
RULE-W6-002-126,SRC-W6-002,docs/W6-release/01-release-pipeline-standard.md,157,157,rewrite,TECH-097-API-CONTRACT-ERROR-MODEL-S01,,,
RULE-W6-002-127,SRC-W6-002,docs/W6-release/01-release-pipeline-standard.md,163,163,merge,RELEASE-FRONTEND-001,,,
RULE-W6-002-128,SRC-W6-002,docs/W6-release/01-release-pipeline-standard.md,164,164,rewrite,VERIFY-QUALITY-GATE-W6-002-L164,,,
RULE-W6-002-129,SRC-W6-002,docs/W6-release/01-release-pipeline-standard.md,165,165,rewrite,VERIFY-EVIDENCE-W6-002-L165,,,
RULE-W6-002-130,SRC-W6-002,docs/W6-release/01-release-pipeline-standard.md,166,166,merge,RELEASE-FRONTEND-001,,,
RULE-W6-002-131,SRC-W6-002,docs/W6-release/01-release-pipeline-standard.md,167,167,merge,RELEASE-FRONTEND-001,,,
RULE-W6-002-132,SRC-W6-002,docs/W6-release/01-release-pipeline-standard.md,168,168,merge,VERIFY-EVIDENCE-W6-002-L168,,,
RULE-W6-002-133,SRC-W6-002,docs/W6-release/01-release-pipeline-standard.md,168,168,merge,VERIFY-EVIDENCE-W6-002-L168,,,
RULE-W6-002-134,SRC-W6-002,docs/W6-release/01-release-pipeline-standard.md,168,168,merge,VERIFY-EVIDENCE-W6-002-L168,,,
RULE-W6-002-135,SRC-W6-002,docs/W6-release/01-release-pipeline-standard.md,168,168,merge,VERIFY-EVIDENCE-W6-002-L168,,,
RULE-W6-002-136,SRC-W6-002,docs/W6-release/01-release-pipeline-standard.md,170,170,merge,RELEASE-FRONTEND-002,,,
RULE-W6-002-137,SRC-W6-002,docs/W6-release/01-release-pipeline-standard.md,170,170,merge,RELEASE-FRONTEND-002,,,
RULE-W6-002-138,SRC-W6-002,docs/W6-release/01-release-pipeline-standard.md,170,170,merge,RELEASE-FRONTEND-002,,,
RULE-W6-002-139,SRC-W6-002,docs/W6-release/01-release-pipeline-standard.md,170,170,merge,RELEASE-FRONTEND-002,,,
RULE-W6-002-140,SRC-W6-002,docs/W6-release/01-release-pipeline-standard.md,176,176,merge,RELEASE-AI-001,,,
RULE-W6-002-141,SRC-W6-002,docs/W6-release/01-release-pipeline-standard.md,176,176,merge,RELEASE-AI-001,,,
RULE-W6-002-142,SRC-W6-002,docs/W6-release/01-release-pipeline-standard.md,176,176,merge,RELEASE-AI-001,,,
RULE-W6-002-143,SRC-W6-002,docs/W6-release/01-release-pipeline-standard.md,176,176,merge,RELEASE-AI-001,,,
RULE-W6-002-144,SRC-W6-002,docs/W6-release/01-release-pipeline-standard.md,177,177,merge,RELEASE-AI-001,,,
RULE-W6-002-145,SRC-W6-002,docs/W6-release/01-release-pipeline-standard.md,178,178,merge,RELEASE-AI-001,,,
RULE-W6-002-146,SRC-W6-002,docs/W6-release/01-release-pipeline-standard.md,178,178,merge,RELEASE-AI-001,,,
RULE-W6-002-147,SRC-W6-002,docs/W6-release/01-release-pipeline-standard.md,178,178,merge,RELEASE-AI-001,,,
RULE-W6-002-148,SRC-W6-002,docs/W6-release/01-release-pipeline-standard.md,179,179,merge,RELEASE-AI-003,,,
RULE-W6-002-149,SRC-W6-002,docs/W6-release/01-release-pipeline-standard.md,179,179,merge,RELEASE-AI-003,,,
RULE-W6-002-150,SRC-W6-002,docs/W6-release/01-release-pipeline-standard.md,179,179,merge,RELEASE-AI-003,,,
RULE-W6-002-151,SRC-W6-002,docs/W6-release/01-release-pipeline-standard.md,180,180,merge,RELEASE-AI-003,,,
RULE-W6-002-152,SRC-W6-002,docs/W6-release/01-release-pipeline-standard.md,184,184,rewrite,TECH-147-AUTH-TENANT-PERMISSION-S02,,,
RULE-W6-002-153,SRC-W6-002,docs/W6-release/01-release-pipeline-standard.md,184,184,rewrite,TECH-147-AUTH-TENANT-PERMISSION-S03,,,
RULE-W6-002-154,SRC-W6-002,docs/W6-release/01-release-pipeline-standard.md,185,185,merge,RELEASE-SUPPLY-001,,,
RULE-W6-002-155,SRC-W6-002,docs/W6-release/01-release-pipeline-standard.md,185,185,merge,RELEASE-SUPPLY-001,,,
RULE-W6-002-156,SRC-W6-002,docs/W6-release/01-release-pipeline-standard.md,185,185,merge,OPERATION-CREDENTIAL-011,,,
RULE-W6-002-157,SRC-W6-002,docs/W6-release/01-release-pipeline-standard.md,185,185,merge,RELEASE-SUPPLY-001,,,
RULE-W6-002-158,SRC-W6-002,docs/W6-release/01-release-pipeline-standard.md,186,186,rewrite,TECH-265-SECURITY-PRIVACY-S03,,,
RULE-W6-002-159,SRC-W6-002,docs/W6-release/01-release-pipeline-standard.md,187,187,merge,RELEASE-SUPPLY-002,,,
RULE-W6-002-160,SRC-W6-002,docs/W6-release/01-release-pipeline-standard.md,187,187,merge,RELEASE-SUPPLY-002,,,
RULE-W6-002-161,SRC-W6-002,docs/W6-release/01-release-pipeline-standard.md,187,187,merge,RELEASE-SUPPLY-002,,,
RULE-W6-002-162,SRC-W6-002,docs/W6-release/01-release-pipeline-standard.md,188,188,merge,RELEASE-SUPPLY-003,,,
RULE-W6-002-163,SRC-W6-002,docs/W6-release/01-release-pipeline-standard.md,188,188,merge,RELEASE-SUPPLY-003,,,
RULE-W6-002-164,SRC-W6-002,docs/W6-release/01-release-pipeline-standard.md,188,188,merge,RELEASE-SUPPLY-003,,,
RULE-W6-002-165,SRC-W6-002,docs/W6-release/01-release-pipeline-standard.md,188,188,merge,RELEASE-SUPPLY-003,,,
RULE-W6-002-166,SRC-W6-002,docs/W6-release/01-release-pipeline-standard.md,194,194,merge,RELEASE-ROLLBACK-001,,,
RULE-W6-002-167,SRC-W6-002,docs/W6-release/01-release-pipeline-standard.md,195,195,merge,RELEASE-ROLLBACK-001,,,
RULE-W6-002-168,SRC-W6-002,docs/W6-release/01-release-pipeline-standard.md,196,196,merge,RELEASE-ROLLBACK-001,,,
RULE-W6-002-169,SRC-W6-002,docs/W6-release/01-release-pipeline-standard.md,197,197,merge,RELEASE-ROLLBACK-001,,,
RULE-W6-002-170,SRC-W6-002,docs/W6-release/01-release-pipeline-standard.md,198,198,merge,RELEASE-ROLLBACK-001,,,
RULE-W6-002-171,SRC-W6-002,docs/W6-release/01-release-pipeline-standard.md,198,198,merge,RELEASE-ROLLBACK-001,,,
RULE-W6-002-172,SRC-W6-002,docs/W6-release/01-release-pipeline-standard.md,202,202,merge,RELEASE-EVIDENCE-002,,,
RULE-W6-002-173,SRC-W6-002,docs/W6-release/01-release-pipeline-standard.md,202,202,merge,RELEASE-EVIDENCE-002,,,
RULE-W6-002-174,SRC-W6-002,docs/W6-release/01-release-pipeline-standard.md,202,202,merge,RELEASE-EVIDENCE-002,,,
RULE-W6-002-175,SRC-W6-002,docs/W6-release/01-release-pipeline-standard.md,203,203,merge,RELEASE-EVIDENCE-002,,,
RULE-W6-002-176,SRC-W6-002,docs/W6-release/01-release-pipeline-standard.md,204,204,merge,RELEASE-EVIDENCE-002,,,
RULE-W6-002-177,SRC-W6-002,docs/W6-release/01-release-pipeline-standard.md,205,205,merge,RELEASE-EVIDENCE-002,,,
RULE-W6-002-178,SRC-W6-002,docs/W6-release/01-release-pipeline-standard.md,205,205,merge,RELEASE-EVIDENCE-002,,,
RULE-W6-002-179,SRC-W6-002,docs/W6-release/01-release-pipeline-standard.md,206,206,merge,RELEASE-EVIDENCE-002,,,
RULE-W6-002-180,SRC-W6-002,docs/W6-release/01-release-pipeline-standard.md,207,207,merge,RELEASE-EVIDENCE-002,,,
RULE-W6-002-181,SRC-W6-002,docs/W6-release/01-release-pipeline-standard.md,208,208,merge,RELEASE-EVIDENCE-002,,,
RULE-W6-002-182,SRC-W6-002,docs/W6-release/01-release-pipeline-standard.md,212,212,merge,RELEASE-GATE-004,,,
RULE-W6-002-183,SRC-W6-002,docs/W6-release/01-release-pipeline-standard.md,216,216,merge,RELEASE-GATE-003,,,
RULE-W6-002-184,SRC-W6-002,docs/W6-release/01-release-pipeline-standard.md,217,217,merge,IMPL-CI-PRODUCTION-MIGRATION-HUMAN-GATE,,,
RULE-W6-002-185,SRC-W6-002,docs/W6-release/01-release-pipeline-standard.md,218,218,merge,RELEASE-GATE-003,,,
RULE-W6-002-186,SRC-W6-002,docs/W6-release/01-release-pipeline-standard.md,219,219,merge,RELEASE-SUPPLY-001,,,
RULE-W6-002-187,SRC-W6-002,docs/W6-release/01-release-pipeline-standard.md,220,220,merge,RELEASE-SUPPLY-002,,,
RULE-W6-002-188,SRC-W6-002,docs/W6-release/01-release-pipeline-standard.md,221,221,merge,RELEASE-GATE-003,,,
RULE-W6-002-189,SRC-W6-002,docs/W6-release/01-release-pipeline-standard.md,223,223,merge,RELEASE-ARTIFACT-001,,,
RULE-W6-002-190,SRC-W6-002,docs/W6-release/01-release-pipeline-standard.md,223,223,merge,RELEASE-GATE-003,,,
RULE-W6-002-191,SRC-W6-002,docs/W6-release/01-release-pipeline-standard.md,223,223,merge,RELEASE-GATE-004,,,
RULE-W6-002-192,SRC-W6-002,docs/W6-release/01-release-pipeline-standard.md,230,230,merge,RELEASE-ROLLBACK-001,,,
RULE-W6-002-193,SRC-W6-002,docs/W6-release/01-release-pipeline-standard.md,231,231,merge,RELEASE-PIPELINE-003,,,
RULE-W6-002-194,SRC-W6-002,docs/W6-release/01-release-pipeline-standard.md,232,232,merge,RELEASE-PIPELINE-005,,,
RULE-W6-002-195,SRC-W6-002,docs/W6-release/01-release-pipeline-standard.md,233,233,rewrite,VERIFY-EVIDENCE-W6-002-L233,,,
RULE-W6-002-196,SRC-W6-002,docs/W6-release/01-release-pipeline-standard.md,237,237,rewrite,VERIFY-EVIDENCE-W6-002-L237,,,
RULE-W6-002-197,SRC-W6-002,docs/W6-release/01-release-pipeline-standard.md,242,242,merge,RELEASE-GATE-003,,,
RULE-W6-002-198,SRC-W6-002,docs/W6-release/01-release-pipeline-standard.md,243,243,merge,RELEASE-PIPELINE-003,,,
RULE-W6-003-001,SRC-W6-003,docs/W6-release/02-customer-pilot-onboarding-launch-standard.md,3,3,supersede,RELEASE-SCOPE-003,,,
RULE-W6-003-002,SRC-W6-003,docs/W6-release/02-customer-pilot-onboarding-launch-standard.md,3,3,supersede,RELEASE-SCOPE-003,,,
RULE-W6-003-003,SRC-W6-003,docs/W6-release/02-customer-pilot-onboarding-launch-standard.md,7,7,supersede,RELEASE-SCOPE-003,,,
RULE-W6-003-004,SRC-W6-003,docs/W6-release/02-customer-pilot-onboarding-launch-standard.md,9,9,supersede,RELEASE-SCOPE-003,,,
RULE-W6-003-005,SRC-W6-003,docs/W6-release/02-customer-pilot-onboarding-launch-standard.md,15,15,merge,DEFINITION-PILOT-SUCCESS,,,
RULE-W6-003-006,SRC-W6-003,docs/W6-release/02-customer-pilot-onboarding-launch-standard.md,15,15,merge,RELEASE-CUSTOMER-016,,,
RULE-W6-003-007,SRC-W6-003,docs/W6-release/02-customer-pilot-onboarding-launch-standard.md,15,15,merge,RELEASE-CUSTOMER-010,,,
RULE-W6-003-008,SRC-W6-003,docs/W6-release/02-customer-pilot-onboarding-launch-standard.md,15,15,merge,RELEASE-CUSTOMER-016,,,
RULE-W6-003-009,SRC-W6-003,docs/W6-release/02-customer-pilot-onboarding-launch-standard.md,17,17,merge,DEFINITION-PILOT-SUCCESS,,,
RULE-W6-003-010,SRC-W6-003,docs/W6-release/02-customer-pilot-onboarding-launch-standard.md,17,17,merge,RELEASE-CUSTOMER-016,,,
RULE-W6-003-011,SRC-W6-003,docs/W6-release/02-customer-pilot-onboarding-launch-standard.md,17,17,merge,RELEASE-CUSTOMER-016,,,
RULE-W6-003-012,SRC-W6-003,docs/W6-release/02-customer-pilot-onboarding-launch-standard.md,17,17,merge,RELEASE-CUSTOMER-016,,,
RULE-W6-003-013,SRC-W6-003,docs/W6-release/02-customer-pilot-onboarding-launch-standard.md,17,17,merge,RELEASE-CUSTOMER-016,,,
RULE-W6-003-014,SRC-W6-003,docs/W6-release/02-customer-pilot-onboarding-launch-standard.md,17,17,merge,RELEASE-CUSTOMER-016,,,
RULE-W6-003-015,SRC-W6-003,docs/W6-release/02-customer-pilot-onboarding-launch-standard.md,36,36,supersede,RELEASE-CUSTOMER-001,,,
RULE-W6-003-016,SRC-W6-003,docs/W6-release/02-customer-pilot-onboarding-launch-standard.md,37,37,supersede,RELEASE-CUSTOMER-001,,,
RULE-W6-003-017,SRC-W6-003,docs/W6-release/02-customer-pilot-onboarding-launch-standard.md,38,38,supersede,RELEASE-CUSTOMER-001,,,
RULE-W6-003-018,SRC-W6-003,docs/W6-release/02-customer-pilot-onboarding-launch-standard.md,42,42,supersede,RELEASE-SCOPE-002,,,
RULE-W6-003-019,SRC-W6-003,docs/W6-release/02-customer-pilot-onboarding-launch-standard.md,43,43,merge,IMPL-BOUNDARY-RETURN-TECH-DESIGN,,,
RULE-W6-003-020,SRC-W6-003,docs/W6-release/02-customer-pilot-onboarding-launch-standard.md,44,44,merge,IMPL-BOUNDARY-RETURN-TECH-DESIGN,,,
RULE-W6-003-021,SRC-W6-003,docs/W6-release/02-customer-pilot-onboarding-launch-standard.md,45,45,merge,IMPL-SPECIALTY-TRIGGER-MATRIX,,,
RULE-W6-003-022,SRC-W6-003,docs/W6-release/02-customer-pilot-onboarding-launch-standard.md,46,46,merge,OPERATION-SUPPORT-015,,,
RULE-W6-003-023,SRC-W6-003,docs/W6-release/02-customer-pilot-onboarding-launch-standard.md,47,47,supersede,RELEASE-COMMERCIAL-001,,,
RULE-W6-003-024,SRC-W6-003,docs/W6-release/02-customer-pilot-onboarding-launch-standard.md,48,48,supersede,RELEASE-HANDOFF-001,,,
RULE-W6-003-025,SRC-W6-003,docs/W6-release/02-customer-pilot-onboarding-launch-standard.md,52,52,merge,RELEASE-CUSTOMER-013,,,
RULE-W6-003-026,SRC-W6-003,docs/W6-release/02-customer-pilot-onboarding-launch-standard.md,52,52,merge,RELEASE-CUSTOMER-013,,,
RULE-W6-003-027,SRC-W6-003,docs/W6-release/02-customer-pilot-onboarding-launch-standard.md,52,52,merge,RELEASE-CUSTOMER-013,,,
RULE-W6-003-028,SRC-W6-003,docs/W6-release/02-customer-pilot-onboarding-launch-standard.md,52,52,merge,RELEASE-CUSTOMER-013,,,
RULE-W6-003-029,SRC-W6-003,docs/W6-release/02-customer-pilot-onboarding-launch-standard.md,52,52,merge,RELEASE-CUSTOMER-013,,,
RULE-W6-003-030,SRC-W6-003,docs/W6-release/02-customer-pilot-onboarding-launch-standard.md,52,52,rewrite,TECH-266-SECURITY-PRIVACY-S01,,,
RULE-W6-003-031,SRC-W6-003,docs/W6-release/02-customer-pilot-onboarding-launch-standard.md,56,56,merge,DEFINITION-PILOT-CHARTER,,,
RULE-W6-003-032,SRC-W6-003,docs/W6-release/02-customer-pilot-onboarding-launch-standard.md,57,57,merge,RELEASE-CUSTOMER-002,,,
RULE-W6-003-033,SRC-W6-003,docs/W6-release/02-customer-pilot-onboarding-launch-standard.md,58,58,merge,RELEASE-CUSTOMER-010,,,
RULE-W6-003-034,SRC-W6-003,docs/W6-release/02-customer-pilot-onboarding-launch-standard.md,59,59,merge,EVALUATION-CUSTOMER-001,,,
RULE-W6-003-035,SRC-W6-003,docs/W6-release/02-customer-pilot-onboarding-launch-standard.md,60,60,merge,EVALUATION-CUSTOMER-003,,,
RULE-W6-003-036,SRC-W6-003,docs/W6-release/02-customer-pilot-onboarding-launch-standard.md,68,68,merge,DEFINITION-PILOT-CHARTER,,,
RULE-W6-003-037,SRC-W6-003,docs/W6-release/02-customer-pilot-onboarding-launch-standard.md,70,70,merge,DEFINITION-PILOT-SCOPE,,,
RULE-W6-003-038,SRC-W6-003,docs/W6-release/02-customer-pilot-onboarding-launch-standard.md,72,72,merge,DEFINITION-PILOT-CHARTER,,,
RULE-W6-003-039,SRC-W6-003,docs/W6-release/02-customer-pilot-onboarding-launch-standard.md,74,74,merge,DEFINITION-PILOT-SCOPE,,,
RULE-W6-003-040,SRC-W6-003,docs/W6-release/02-customer-pilot-onboarding-launch-standard.md,76,76,merge,DEFINITION-PILOT-CHARTER,,,
RULE-W6-003-041,SRC-W6-003,docs/W6-release/02-customer-pilot-onboarding-launch-standard.md,78,78,merge,DEFINITION-PILOT-SUCCESS,,,
RULE-W6-003-042,SRC-W6-003,docs/W6-release/02-customer-pilot-onboarding-launch-standard.md,80,80,merge,DEFINITION-PILOT-SCOPE,,,
RULE-W6-003-043,SRC-W6-003,docs/W6-release/02-customer-pilot-onboarding-launch-standard.md,82,82,merge,DEFINITION-PILOT-SCOPE,,,
RULE-W6-003-044,SRC-W6-003,docs/W6-release/02-customer-pilot-onboarding-launch-standard.md,84,84,rewrite,TECH-205-GOVERNANCE-CUSTOMER-PILOT-ONBOARDING-LAUNCH-S01,,,
RULE-W6-003-045,SRC-W6-003,docs/W6-release/02-customer-pilot-onboarding-launch-standard.md,86,86,merge,TECH-205-GOVERNANCE-CUSTOMER-PILOT-ONBOARDING-LAUNCH-S01,,,
RULE-W6-003-046,SRC-W6-003,docs/W6-release/02-customer-pilot-onboarding-launch-standard.md,88,88,merge,TECH-205-GOVERNANCE-CUSTOMER-PILOT-ONBOARDING-LAUNCH-S01,,,
RULE-W6-003-047,SRC-W6-003,docs/W6-release/02-customer-pilot-onboarding-launch-standard.md,90,90,merge,DEFINITION-PILOT-CHARTER,,,
RULE-W6-003-048,SRC-W6-003,docs/W6-release/02-customer-pilot-onboarding-launch-standard.md,92,92,merge,DEFINITION-PILOT-CHARTER,,,
RULE-W6-003-049,SRC-W6-003,docs/W6-release/02-customer-pilot-onboarding-launch-standard.md,94,94,merge,DEFINITION-PILOT-CHARTER,,,
RULE-W6-003-050,SRC-W6-003,docs/W6-release/02-customer-pilot-onboarding-launch-standard.md,96,96,merge,DEFINITION-PILOT-CHARTER,,,
RULE-W6-003-051,SRC-W6-003,docs/W6-release/02-customer-pilot-onboarding-launch-standard.md,98,98,merge,DEFINITION-PILOT-CHARTER,,,
RULE-W6-003-052,SRC-W6-003,docs/W6-release/02-customer-pilot-onboarding-launch-standard.md,103,103,merge,DEFINITION-PILOT-SUCCESS,,,
RULE-W6-003-053,SRC-W6-003,docs/W6-release/02-customer-pilot-onboarding-launch-standard.md,103,103,merge,DEFINITION-PILOT-SUCCESS,,,
RULE-W6-003-054,SRC-W6-003,docs/W6-release/02-customer-pilot-onboarding-launch-standard.md,104,104,merge,DEFINITION-PILOT-SCOPE,,,
RULE-W6-003-055,SRC-W6-003,docs/W6-release/02-customer-pilot-onboarding-launch-standard.md,104,104,merge,DEFINITION-PILOT-SCOPE,,,
RULE-W6-003-056,SRC-W6-003,docs/W6-release/02-customer-pilot-onboarding-launch-standard.md,104,104,merge,DEFINITION-PILOT-SCOPE,,,
RULE-W6-003-057,SRC-W6-003,docs/W6-release/02-customer-pilot-onboarding-launch-standard.md,104,104,merge,DEFINITION-PILOT-SCOPE,,,
RULE-W6-003-058,SRC-W6-003,docs/W6-release/02-customer-pilot-onboarding-launch-standard.md,104,104,merge,DEFINITION-PILOT-SCOPE,,,
RULE-W6-003-059,SRC-W6-003,docs/W6-release/02-customer-pilot-onboarding-launch-standard.md,105,105,rewrite,TECH-205-GOVERNANCE-CUSTOMER-PILOT-ONBOARDING-LAUNCH-S02,,,
RULE-W6-003-060,SRC-W6-003,docs/W6-release/02-customer-pilot-onboarding-launch-standard.md,105,105,merge,TECH-205-GOVERNANCE-CUSTOMER-PILOT-ONBOARDING-LAUNCH-S02,,,
RULE-W6-003-061,SRC-W6-003,docs/W6-release/02-customer-pilot-onboarding-launch-standard.md,105,105,merge,TECH-205-GOVERNANCE-CUSTOMER-PILOT-ONBOARDING-LAUNCH-S02,,,
RULE-W6-003-062,SRC-W6-003,docs/W6-release/02-customer-pilot-onboarding-launch-standard.md,105,105,merge,TECH-205-GOVERNANCE-CUSTOMER-PILOT-ONBOARDING-LAUNCH-S02,,,
RULE-W6-003-063,SRC-W6-003,docs/W6-release/02-customer-pilot-onboarding-launch-standard.md,105,105,merge,TECH-205-GOVERNANCE-CUSTOMER-PILOT-ONBOARDING-LAUNCH-S02,,,
RULE-W6-003-064,SRC-W6-003,docs/W6-release/02-customer-pilot-onboarding-launch-standard.md,105,105,rewrite,TECH-039-AI-RAG-MEMORY-S01,,,
RULE-W6-003-065,SRC-W6-003,docs/W6-release/02-customer-pilot-onboarding-launch-standard.md,105,105,rewrite,TECH-008-AI-EVAL-FIXTURE-S01,,,
RULE-W6-003-066,SRC-W6-003,docs/W6-release/02-customer-pilot-onboarding-launch-standard.md,106,106,rewrite,TECH-030-AI-PROMPT-ARTIFACT-S01,,,
RULE-W6-003-067,SRC-W6-003,docs/W6-release/02-customer-pilot-onboarding-launch-standard.md,106,106,rewrite,TECH-039-AI-RAG-MEMORY-S02,,,
RULE-W6-003-068,SRC-W6-003,docs/W6-release/02-customer-pilot-onboarding-launch-standard.md,106,106,merge,TECH-039-AI-RAG-MEMORY-S02,,,
RULE-W6-003-069,SRC-W6-003,docs/W6-release/02-customer-pilot-onboarding-launch-standard.md,106,106,rewrite,TECH-061-AI-TOOL-PERMISSION-S01,,,
RULE-W6-003-070,SRC-W6-003,docs/W6-release/02-customer-pilot-onboarding-launch-standard.md,106,106,rewrite,TECH-205-GOVERNANCE-CUSTOMER-PILOT-ONBOARDING-LAUNCH-S03,,,
RULE-W6-003-071,SRC-W6-003,docs/W6-release/02-customer-pilot-onboarding-launch-standard.md,106,106,rewrite,VERIFY-AI-EVAL-FIXTURE-W6-003-L106,,,
RULE-W6-003-072,SRC-W6-003,docs/W6-release/02-customer-pilot-onboarding-launch-standard.md,106,106,merge,TECH-205-GOVERNANCE-CUSTOMER-PILOT-ONBOARDING-LAUNCH-S03,,,
RULE-W6-003-073,SRC-W6-003,docs/W6-release/02-customer-pilot-onboarding-launch-standard.md,106,106,rewrite,TECH-024-AI-MODEL-ROUTING-S01,,,
RULE-W6-003-074,SRC-W6-003,docs/W6-release/02-customer-pilot-onboarding-launch-standard.md,107,107,merge,DEFINITION-PILOT-EXIT,,,
RULE-W6-003-075,SRC-W6-003,docs/W6-release/02-customer-pilot-onboarding-launch-standard.md,107,107,merge,DEFINITION-PILOT-EXIT,,,
RULE-W6-003-076,SRC-W6-003,docs/W6-release/02-customer-pilot-onboarding-launch-standard.md,107,107,merge,DEFINITION-PILOT-EXIT,,,
RULE-W6-003-077,SRC-W6-003,docs/W6-release/02-customer-pilot-onboarding-launch-standard.md,107,107,merge,DEFINITION-PILOT-EXIT,,,
RULE-W6-003-078,SRC-W6-003,docs/W6-release/02-customer-pilot-onboarding-launch-standard.md,107,107,merge,DEFINITION-PILOT-EXIT,,,
RULE-W6-003-079,SRC-W6-003,docs/W6-release/02-customer-pilot-onboarding-launch-standard.md,107,107,merge,DEFINITION-PILOT-EXIT,,,
RULE-W6-003-080,SRC-W6-003,docs/W6-release/02-customer-pilot-onboarding-launch-standard.md,113,113,merge,RELEASE-CUSTOMER-002,,,
RULE-W6-003-081,SRC-W6-003,docs/W6-release/02-customer-pilot-onboarding-launch-standard.md,114,114,merge,RELEASE-CUSTOMER-002,,,
RULE-W6-003-082,SRC-W6-003,docs/W6-release/02-customer-pilot-onboarding-launch-standard.md,115,115,merge,RELEASE-CUSTOMER-002,,,
RULE-W6-003-083,SRC-W6-003,docs/W6-release/02-customer-pilot-onboarding-launch-standard.md,116,116,merge,RELEASE-CUSTOMER-002,,,
RULE-W6-003-084,SRC-W6-003,docs/W6-release/02-customer-pilot-onboarding-launch-standard.md,117,117,merge,RELEASE-CUSTOMER-002,,,
RULE-W6-003-085,SRC-W6-003,docs/W6-release/02-customer-pilot-onboarding-launch-standard.md,118,118,merge,RELEASE-CUSTOMER-002,,,
RULE-W6-003-086,SRC-W6-003,docs/W6-release/02-customer-pilot-onboarding-launch-standard.md,119,119,merge,RELEASE-CUSTOMER-002,,,
RULE-W6-003-087,SRC-W6-003,docs/W6-release/02-customer-pilot-onboarding-launch-standard.md,120,120,merge,RELEASE-CUSTOMER-002,,,
RULE-W6-003-088,SRC-W6-003,docs/W6-release/02-customer-pilot-onboarding-launch-standard.md,121,121,merge,RELEASE-CUSTOMER-002,,,
RULE-W6-003-089,SRC-W6-003,docs/W6-release/02-customer-pilot-onboarding-launch-standard.md,122,122,merge,RELEASE-CUSTOMER-002,,,
RULE-W6-003-090,SRC-W6-003,docs/W6-release/02-customer-pilot-onboarding-launch-standard.md,123,123,merge,RELEASE-CUSTOMER-002,,,
RULE-W6-003-091,SRC-W6-003,docs/W6-release/02-customer-pilot-onboarding-launch-standard.md,124,124,merge,RELEASE-CUSTOMER-002,,,
RULE-W6-003-092,SRC-W6-003,docs/W6-release/02-customer-pilot-onboarding-launch-standard.md,125,125,merge,RELEASE-CUSTOMER-002,,,
RULE-W6-003-093,SRC-W6-003,docs/W6-release/02-customer-pilot-onboarding-launch-standard.md,126,126,merge,RELEASE-CUSTOMER-002,,,
RULE-W6-003-094,SRC-W6-003,docs/W6-release/02-customer-pilot-onboarding-launch-standard.md,127,127,merge,RELEASE-CUSTOMER-002,,,
RULE-W6-003-095,SRC-W6-003,docs/W6-release/02-customer-pilot-onboarding-launch-standard.md,128,128,merge,RELEASE-CUSTOMER-002,,,
RULE-W6-003-096,SRC-W6-003,docs/W6-release/02-customer-pilot-onboarding-launch-standard.md,129,129,merge,RELEASE-CUSTOMER-002,,,
RULE-W6-003-097,SRC-W6-003,docs/W6-release/02-customer-pilot-onboarding-launch-standard.md,130,130,merge,RELEASE-CUSTOMER-002,,,
RULE-W6-003-098,SRC-W6-003,docs/W6-release/02-customer-pilot-onboarding-launch-standard.md,131,131,merge,RELEASE-CUSTOMER-002,,,
RULE-W6-003-099,SRC-W6-003,docs/W6-release/02-customer-pilot-onboarding-launch-standard.md,132,132,merge,RELEASE-CUSTOMER-002,,,
RULE-W6-003-100,SRC-W6-003,docs/W6-release/02-customer-pilot-onboarding-launch-standard.md,136,136,rewrite,TECH-148-AUTH-TENANT-PERMISSION-S01,,,
RULE-W6-003-101,SRC-W6-003,docs/W6-release/02-customer-pilot-onboarding-launch-standard.md,136,136,rewrite,TECH-148-AUTH-TENANT-PERMISSION-S02,,,
RULE-W6-003-102,SRC-W6-003,docs/W6-release/02-customer-pilot-onboarding-launch-standard.md,136,136,merge,TECH-148-AUTH-TENANT-PERMISSION-S02,,,
RULE-W6-003-103,SRC-W6-003,docs/W6-release/02-customer-pilot-onboarding-launch-standard.md,136,136,merge,TECH-148-AUTH-TENANT-PERMISSION-S02,,,
RULE-W6-003-104,SRC-W6-003,docs/W6-release/02-customer-pilot-onboarding-launch-standard.md,136,136,rewrite,TECH-098-API-CONTRACT-ERROR-MODEL-S01,,,
RULE-W6-003-105,SRC-W6-003,docs/W6-release/02-customer-pilot-onboarding-launch-standard.md,136,136,merge,TECH-148-AUTH-TENANT-PERMISSION-S02,,,
RULE-W6-003-106,SRC-W6-003,docs/W6-release/02-customer-pilot-onboarding-launch-standard.md,137,137,merge,RELEASE-CUSTOMER-003,,,
RULE-W6-003-107,SRC-W6-003,docs/W6-release/02-customer-pilot-onboarding-launch-standard.md,137,137,merge,RELEASE-CUSTOMER-003,,,
RULE-W6-003-108,SRC-W6-003,docs/W6-release/02-customer-pilot-onboarding-launch-standard.md,137,137,merge,RELEASE-CUSTOMER-003,,,
RULE-W6-003-109,SRC-W6-003,docs/W6-release/02-customer-pilot-onboarding-launch-standard.md,137,137,merge,RELEASE-CUSTOMER-003,,,
RULE-W6-003-110,SRC-W6-003,docs/W6-release/02-customer-pilot-onboarding-launch-standard.md,137,137,rewrite,TECH-148-AUTH-TENANT-PERMISSION-S03,,,
RULE-W6-003-111,SRC-W6-003,docs/W6-release/02-customer-pilot-onboarding-launch-standard.md,138,138,merge,RELEASE-CUSTOMER-003,,,
RULE-W6-003-112,SRC-W6-003,docs/W6-release/02-customer-pilot-onboarding-launch-standard.md,138,138,merge,RELEASE-CUSTOMER-003,,,
RULE-W6-003-113,SRC-W6-003,docs/W6-release/02-customer-pilot-onboarding-launch-standard.md,138,138,merge,RELEASE-CUSTOMER-003,,,
RULE-W6-003-114,SRC-W6-003,docs/W6-release/02-customer-pilot-onboarding-launch-standard.md,139,139,merge,RELEASE-CUSTOMER-004,,,
RULE-W6-003-115,SRC-W6-003,docs/W6-release/02-customer-pilot-onboarding-launch-standard.md,139,139,merge,RELEASE-CUSTOMER-004,,,
RULE-W6-003-116,SRC-W6-003,docs/W6-release/02-customer-pilot-onboarding-launch-standard.md,139,139,merge,RELEASE-CUSTOMER-004,,,
RULE-W6-003-117,SRC-W6-003,docs/W6-release/02-customer-pilot-onboarding-launch-standard.md,139,139,merge,RELEASE-CUSTOMER-004,,,
RULE-W6-003-118,SRC-W6-003,docs/W6-release/02-customer-pilot-onboarding-launch-standard.md,139,139,merge,RELEASE-CUSTOMER-004,,,
RULE-W6-003-119,SRC-W6-003,docs/W6-release/02-customer-pilot-onboarding-launch-standard.md,139,139,merge,RELEASE-CUSTOMER-004,,,
RULE-W6-003-120,SRC-W6-003,docs/W6-release/02-customer-pilot-onboarding-launch-standard.md,139,139,merge,RELEASE-CUSTOMER-004,,,
RULE-W6-003-121,SRC-W6-003,docs/W6-release/02-customer-pilot-onboarding-launch-standard.md,140,140,merge,RELEASE-CUSTOMER-005,,,
RULE-W6-003-122,SRC-W6-003,docs/W6-release/02-customer-pilot-onboarding-launch-standard.md,140,140,merge,RELEASE-CUSTOMER-005,,,
RULE-W6-003-123,SRC-W6-003,docs/W6-release/02-customer-pilot-onboarding-launch-standard.md,140,140,merge,RELEASE-CUSTOMER-005,,,
RULE-W6-003-124,SRC-W6-003,docs/W6-release/02-customer-pilot-onboarding-launch-standard.md,140,140,merge,RELEASE-CUSTOMER-005,,,
RULE-W6-003-125,SRC-W6-003,docs/W6-release/02-customer-pilot-onboarding-launch-standard.md,140,140,merge,RELEASE-CUSTOMER-005,,,
RULE-W6-003-126,SRC-W6-003,docs/W6-release/02-customer-pilot-onboarding-launch-standard.md,140,140,merge,RELEASE-CUSTOMER-005,,,
RULE-W6-003-127,SRC-W6-003,docs/W6-release/02-customer-pilot-onboarding-launch-standard.md,141,141,merge,RELEASE-CUSTOMER-006,,,
RULE-W6-003-128,SRC-W6-003,docs/W6-release/02-customer-pilot-onboarding-launch-standard.md,141,141,merge,RELEASE-CUSTOMER-006,,,
RULE-W6-003-129,SRC-W6-003,docs/W6-release/02-customer-pilot-onboarding-launch-standard.md,141,141,merge,RELEASE-CUSTOMER-006,,,
RULE-W6-003-130,SRC-W6-003,docs/W6-release/02-customer-pilot-onboarding-launch-standard.md,141,141,rewrite,TECH-205-GOVERNANCE-CUSTOMER-PILOT-ONBOARDING-LAUNCH-S04,,,
RULE-W6-003-131,SRC-W6-003,docs/W6-release/02-customer-pilot-onboarding-launch-standard.md,141,141,merge,RELEASE-CUSTOMER-006,,,
RULE-W6-003-132,SRC-W6-003,docs/W6-release/02-customer-pilot-onboarding-launch-standard.md,141,141,merge,RELEASE-CUSTOMER-006,,,
RULE-W6-003-133,SRC-W6-003,docs/W6-release/02-customer-pilot-onboarding-launch-standard.md,141,141,rewrite,VERIFY-EVIDENCE-W6-003-L141,,,
RULE-W6-003-134,SRC-W6-003,docs/W6-release/02-customer-pilot-onboarding-launch-standard.md,141,141,merge,RELEASE-CUSTOMER-006,,,
RULE-W6-003-135,SRC-W6-003,docs/W6-release/02-customer-pilot-onboarding-launch-standard.md,142,142,merge,RELEASE-CUSTOMER-007,,,
RULE-W6-003-136,SRC-W6-003,docs/W6-release/02-customer-pilot-onboarding-launch-standard.md,142,142,merge,RELEASE-CUSTOMER-007,,,
RULE-W6-003-137,SRC-W6-003,docs/W6-release/02-customer-pilot-onboarding-launch-standard.md,142,142,merge,RELEASE-CUSTOMER-007,,,
RULE-W6-003-138,SRC-W6-003,docs/W6-release/02-customer-pilot-onboarding-launch-standard.md,142,142,rewrite,TECH-160-BILLING-ENTITLEMENT-PRICING-S01,,,
RULE-W6-003-139,SRC-W6-003,docs/W6-release/02-customer-pilot-onboarding-launch-standard.md,142,142,merge,RELEASE-CUSTOMER-007,,,
RULE-W6-003-140,SRC-W6-003,docs/W6-release/02-customer-pilot-onboarding-launch-standard.md,143,143,merge,RELEASE-CUSTOMER-008,,,
RULE-W6-003-141,SRC-W6-003,docs/W6-release/02-customer-pilot-onboarding-launch-standard.md,143,143,merge,RELEASE-CUSTOMER-008,,,
RULE-W6-003-142,SRC-W6-003,docs/W6-release/02-customer-pilot-onboarding-launch-standard.md,143,143,merge,RELEASE-CUSTOMER-008,,,
RULE-W6-003-143,SRC-W6-003,docs/W6-release/02-customer-pilot-onboarding-launch-standard.md,143,143,merge,RELEASE-CUSTOMER-008,,,
RULE-W6-003-144,SRC-W6-003,docs/W6-release/02-customer-pilot-onboarding-launch-standard.md,143,143,merge,RELEASE-CUSTOMER-008,,,
RULE-W6-003-145,SRC-W6-003,docs/W6-release/02-customer-pilot-onboarding-launch-standard.md,143,143,rewrite,VERIFY-AI-EVAL-FIXTURE-W6-003-L143,,,
RULE-W6-003-146,SRC-W6-003,docs/W6-release/02-customer-pilot-onboarding-launch-standard.md,143,143,rewrite,TECH-205-GOVERNANCE-CUSTOMER-PILOT-ONBOARDING-LAUNCH-S05,,,
RULE-W6-003-147,SRC-W6-003,docs/W6-release/02-customer-pilot-onboarding-launch-standard.md,144,144,merge,RELEASE-CUSTOMER-009,,,
RULE-W6-003-148,SRC-W6-003,docs/W6-release/02-customer-pilot-onboarding-launch-standard.md,144,144,rewrite,OPERATION-CUSTOMER-001,,,
RULE-W6-003-149,SRC-W6-003,docs/W6-release/02-customer-pilot-onboarding-launch-standard.md,144,144,merge,RELEASE-CUSTOMER-009,,,
RULE-W6-003-150,SRC-W6-003,docs/W6-release/02-customer-pilot-onboarding-launch-standard.md,144,144,merge,RELEASE-CUSTOMER-009,,,
RULE-W6-003-151,SRC-W6-003,docs/W6-release/02-customer-pilot-onboarding-launch-standard.md,144,144,merge,RELEASE-CUSTOMER-009,,,
RULE-W6-003-152,SRC-W6-003,docs/W6-release/02-customer-pilot-onboarding-launch-standard.md,144,144,merge,RELEASE-CUSTOMER-009,,,
RULE-W6-003-153,SRC-W6-003,docs/W6-release/02-customer-pilot-onboarding-launch-standard.md,150,150,merge,RELEASE-CUSTOMER-010,,,
RULE-W6-003-154,SRC-W6-003,docs/W6-release/02-customer-pilot-onboarding-launch-standard.md,151,151,merge,RELEASE-CUSTOMER-010,,,
RULE-W6-003-155,SRC-W6-003,docs/W6-release/02-customer-pilot-onboarding-launch-standard.md,152,152,merge,RELEASE-CUSTOMER-010,,,
RULE-W6-003-156,SRC-W6-003,docs/W6-release/02-customer-pilot-onboarding-launch-standard.md,153,153,merge,RELEASE-CUSTOMER-010,,,
RULE-W6-003-157,SRC-W6-003,docs/W6-release/02-customer-pilot-onboarding-launch-standard.md,154,154,merge,RELEASE-CUSTOMER-010,,,
RULE-W6-003-158,SRC-W6-003,docs/W6-release/02-customer-pilot-onboarding-launch-standard.md,155,155,merge,RELEASE-CUSTOMER-010,,,
RULE-W6-003-159,SRC-W6-003,docs/W6-release/02-customer-pilot-onboarding-launch-standard.md,156,156,merge,RELEASE-CUSTOMER-010,,,
RULE-W6-003-160,SRC-W6-003,docs/W6-release/02-customer-pilot-onboarding-launch-standard.md,157,157,merge,RELEASE-CUSTOMER-010,,,
RULE-W6-003-161,SRC-W6-003,docs/W6-release/02-customer-pilot-onboarding-launch-standard.md,158,158,merge,RELEASE-CUSTOMER-010,,,
RULE-W6-003-162,SRC-W6-003,docs/W6-release/02-customer-pilot-onboarding-launch-standard.md,159,159,merge,RELEASE-CUSTOMER-010,,,
RULE-W6-003-163,SRC-W6-003,docs/W6-release/02-customer-pilot-onboarding-launch-standard.md,160,160,merge,RELEASE-CUSTOMER-010,,,
RULE-W6-003-164,SRC-W6-003,docs/W6-release/02-customer-pilot-onboarding-launch-standard.md,161,161,merge,RELEASE-CUSTOMER-010,,,
RULE-W6-003-165,SRC-W6-003,docs/W6-release/02-customer-pilot-onboarding-launch-standard.md,162,162,merge,RELEASE-CUSTOMER-010,,,
RULE-W6-003-166,SRC-W6-003,docs/W6-release/02-customer-pilot-onboarding-launch-standard.md,164,164,merge,RELEASE-CUSTOMER-010,,,
RULE-W6-003-167,SRC-W6-003,docs/W6-release/02-customer-pilot-onboarding-launch-standard.md,168,168,merge,RELEASE-CUSTOMER-011,,,
RULE-W6-003-168,SRC-W6-003,docs/W6-release/02-customer-pilot-onboarding-launch-standard.md,169,169,merge,RELEASE-CUSTOMER-011,,,
RULE-W6-003-169,SRC-W6-003,docs/W6-release/02-customer-pilot-onboarding-launch-standard.md,170,170,merge,RELEASE-CUSTOMER-011,,,
RULE-W6-003-170,SRC-W6-003,docs/W6-release/02-customer-pilot-onboarding-launch-standard.md,171,171,merge,RELEASE-CUSTOMER-011,,,
RULE-W6-003-171,SRC-W6-003,docs/W6-release/02-customer-pilot-onboarding-launch-standard.md,172,172,merge,RELEASE-CUSTOMER-011,,,
RULE-W6-003-172,SRC-W6-003,docs/W6-release/02-customer-pilot-onboarding-launch-standard.md,173,173,merge,RELEASE-CUSTOMER-011,,,
RULE-W6-003-173,SRC-W6-003,docs/W6-release/02-customer-pilot-onboarding-launch-standard.md,174,174,merge,RELEASE-CUSTOMER-011,,,
RULE-W6-003-174,SRC-W6-003,docs/W6-release/02-customer-pilot-onboarding-launch-standard.md,175,175,merge,RELEASE-CUSTOMER-011,,,
RULE-W6-003-175,SRC-W6-003,docs/W6-release/02-customer-pilot-onboarding-launch-standard.md,176,176,merge,RELEASE-CUSTOMER-011,,,
RULE-W6-003-176,SRC-W6-003,docs/W6-release/02-customer-pilot-onboarding-launch-standard.md,177,177,merge,RELEASE-CUSTOMER-011,,,
RULE-W6-003-177,SRC-W6-003,docs/W6-release/02-customer-pilot-onboarding-launch-standard.md,178,178,merge,RELEASE-CUSTOMER-011,,,
RULE-W6-003-178,SRC-W6-003,docs/W6-release/02-customer-pilot-onboarding-launch-standard.md,182,182,merge,RELEASE-CUSTOMER-011,,,
RULE-W6-003-179,SRC-W6-003,docs/W6-release/02-customer-pilot-onboarding-launch-standard.md,183,183,merge,RELEASE-CUSTOMER-011,,,
RULE-W6-003-180,SRC-W6-003,docs/W6-release/02-customer-pilot-onboarding-launch-standard.md,184,184,merge,RELEASE-CUSTOMER-011,,,
RULE-W6-003-181,SRC-W6-003,docs/W6-release/02-customer-pilot-onboarding-launch-standard.md,185,185,merge,RELEASE-CUSTOMER-011,,,
RULE-W6-003-182,SRC-W6-003,docs/W6-release/02-customer-pilot-onboarding-launch-standard.md,186,186,merge,RELEASE-CUSTOMER-011,,,
RULE-W6-003-183,SRC-W6-003,docs/W6-release/02-customer-pilot-onboarding-launch-standard.md,187,187,merge,RELEASE-CUSTOMER-011,,,
RULE-W6-003-184,SRC-W6-003,docs/W6-release/02-customer-pilot-onboarding-launch-standard.md,188,188,merge,RELEASE-CUSTOMER-011,,,
RULE-W6-003-185,SRC-W6-003,docs/W6-release/02-customer-pilot-onboarding-launch-standard.md,189,189,merge,RELEASE-CUSTOMER-011,,,
RULE-W6-003-186,SRC-W6-003,docs/W6-release/02-customer-pilot-onboarding-launch-standard.md,193,193,merge,RELEASE-CUSTOMER-011,,,
RULE-W6-003-187,SRC-W6-003,docs/W6-release/02-customer-pilot-onboarding-launch-standard.md,194,194,merge,RELEASE-CUSTOMER-012,,,
RULE-W6-003-188,SRC-W6-003,docs/W6-release/02-customer-pilot-onboarding-launch-standard.md,195,195,rewrite,VERIFY-AI-EVAL-FIXTURE-W6-003-L195,,,
RULE-W6-003-189,SRC-W6-003,docs/W6-release/02-customer-pilot-onboarding-launch-standard.md,196,196,rewrite,VERIFY-EVIDENCE-W6-003-L196,,,
RULE-W6-003-190,SRC-W6-003,docs/W6-release/02-customer-pilot-onboarding-launch-standard.md,197,197,merge,RELEASE-CUSTOMER-012,,,
RULE-W6-003-191,SRC-W6-003,docs/W6-release/02-customer-pilot-onboarding-launch-standard.md,204,204,merge,EVALUATION-CUSTOMER-001,,,
RULE-W6-003-192,SRC-W6-003,docs/W6-release/02-customer-pilot-onboarding-launch-standard.md,206,206,merge,EVALUATION-CUSTOMER-001,,,
RULE-W6-003-193,SRC-W6-003,docs/W6-release/02-customer-pilot-onboarding-launch-standard.md,208,208,merge,EVALUATION-CUSTOMER-001,,,
RULE-W6-003-194,SRC-W6-003,docs/W6-release/02-customer-pilot-onboarding-launch-standard.md,210,210,merge,EVALUATION-CUSTOMER-001,,,
RULE-W6-003-195,SRC-W6-003,docs/W6-release/02-customer-pilot-onboarding-launch-standard.md,212,212,merge,EVALUATION-CUSTOMER-001,,,
RULE-W6-003-196,SRC-W6-003,docs/W6-release/02-customer-pilot-onboarding-launch-standard.md,214,214,merge,EVALUATION-CUSTOMER-001,,,
RULE-W6-003-197,SRC-W6-003,docs/W6-release/02-customer-pilot-onboarding-launch-standard.md,216,216,merge,EVALUATION-CUSTOMER-001,,,
RULE-W6-003-198,SRC-W6-003,docs/W6-release/02-customer-pilot-onboarding-launch-standard.md,218,218,merge,EVALUATION-CUSTOMER-001,,,
RULE-W6-003-199,SRC-W6-003,docs/W6-release/02-customer-pilot-onboarding-launch-standard.md,220,220,merge,EVALUATION-CUSTOMER-001,,,
RULE-W6-003-200,SRC-W6-003,docs/W6-release/02-customer-pilot-onboarding-launch-standard.md,222,222,merge,EVALUATION-CUSTOMER-001,,,
RULE-W6-003-201,SRC-W6-003,docs/W6-release/02-customer-pilot-onboarding-launch-standard.md,224,224,merge,EVALUATION-CUSTOMER-001,,,
RULE-W6-003-202,SRC-W6-003,docs/W6-release/02-customer-pilot-onboarding-launch-standard.md,226,226,merge,EVALUATION-CUSTOMER-001,,,
RULE-W6-003-203,SRC-W6-003,docs/W6-release/02-customer-pilot-onboarding-launch-standard.md,228,228,merge,EVALUATION-CUSTOMER-001,,,
RULE-W6-003-204,SRC-W6-003,docs/W6-release/02-customer-pilot-onboarding-launch-standard.md,230,230,merge,EVALUATION-CUSTOMER-001,,,
RULE-W6-003-205,SRC-W6-003,docs/W6-release/02-customer-pilot-onboarding-launch-standard.md,235,235,merge,EVALUATION-CUSTOMER-002,,,
RULE-W6-003-206,SRC-W6-003,docs/W6-release/02-customer-pilot-onboarding-launch-standard.md,235,235,merge,EVALUATION-CUSTOMER-002,,,
RULE-W6-003-207,SRC-W6-003,docs/W6-release/02-customer-pilot-onboarding-launch-standard.md,236,236,merge,EVALUATION-CUSTOMER-002,,,
RULE-W6-003-208,SRC-W6-003,docs/W6-release/02-customer-pilot-onboarding-launch-standard.md,237,237,merge,EVALUATION-CUSTOMER-002,,,
RULE-W6-003-209,SRC-W6-003,docs/W6-release/02-customer-pilot-onboarding-launch-standard.md,238,238,merge,OPERATION-SUPPORT-015,,,
RULE-W6-003-210,SRC-W6-003,docs/W6-release/02-customer-pilot-onboarding-launch-standard.md,238,238,merge,EVALUATION-CUSTOMER-002,,,
RULE-W6-003-211,SRC-W6-003,docs/W6-release/02-customer-pilot-onboarding-launch-standard.md,238,238,merge,EVALUATION-CUSTOMER-002,,,
RULE-W6-003-212,SRC-W6-003,docs/W6-release/02-customer-pilot-onboarding-launch-standard.md,238,238,merge,OPERATION-SUPPORT-015,,,
RULE-W6-003-213,SRC-W6-003,docs/W6-release/02-customer-pilot-onboarding-launch-standard.md,239,239,rewrite,TECH-237-PLANNING-GOVERNANCE-ROUTING-S01,,,
RULE-W6-003-214,SRC-W6-003,docs/W6-release/02-customer-pilot-onboarding-launch-standard.md,239,239,rewrite,VERIFY-EVIDENCE-W6-003-L239,,,
RULE-W6-003-215,SRC-W6-003,docs/W6-release/02-customer-pilot-onboarding-launch-standard.md,239,239,merge,EVALUATION-CUSTOMER-006,,,
RULE-W6-003-216,SRC-W6-003,docs/W6-release/02-customer-pilot-onboarding-launch-standard.md,246,246,merge,EVALUATION-CUSTOMER-003,,,
RULE-W6-003-217,SRC-W6-003,docs/W6-release/02-customer-pilot-onboarding-launch-standard.md,248,248,merge,EVALUATION-CUSTOMER-003,,,
RULE-W6-003-218,SRC-W6-003,docs/W6-release/02-customer-pilot-onboarding-launch-standard.md,250,250,merge,EVALUATION-CUSTOMER-003,,,
RULE-W6-003-219,SRC-W6-003,docs/W6-release/02-customer-pilot-onboarding-launch-standard.md,252,252,merge,EVALUATION-CUSTOMER-003,,,
RULE-W6-003-220,SRC-W6-003,docs/W6-release/02-customer-pilot-onboarding-launch-standard.md,254,254,merge,EVALUATION-CUSTOMER-003,,,
RULE-W6-003-221,SRC-W6-003,docs/W6-release/02-customer-pilot-onboarding-launch-standard.md,256,256,merge,EVALUATION-CUSTOMER-003,,,
RULE-W6-003-222,SRC-W6-003,docs/W6-release/02-customer-pilot-onboarding-launch-standard.md,258,258,merge,EVALUATION-CUSTOMER-003,,,
RULE-W6-003-223,SRC-W6-003,docs/W6-release/02-customer-pilot-onboarding-launch-standard.md,260,260,merge,EVALUATION-CUSTOMER-003,,,
RULE-W6-003-224,SRC-W6-003,docs/W6-release/02-customer-pilot-onboarding-launch-standard.md,262,262,merge,EVALUATION-CUSTOMER-003,,,
RULE-W6-003-225,SRC-W6-003,docs/W6-release/02-customer-pilot-onboarding-launch-standard.md,264,264,merge,EVALUATION-CUSTOMER-003,,,
RULE-W6-003-226,SRC-W6-003,docs/W6-release/02-customer-pilot-onboarding-launch-standard.md,266,266,merge,EVALUATION-CUSTOMER-003,,,
RULE-W6-003-227,SRC-W6-003,docs/W6-release/02-customer-pilot-onboarding-launch-standard.md,268,268,merge,EVALUATION-CUSTOMER-003,,,
RULE-W6-003-228,SRC-W6-003,docs/W6-release/02-customer-pilot-onboarding-launch-standard.md,273,273,merge,EVALUATION-CUSTOMER-004,,,
RULE-W6-003-229,SRC-W6-003,docs/W6-release/02-customer-pilot-onboarding-launch-standard.md,274,274,merge,EVALUATION-CUSTOMER-004,,,
RULE-W6-003-230,SRC-W6-003,docs/W6-release/02-customer-pilot-onboarding-launch-standard.md,275,275,merge,EVALUATION-CUSTOMER-006,,,
RULE-W6-003-231,SRC-W6-003,docs/W6-release/02-customer-pilot-onboarding-launch-standard.md,275,275,rewrite,VERIFY-EVIDENCE-W6-003-L275,,,
RULE-W6-003-232,SRC-W6-003,docs/W6-release/02-customer-pilot-onboarding-launch-standard.md,279,279,merge,DEFINITION-PILOT-CHARTER,,,
RULE-W6-003-233,SRC-W6-003,docs/W6-release/02-customer-pilot-onboarding-launch-standard.md,280,280,rewrite,TECH-148-AUTH-TENANT-PERMISSION-S04,,,
RULE-W6-003-234,SRC-W6-003,docs/W6-release/02-customer-pilot-onboarding-launch-standard.md,281,281,merge,RELEASE-CUSTOMER-010,,,
RULE-W6-003-235,SRC-W6-003,docs/W6-release/02-customer-pilot-onboarding-launch-standard.md,282,282,merge,EVALUATION-CUSTOMER-005,,,
RULE-W6-003-236,SRC-W6-003,docs/W6-release/02-customer-pilot-onboarding-launch-standard.md,283,283,merge,EVALUATION-CUSTOMER-005,,,
RULE-W6-003-237,SRC-W6-003,docs/W6-release/02-customer-pilot-onboarding-launch-standard.md,287,287,rewrite,IMPL-ONBOARDING-BACKEND-USECASE,,,
RULE-W6-003-238,SRC-W6-003,docs/W6-release/02-customer-pilot-onboarding-launch-standard.md,288,288,rewrite,TECH-098-API-CONTRACT-ERROR-MODEL-S02,,,
RULE-W6-003-239,SRC-W6-003,docs/W6-release/02-customer-pilot-onboarding-launch-standard.md,288,288,merge,TECH-098-API-CONTRACT-ERROR-MODEL-S02,,,
RULE-W6-003-240,SRC-W6-003,docs/W6-release/02-customer-pilot-onboarding-launch-standard.md,288,288,merge,TECH-098-API-CONTRACT-ERROR-MODEL-S02,,,
RULE-W6-003-241,SRC-W6-003,docs/W6-release/02-customer-pilot-onboarding-launch-standard.md,288,288,merge,TECH-098-API-CONTRACT-ERROR-MODEL-S02,,,
RULE-W6-003-242,SRC-W6-003,docs/W6-release/02-customer-pilot-onboarding-launch-standard.md,288,288,merge,TECH-098-API-CONTRACT-ERROR-MODEL-S02,,,
RULE-W6-003-243,SRC-W6-003,docs/W6-release/02-customer-pilot-onboarding-launch-standard.md,288,288,merge,TECH-098-API-CONTRACT-ERROR-MODEL-S02,,,
RULE-W6-003-244,SRC-W6-003,docs/W6-release/02-customer-pilot-onboarding-launch-standard.md,289,289,rewrite,TECH-098-API-CONTRACT-ERROR-MODEL-S03,,,
RULE-W6-003-245,SRC-W6-003,docs/W6-release/02-customer-pilot-onboarding-launch-standard.md,289,289,merge,TECH-098-API-CONTRACT-ERROR-MODEL-S03,,,
RULE-W6-003-246,SRC-W6-003,docs/W6-release/02-customer-pilot-onboarding-launch-standard.md,289,289,merge,TECH-098-API-CONTRACT-ERROR-MODEL-S03,,,
RULE-W6-003-247,SRC-W6-003,docs/W6-release/02-customer-pilot-onboarding-launch-standard.md,289,289,merge,TECH-098-API-CONTRACT-ERROR-MODEL-S03,,,
RULE-W6-003-248,SRC-W6-003,docs/W6-release/02-customer-pilot-onboarding-launch-standard.md,289,289,merge,TECH-098-API-CONTRACT-ERROR-MODEL-S03,,,
RULE-W6-003-249,SRC-W6-003,docs/W6-release/02-customer-pilot-onboarding-launch-standard.md,289,289,merge,TECH-098-API-CONTRACT-ERROR-MODEL-S03,,,
RULE-W6-003-250,SRC-W6-003,docs/W6-release/02-customer-pilot-onboarding-launch-standard.md,289,289,merge,TECH-098-API-CONTRACT-ERROR-MODEL-S03,,,
RULE-W6-003-251,SRC-W6-003,docs/W6-release/02-customer-pilot-onboarding-launch-standard.md,289,289,merge,TECH-098-API-CONTRACT-ERROR-MODEL-S03,,,
RULE-W6-003-252,SRC-W6-003,docs/W6-release/02-customer-pilot-onboarding-launch-standard.md,290,290,rewrite,TECH-183-DATABASE-TABLE-SCHEMA-S01,,,
RULE-W6-003-253,SRC-W6-003,docs/W6-release/02-customer-pilot-onboarding-launch-standard.md,290,290,merge,TECH-183-DATABASE-TABLE-SCHEMA-S01,,,
RULE-W6-003-254,SRC-W6-003,docs/W6-release/02-customer-pilot-onboarding-launch-standard.md,290,290,merge,TECH-183-DATABASE-TABLE-SCHEMA-S01,,,
RULE-W6-003-255,SRC-W6-003,docs/W6-release/02-customer-pilot-onboarding-launch-standard.md,290,290,merge,TECH-183-DATABASE-TABLE-SCHEMA-S01,,,
RULE-W6-003-256,SRC-W6-003,docs/W6-release/02-customer-pilot-onboarding-launch-standard.md,290,290,merge,TECH-183-DATABASE-TABLE-SCHEMA-S01,,,
RULE-W6-003-257,SRC-W6-003,docs/W6-release/02-customer-pilot-onboarding-launch-standard.md,290,290,rewrite,TECH-183-DATABASE-TABLE-SCHEMA-S02,,,
RULE-W6-003-258,SRC-W6-003,docs/W6-release/02-customer-pilot-onboarding-launch-standard.md,291,291,rewrite,TECH-148-AUTH-TENANT-PERMISSION-S05,,,
RULE-W6-003-259,SRC-W6-003,docs/W6-release/02-customer-pilot-onboarding-launch-standard.md,292,292,merge,OPERATION-ADMIN-013,,,
RULE-W6-003-260,SRC-W6-003,docs/W6-release/02-customer-pilot-onboarding-launch-standard.md,292,292,merge,OPERATION-ADMIN-013,,,
RULE-W6-003-261,SRC-W6-003,docs/W6-release/02-customer-pilot-onboarding-launch-standard.md,292,292,merge,OPERATION-ADMIN-013,,,
RULE-W6-003-262,SRC-W6-003,docs/W6-release/02-customer-pilot-onboarding-launch-standard.md,292,292,merge,OPERATION-ADMIN-013,,,
RULE-W6-003-263,SRC-W6-003,docs/W6-release/02-customer-pilot-onboarding-launch-standard.md,296,296,merge,IMPL-ONBOARDING-ADMIN-CONTENTS,,,
RULE-W6-003-264,SRC-W6-003,docs/W6-release/02-customer-pilot-onboarding-launch-standard.md,296,296,merge,IMPL-ONBOARDING-ADMIN-CONTENTS,,,
RULE-W6-003-265,SRC-W6-003,docs/W6-release/02-customer-pilot-onboarding-launch-standard.md,296,296,merge,IMPL-ONBOARDING-ADMIN-CONTENTS,,,
RULE-W6-003-266,SRC-W6-003,docs/W6-release/02-customer-pilot-onboarding-launch-standard.md,296,296,merge,IMPL-ONBOARDING-ADMIN-CONTENTS,,,
RULE-W6-003-267,SRC-W6-003,docs/W6-release/02-customer-pilot-onboarding-launch-standard.md,296,296,merge,IMPL-ONBOARDING-ADMIN-CONTENTS,,,
RULE-W6-003-268,SRC-W6-003,docs/W6-release/02-customer-pilot-onboarding-launch-standard.md,296,296,merge,IMPL-ONBOARDING-ADMIN-CONTENTS,,,
RULE-W6-003-269,SRC-W6-003,docs/W6-release/02-customer-pilot-onboarding-launch-standard.md,297,297,merge,IMPL-ONBOARDING-ADMIN-DENSITY,,,
RULE-W6-003-270,SRC-W6-003,docs/W6-release/02-customer-pilot-onboarding-launch-standard.md,297,297,merge,IMPL-ONBOARDING-ADMIN-DENSITY,,,
RULE-W6-003-271,SRC-W6-003,docs/W6-release/02-customer-pilot-onboarding-launch-standard.md,297,297,merge,IMPL-ONBOARDING-ADMIN-DENSITY,,,
RULE-W6-003-272,SRC-W6-003,docs/W6-release/02-customer-pilot-onboarding-launch-standard.md,297,297,merge,IMPL-ONBOARDING-ADMIN-DENSITY,,,
RULE-W6-003-273,SRC-W6-003,docs/W6-release/02-customer-pilot-onboarding-launch-standard.md,297,297,merge,IMPL-ONBOARDING-ADMIN-DENSITY,,,
RULE-W6-003-274,SRC-W6-003,docs/W6-release/02-customer-pilot-onboarding-launch-standard.md,298,298,merge,IMPL-CUSTOMER-ONBOARDING-VISIBLE-CONTENTS,,,
RULE-W6-003-275,SRC-W6-003,docs/W6-release/02-customer-pilot-onboarding-launch-standard.md,298,298,merge,IMPL-CUSTOMER-ONBOARDING-VISIBLE-CONTENTS,,,
RULE-W6-003-276,SRC-W6-003,docs/W6-release/02-customer-pilot-onboarding-launch-standard.md,298,298,merge,IMPL-CUSTOMER-ONBOARDING-VISIBLE-CONTENTS,,,
RULE-W6-003-277,SRC-W6-003,docs/W6-release/02-customer-pilot-onboarding-launch-standard.md,298,298,merge,IMPL-CUSTOMER-ONBOARDING-INTERNAL-REDACTION,,,
RULE-W6-003-278,SRC-W6-003,docs/W6-release/02-customer-pilot-onboarding-launch-standard.md,298,298,merge,IMPL-CUSTOMER-ONBOARDING-INTERNAL-REDACTION,,,
RULE-W6-003-279,SRC-W6-003,docs/W6-release/02-customer-pilot-onboarding-launch-standard.md,298,298,merge,IMPL-CUSTOMER-ONBOARDING-INTERNAL-REDACTION,,,
RULE-W6-003-280,SRC-W6-003,docs/W6-release/02-customer-pilot-onboarding-launch-standard.md,298,298,merge,IMPL-CUSTOMER-ONBOARDING-INTERNAL-REDACTION,,,
RULE-W6-003-281,SRC-W6-003,docs/W6-release/02-customer-pilot-onboarding-launch-standard.md,298,298,merge,IMPL-CUSTOMER-ONBOARDING-INTERNAL-REDACTION,,,
RULE-W6-003-282,SRC-W6-003,docs/W6-release/02-customer-pilot-onboarding-launch-standard.md,299,299,merge,IMPL-HIGH-RISK-ONBOARDING-ACTION,,,
RULE-W6-003-283,SRC-W6-003,docs/W6-release/02-customer-pilot-onboarding-launch-standard.md,299,299,merge,IMPL-HIGH-RISK-ONBOARDING-ACTION,,,
RULE-W6-003-284,SRC-W6-003,docs/W6-release/02-customer-pilot-onboarding-launch-standard.md,299,299,merge,IMPL-HIGH-RISK-ONBOARDING-ACTION,,,
RULE-W6-003-285,SRC-W6-003,docs/W6-release/02-customer-pilot-onboarding-launch-standard.md,299,299,merge,IMPL-HIGH-RISK-ONBOARDING-ACTION,,,
RULE-W6-003-286,SRC-W6-003,docs/W6-release/02-customer-pilot-onboarding-launch-standard.md,299,299,rewrite,VERIFY-EVIDENCE-W6-003-L299,,,
RULE-W6-003-287,SRC-W6-003,docs/W6-release/02-customer-pilot-onboarding-launch-standard.md,300,300,merge,IMPL-ONBOARDING-EMPTY-STATE,,,
RULE-W6-003-288,SRC-W6-003,docs/W6-release/02-customer-pilot-onboarding-launch-standard.md,300,300,merge,IMPL-ONBOARDING-EMPTY-STATE,,,
RULE-W6-003-289,SRC-W6-003,docs/W6-release/02-customer-pilot-onboarding-launch-standard.md,304,304,rewrite,TECH-030-AI-PROMPT-ARTIFACT-S02,,,
RULE-W6-003-290,SRC-W6-003,docs/W6-release/02-customer-pilot-onboarding-launch-standard.md,304,304,rewrite,TECH-205-GOVERNANCE-CUSTOMER-PILOT-ONBOARDING-LAUNCH-S06,,,
RULE-W6-003-291,SRC-W6-003,docs/W6-release/02-customer-pilot-onboarding-launch-standard.md,304,304,rewrite,VERIFY-AI-EVAL-FIXTURE-W6-003-L304,,,
RULE-W6-003-292,SRC-W6-003,docs/W6-release/02-customer-pilot-onboarding-launch-standard.md,304,304,merge,RELEASE-CUSTOMER-014,,,
RULE-W6-003-293,SRC-W6-003,docs/W6-release/02-customer-pilot-onboarding-launch-standard.md,305,305,merge,VERIFY-AI-EVAL-FIXTURE-W6-003-L305,,,
RULE-W6-003-294,SRC-W6-003,docs/W6-release/02-customer-pilot-onboarding-launch-standard.md,305,305,merge,VERIFY-AI-EVAL-FIXTURE-W6-003-L305,,,
RULE-W6-003-295,SRC-W6-003,docs/W6-release/02-customer-pilot-onboarding-launch-standard.md,305,305,merge,VERIFY-AI-EVAL-FIXTURE-W6-003-L305,,,
RULE-W6-003-296,SRC-W6-003,docs/W6-release/02-customer-pilot-onboarding-launch-standard.md,305,305,merge,RELEASE-CUSTOMER-014,,,
RULE-W6-003-297,SRC-W6-003,docs/W6-release/02-customer-pilot-onboarding-launch-standard.md,306,306,rewrite,VERIFY-AI-EVAL-FIXTURE-W6-003-L306,,,
RULE-W6-003-298,SRC-W6-003,docs/W6-release/02-customer-pilot-onboarding-launch-standard.md,306,306,merge,RELEASE-CUSTOMER-015,,,
RULE-W6-003-299,SRC-W6-003,docs/W6-release/02-customer-pilot-onboarding-launch-standard.md,306,306,merge,RELEASE-CUSTOMER-015,,,
RULE-W6-003-300,SRC-W6-003,docs/W6-release/02-customer-pilot-onboarding-launch-standard.md,306,306,rewrite,TECH-024-AI-MODEL-ROUTING-S02,,,
RULE-W6-003-301,SRC-W6-003,docs/W6-release/02-customer-pilot-onboarding-launch-standard.md,306,306,merge,RELEASE-CUSTOMER-015,,,
RULE-W6-003-302,SRC-W6-003,docs/W6-release/02-customer-pilot-onboarding-launch-standard.md,306,306,merge,RELEASE-CUSTOMER-015,,,
RULE-W6-003-303,SRC-W6-003,docs/W6-release/02-customer-pilot-onboarding-launch-standard.md,307,307,rewrite,VERIFY-EVIDENCE-W6-003-L307,,,
RULE-W6-003-304,SRC-W6-003,docs/W6-release/02-customer-pilot-onboarding-launch-standard.md,313,313,merge,EVALUATION-HUMAN-008,,,
RULE-W6-003-305,SRC-W6-003,docs/W6-release/02-customer-pilot-onboarding-launch-standard.md,317,317,merge,RELEASE-CUSTOMER-012,,,
RULE-W6-003-306,SRC-W6-003,docs/W6-release/02-customer-pilot-onboarding-launch-standard.md,318,318,merge,RELEASE-CUSTOMER-012,,,
RULE-W6-003-307,SRC-W6-003,docs/W6-release/02-customer-pilot-onboarding-launch-standard.md,319,319,merge,RELEASE-CUSTOMER-012,,,
RULE-W6-003-308,SRC-W6-003,docs/W6-release/02-customer-pilot-onboarding-launch-standard.md,320,320,merge,RELEASE-CUSTOMER-012,,,
RULE-W6-003-309,SRC-W6-003,docs/W6-release/02-customer-pilot-onboarding-launch-standard.md,321,321,merge,RELEASE-CLAIM-005,,,
RULE-W6-003-310,SRC-W6-003,docs/W6-release/02-customer-pilot-onboarding-launch-standard.md,322,322,split,RELEASE-CUSTOMER-012;RELEASE-CUSTOMER-018,,,
RULE-W6-003-311,SRC-W6-003,docs/W6-release/02-customer-pilot-onboarding-launch-standard.md,323,323,rewrite,RELEASE-CUSTOMER-017,,,
RULE-W6-003-312,SRC-W6-003,docs/W6-release/02-customer-pilot-onboarding-launch-standard.md,325,325,rewrite,VERIFY-AI-EVAL-FIXTURE-W6-003-L325,,,
RULE-W6-004-001,SRC-W6-004,docs/W6-release/03-external-claim-evidence-release-gate-standard.md,3,3,merge,DEFINITION-CLAIM-APPLICABILITY,,,
RULE-W6-004-002,SRC-W6-004,docs/W6-release/03-external-claim-evidence-release-gate-standard.md,3,3,merge,DEFINITION-NORM-PRECEDENCE,,,
RULE-W6-004-003,SRC-W6-004,docs/W6-release/03-external-claim-evidence-release-gate-standard.md,7,7,merge,DEFINITION-CLAIM-APPLICABILITY,,,
RULE-W6-004-004,SRC-W6-004,docs/W6-release/03-external-claim-evidence-release-gate-standard.md,9,9,supersede,RELEASE-SCOPE-003,,,
RULE-W6-004-005,SRC-W6-004,docs/W6-release/03-external-claim-evidence-release-gate-standard.md,13,13,merge,VERIFY-EXTERNAL-CLAIM-TRACEABILITY,,,
RULE-W6-004-006,SRC-W6-004,docs/W6-release/03-external-claim-evidence-release-gate-standard.md,13,13,merge,RELEASE-CLAIM-004,,,
RULE-W6-004-007,SRC-W6-004,docs/W6-release/03-external-claim-evidence-release-gate-standard.md,13,13,merge,VERIFY-EXTERNAL-CLAIM-TRACEABILITY,,,
RULE-W6-004-008,SRC-W6-004,docs/W6-release/03-external-claim-evidence-release-gate-standard.md,13,13,merge,RELEASE-CLAIM-004,,,
RULE-W6-004-009,SRC-W6-004,docs/W6-release/03-external-claim-evidence-release-gate-standard.md,13,13,merge,RELEASE-CLAIM-004,,,
RULE-W6-004-010,SRC-W6-004,docs/W6-release/03-external-claim-evidence-release-gate-standard.md,15,15,rewrite,VERIFY-EXTERNAL-CLAIM-COMMITMENT-FP-W6-004-L015,,,
RULE-W6-004-011,SRC-W6-004,docs/W6-release/03-external-claim-evidence-release-gate-standard.md,15,15,merge,RELEASE-CLAIM-010,,,
RULE-W6-004-012,SRC-W6-004,docs/W6-release/03-external-claim-evidence-release-gate-standard.md,17,17,merge,RELEASE-CLAIM-001,,,
RULE-W6-004-013,SRC-W6-004,docs/W6-release/03-external-claim-evidence-release-gate-standard.md,17,17,merge,VERIFY-EXTERNAL-CLAIM-EVIDENCE-GATE,,,
RULE-W6-004-014,SRC-W6-004,docs/W6-release/03-external-claim-evidence-release-gate-standard.md,17,17,merge,VERIFY-EXTERNAL-CLAIM-EVIDENCE-GATE,,,
RULE-W6-004-015,SRC-W6-004,docs/W6-release/03-external-claim-evidence-release-gate-standard.md,36,36,supersede,RELEASE-CLAIM-001,,,
RULE-W6-004-016,SRC-W6-004,docs/W6-release/03-external-claim-evidence-release-gate-standard.md,37,37,merge,EXPERIENCE-UX-APPLICABILITY,,,
RULE-W6-004-017,SRC-W6-004,docs/W6-release/03-external-claim-evidence-release-gate-standard.md,38,38,merge,DEFINITION-CLAIM-APPLICABILITY,,,
RULE-W6-004-018,SRC-W6-004,docs/W6-release/03-external-claim-evidence-release-gate-standard.md,39,39,supersede,RELEASE-CLAIM-001,,,
RULE-W6-004-019,SRC-W6-004,docs/W6-release/03-external-claim-evidence-release-gate-standard.md,43,43,merge,DEFINITION-CLAIM-APPLICABILITY,,,
RULE-W6-004-020,SRC-W6-004,docs/W6-release/03-external-claim-evidence-release-gate-standard.md,44,44,merge,DEFINITION-CLAIM-APPLICABILITY,,,
RULE-W6-004-021,SRC-W6-004,docs/W6-release/03-external-claim-evidence-release-gate-standard.md,45,45,rewrite,VERIFY-EXTERNAL-CLAIM-GOVERNANCE-BOUNDARY,,,
RULE-W6-004-022,SRC-W6-004,docs/W6-release/03-external-claim-evidence-release-gate-standard.md,49,49,merge,DEFINITION-CLAIM-TARGET-IDENTITY,,,
RULE-W6-004-023,SRC-W6-004,docs/W6-release/03-external-claim-evidence-release-gate-standard.md,53,53,merge,DEFINITION-CLAIM-TARGET-IDENTITY,,,
RULE-W6-004-024,SRC-W6-004,docs/W6-release/03-external-claim-evidence-release-gate-standard.md,54,54,rewrite,VERIFY-CLAIM-EVIDENCE-MAP-REQUIREMENT,,,
RULE-W6-004-025,SRC-W6-004,docs/W6-release/03-external-claim-evidence-release-gate-standard.md,55,55,merge,RELEASE-CLAIM-002,,,
RULE-W6-004-026,SRC-W6-004,docs/W6-release/03-external-claim-evidence-release-gate-standard.md,56,56,merge,OPERATION-CLAIM-001,,,
RULE-W6-004-027,SRC-W6-004,docs/W6-release/03-external-claim-evidence-release-gate-standard.md,57,57,merge,EVALUATION-CLAIM-001,,,
RULE-W6-004-028,SRC-W6-004,docs/W6-release/03-external-claim-evidence-release-gate-standard.md,64,64,merge,DEFINITION-CLAIM-SURFACE-INVENTORY,,,
RULE-W6-004-029,SRC-W6-004,docs/W6-release/03-external-claim-evidence-release-gate-standard.md,65,65,merge,DEFINITION-CLAIM-SURFACE-INVENTORY,,,
RULE-W6-004-030,SRC-W6-004,docs/W6-release/03-external-claim-evidence-release-gate-standard.md,66,66,merge,DEFINITION-CLAIM-SURFACE-INVENTORY,,,
RULE-W6-004-031,SRC-W6-004,docs/W6-release/03-external-claim-evidence-release-gate-standard.md,67,67,merge,DEFINITION-CLAIM-SURFACE-INVENTORY,,,
RULE-W6-004-032,SRC-W6-004,docs/W6-release/03-external-claim-evidence-release-gate-standard.md,68,68,merge,DEFINITION-CLAIM-SURFACE-INVENTORY,,,
RULE-W6-004-033,SRC-W6-004,docs/W6-release/03-external-claim-evidence-release-gate-standard.md,69,69,merge,DEFINITION-CLAIM-SURFACE-INVENTORY,,,
RULE-W6-004-034,SRC-W6-004,docs/W6-release/03-external-claim-evidence-release-gate-standard.md,70,70,merge,DEFINITION-CLAIM-SURFACE-INVENTORY,,,
RULE-W6-004-035,SRC-W6-004,docs/W6-release/03-external-claim-evidence-release-gate-standard.md,71,71,merge,DEFINITION-CLAIM-SURFACE-INVENTORY,,,
RULE-W6-004-036,SRC-W6-004,docs/W6-release/03-external-claim-evidence-release-gate-standard.md,72,72,merge,DEFINITION-CLAIM-SURFACE-INVENTORY,,,
RULE-W6-004-037,SRC-W6-004,docs/W6-release/03-external-claim-evidence-release-gate-standard.md,76,76,merge,DEFINITION-CLAIM-SURFACE-INVENTORY,,,
RULE-W6-004-038,SRC-W6-004,docs/W6-release/03-external-claim-evidence-release-gate-standard.md,77,77,merge,DEFINITION-CLAIM-SURFACE-INVENTORY,,,
RULE-W6-004-039,SRC-W6-004,docs/W6-release/03-external-claim-evidence-release-gate-standard.md,78,78,merge,DEFINITION-CLAIM-SURFACE-INVENTORY,,,
RULE-W6-004-040,SRC-W6-004,docs/W6-release/03-external-claim-evidence-release-gate-standard.md,79,79,merge,DEFINITION-CLAIM-SURFACE-INVENTORY,,,
RULE-W6-004-041,SRC-W6-004,docs/W6-release/03-external-claim-evidence-release-gate-standard.md,80,80,merge,DEFINITION-CLAIM-SURFACE-INVENTORY,,,
RULE-W6-004-042,SRC-W6-004,docs/W6-release/03-external-claim-evidence-release-gate-standard.md,81,81,merge,DEFINITION-CLAIM-SURFACE-INVENTORY,,,
RULE-W6-004-043,SRC-W6-004,docs/W6-release/03-external-claim-evidence-release-gate-standard.md,82,82,rewrite,VERIFY-EXTERNAL-CLAIM-EVIDENCE-RELEASE-GATE-W6-004-L082,,,
RULE-W6-004-044,SRC-W6-004,docs/W6-release/03-external-claim-evidence-release-gate-standard.md,83,83,merge,DEFINITION-CLAIM-SURFACE-INVENTORY,,,
RULE-W6-004-045,SRC-W6-004,docs/W6-release/03-external-claim-evidence-release-gate-standard.md,84,84,merge,DEFINITION-CLAIM-SURFACE-INVENTORY,,,
RULE-W6-004-046,SRC-W6-004,docs/W6-release/03-external-claim-evidence-release-gate-standard.md,88,99,merge,DEFINITION-CLAIM-SURFACE-INVENTORY,,,
RULE-W6-004-047,SRC-W6-004,docs/W6-release/03-external-claim-evidence-release-gate-standard.md,103,103,merge,DEFINITION-CLAIM-SURFACE-INVENTORY,,,
RULE-W6-004-048,SRC-W6-004,docs/W6-release/03-external-claim-evidence-release-gate-standard.md,104,104,rewrite,VERIFY-EXTERNAL-CLAIM-COMMITMENT-FP-W6-004-L104,,,
RULE-W6-004-049,SRC-W6-004,docs/W6-release/03-external-claim-evidence-release-gate-standard.md,105,105,merge,DEFINITION-CLAIM-SURFACE-INVENTORY,,,
RULE-W6-004-050,SRC-W6-004,docs/W6-release/03-external-claim-evidence-release-gate-standard.md,105,105,merge,DEFINITION-CLAIM-SURFACE-INVENTORY,,,
RULE-W6-004-051,SRC-W6-004,docs/W6-release/03-external-claim-evidence-release-gate-standard.md,111,111,merge,VERIFY-CLAIM-EVIDENCE-MAP-SCHEMA,,,
RULE-W6-004-052,SRC-W6-004,docs/W6-release/03-external-claim-evidence-release-gate-standard.md,112,112,merge,VERIFY-CLAIM-EVIDENCE-MAP-SCHEMA,,,
RULE-W6-004-053,SRC-W6-004,docs/W6-release/03-external-claim-evidence-release-gate-standard.md,113,113,merge,VERIFY-CLAIM-EVIDENCE-MAP-SCHEMA,,,
RULE-W6-004-054,SRC-W6-004,docs/W6-release/03-external-claim-evidence-release-gate-standard.md,114,114,merge,VERIFY-CLAIM-EVIDENCE-MAP-SCHEMA,,,
RULE-W6-004-055,SRC-W6-004,docs/W6-release/03-external-claim-evidence-release-gate-standard.md,115,115,merge,VERIFY-CLAIM-EVIDENCE-MAP-SCHEMA,,,
RULE-W6-004-056,SRC-W6-004,docs/W6-release/03-external-claim-evidence-release-gate-standard.md,116,116,merge,VERIFY-CLAIM-EVIDENCE-MAP-SCHEMA,,,
RULE-W6-004-057,SRC-W6-004,docs/W6-release/03-external-claim-evidence-release-gate-standard.md,117,117,merge,VERIFY-CLAIM-EVIDENCE-MAP-SCHEMA,,,
RULE-W6-004-058,SRC-W6-004,docs/W6-release/03-external-claim-evidence-release-gate-standard.md,118,118,merge,VERIFY-CLAIM-EVIDENCE-MAP-SCHEMA,,,
RULE-W6-004-059,SRC-W6-004,docs/W6-release/03-external-claim-evidence-release-gate-standard.md,122,122,rewrite,VERIFY-EXTERNAL-CLAIM-COMMITMENT-FP-W6-004-L122,,,
RULE-W6-004-060,SRC-W6-004,docs/W6-release/03-external-claim-evidence-release-gate-standard.md,123,123,rewrite,VERIFY-EXTERNAL-CLAIM-COMMITMENT-FP-W6-004-L123,,,
RULE-W6-004-061,SRC-W6-004,docs/W6-release/03-external-claim-evidence-release-gate-standard.md,124,124,rewrite,VERIFY-EXTERNAL-CLAIM-COMMITMENT-FP-W6-004-L124,,,
RULE-W6-004-062,SRC-W6-004,docs/W6-release/03-external-claim-evidence-release-gate-standard.md,125,125,rewrite,VERIFY-EXTERNAL-CLAIM-COMMITMENT-FP-W6-004-L125,,,
RULE-W6-004-063,SRC-W6-004,docs/W6-release/03-external-claim-evidence-release-gate-standard.md,126,126,rewrite,VERIFY-EXTERNAL-CLAIM-COMMITMENT-FP-W6-004-L126,,,
RULE-W6-004-064,SRC-W6-004,docs/W6-release/03-external-claim-evidence-release-gate-standard.md,127,127,rewrite,VERIFY-EXTERNAL-CLAIM-COMMITMENT-FP-W6-004-L127,,,
RULE-W6-004-065,SRC-W6-004,docs/W6-release/03-external-claim-evidence-release-gate-standard.md,128,128,rewrite,VERIFY-CLAIM-ENTRY-EVIDENCE-REF,,,
RULE-W6-004-066,SRC-W6-004,docs/W6-release/03-external-claim-evidence-release-gate-standard.md,129,129,rewrite,VERIFY-EXTERNAL-CLAIM-COMMITMENT-FP-W6-004-L129,,,
RULE-W6-004-067,SRC-W6-004,docs/W6-release/03-external-claim-evidence-release-gate-standard.md,130,130,rewrite,VERIFY-EXTERNAL-CLAIM-COMMITMENT-FP-W6-004-L130,,,
RULE-W6-004-068,SRC-W6-004,docs/W6-release/03-external-claim-evidence-release-gate-standard.md,131,131,rewrite,VERIFY-EXTERNAL-CLAIM-COMMITMENT-FP-W6-004-L131,,,
RULE-W6-004-069,SRC-W6-004,docs/W6-release/03-external-claim-evidence-release-gate-standard.md,132,132,rewrite,VERIFY-EXTERNAL-CLAIM-COMMITMENT-FP-W6-004-L132,,,
RULE-W6-004-070,SRC-W6-004,docs/W6-release/03-external-claim-evidence-release-gate-standard.md,133,133,rewrite,VERIFY-EXTERNAL-CLAIM-COMMITMENT-FP-W6-004-L133,,,
RULE-W6-004-071,SRC-W6-004,docs/W6-release/03-external-claim-evidence-release-gate-standard.md,137,152,rewrite,VERIFY-CLAIM-TYPE-ENUM,,,
RULE-W6-004-072,SRC-W6-004,docs/W6-release/03-external-claim-evidence-release-gate-standard.md,156,162,rewrite,VERIFY-AI-EVAL-FIXTURE-W6-004-L156,,,
RULE-W6-004-073,SRC-W6-004,docs/W6-release/03-external-claim-evidence-release-gate-standard.md,166,166,rewrite,VERIFY-EXTERNAL-CLAIM-COMMITMENT-FP-W6-004-L166,,,
RULE-W6-004-074,SRC-W6-004,docs/W6-release/03-external-claim-evidence-release-gate-standard.md,167,167,rewrite,TECH-194-EXTERNAL-CLAIM-COMMITMENT-S01,,,
RULE-W6-004-075,SRC-W6-004,docs/W6-release/03-external-claim-evidence-release-gate-standard.md,168,168,rewrite,TECH-194-EXTERNAL-CLAIM-COMMITMENT-S02,,,
RULE-W6-004-076,SRC-W6-004,docs/W6-release/03-external-claim-evidence-release-gate-standard.md,169,169,merge,VERIFY-CLAIM-EVIDENCE-SOURCE-SAFETY,,,
RULE-W6-004-077,SRC-W6-004,docs/W6-release/03-external-claim-evidence-release-gate-standard.md,169,169,merge,VERIFY-CLAIM-EVIDENCE-SOURCE-SAFETY,,,
RULE-W6-004-078,SRC-W6-004,docs/W6-release/03-external-claim-evidence-release-gate-standard.md,175,175,merge,RELEASE-CLAIM-002,,,
RULE-W6-004-079,SRC-W6-004,docs/W6-release/03-external-claim-evidence-release-gate-standard.md,176,176,merge,RELEASE-CLAIM-002,,,
RULE-W6-004-080,SRC-W6-004,docs/W6-release/03-external-claim-evidence-release-gate-standard.md,177,177,merge,RELEASE-CLAIM-002,,,
RULE-W6-004-081,SRC-W6-004,docs/W6-release/03-external-claim-evidence-release-gate-standard.md,178,178,merge,RELEASE-CLAIM-002,,,
RULE-W6-004-082,SRC-W6-004,docs/W6-release/03-external-claim-evidence-release-gate-standard.md,179,179,merge,RELEASE-CLAIM-002,,,
RULE-W6-004-083,SRC-W6-004,docs/W6-release/03-external-claim-evidence-release-gate-standard.md,180,180,merge,RELEASE-CLAIM-002,,,
RULE-W6-004-084,SRC-W6-004,docs/W6-release/03-external-claim-evidence-release-gate-standard.md,181,181,merge,RELEASE-CLAIM-002,,,
RULE-W6-004-085,SRC-W6-004,docs/W6-release/03-external-claim-evidence-release-gate-standard.md,182,182,merge,RELEASE-CLAIM-002,,,
RULE-W6-004-086,SRC-W6-004,docs/W6-release/03-external-claim-evidence-release-gate-standard.md,183,183,merge,RELEASE-CLAIM-002,,,
RULE-W6-004-087,SRC-W6-004,docs/W6-release/03-external-claim-evidence-release-gate-standard.md,184,184,merge,RELEASE-CLAIM-002,,,
RULE-W6-004-088,SRC-W6-004,docs/W6-release/03-external-claim-evidence-release-gate-standard.md,185,185,merge,RELEASE-CLAIM-002,,,
RULE-W6-004-089,SRC-W6-004,docs/W6-release/03-external-claim-evidence-release-gate-standard.md,186,186,merge,RELEASE-CLAIM-002,,,
RULE-W6-004-090,SRC-W6-004,docs/W6-release/03-external-claim-evidence-release-gate-standard.md,187,187,merge,RELEASE-CLAIM-002,,,
RULE-W6-004-091,SRC-W6-004,docs/W6-release/03-external-claim-evidence-release-gate-standard.md,191,191,merge,RELEASE-CLAIM-003,,,
RULE-W6-004-092,SRC-W6-004,docs/W6-release/03-external-claim-evidence-release-gate-standard.md,192,192,merge,RELEASE-CLAIM-003,,,
RULE-W6-004-093,SRC-W6-004,docs/W6-release/03-external-claim-evidence-release-gate-standard.md,193,193,merge,RELEASE-CLAIM-003,,,
RULE-W6-004-094,SRC-W6-004,docs/W6-release/03-external-claim-evidence-release-gate-standard.md,194,194,merge,RELEASE-CLAIM-003,,,
RULE-W6-004-095,SRC-W6-004,docs/W6-release/03-external-claim-evidence-release-gate-standard.md,195,195,merge,RELEASE-CLAIM-003,,,
RULE-W6-004-096,SRC-W6-004,docs/W6-release/03-external-claim-evidence-release-gate-standard.md,196,196,merge,RELEASE-CLAIM-003,,,
RULE-W6-004-097,SRC-W6-004,docs/W6-release/03-external-claim-evidence-release-gate-standard.md,197,197,merge,RELEASE-CLAIM-003,,,
RULE-W6-004-098,SRC-W6-004,docs/W6-release/03-external-claim-evidence-release-gate-standard.md,198,198,merge,RELEASE-CLAIM-003,,,
RULE-W6-004-099,SRC-W6-004,docs/W6-release/03-external-claim-evidence-release-gate-standard.md,202,202,merge,RELEASE-CLAIM-001,,,
RULE-W6-004-100,SRC-W6-004,docs/W6-release/03-external-claim-evidence-release-gate-standard.md,203,203,merge,RELEASE-CLAIM-006,,,
RULE-W6-004-101,SRC-W6-004,docs/W6-release/03-external-claim-evidence-release-gate-standard.md,204,204,merge,RELEASE-CLAIM-007,,,
RULE-W6-004-102,SRC-W6-004,docs/W6-release/03-external-claim-evidence-release-gate-standard.md,204,204,merge,RELEASE-CLAIM-007,,,
RULE-W6-004-103,SRC-W6-004,docs/W6-release/03-external-claim-evidence-release-gate-standard.md,204,204,merge,RELEASE-CLAIM-007,,,
RULE-W6-004-104,SRC-W6-004,docs/W6-release/03-external-claim-evidence-release-gate-standard.md,204,204,merge,RELEASE-CLAIM-007,,,
RULE-W6-004-105,SRC-W6-004,docs/W6-release/03-external-claim-evidence-release-gate-standard.md,205,205,rewrite,RELEASE-CLAIM-008,,,
RULE-W6-004-106,SRC-W6-004,docs/W6-release/03-external-claim-evidence-release-gate-standard.md,212,212,merge,OPERATION-CLAIM-001,,,
RULE-W6-004-107,SRC-W6-004,docs/W6-release/03-external-claim-evidence-release-gate-standard.md,214,214,merge,OPERATION-CLAIM-001,,,
RULE-W6-004-108,SRC-W6-004,docs/W6-release/03-external-claim-evidence-release-gate-standard.md,216,216,merge,OPERATION-CLAIM-001,,,
RULE-W6-004-109,SRC-W6-004,docs/W6-release/03-external-claim-evidence-release-gate-standard.md,218,218,merge,OPERATION-CLAIM-001,,,
RULE-W6-004-110,SRC-W6-004,docs/W6-release/03-external-claim-evidence-release-gate-standard.md,220,220,merge,OPERATION-CLAIM-001,,,
RULE-W6-004-111,SRC-W6-004,docs/W6-release/03-external-claim-evidence-release-gate-standard.md,222,222,merge,OPERATION-CLAIM-001,,,
RULE-W6-004-112,SRC-W6-004,docs/W6-release/03-external-claim-evidence-release-gate-standard.md,224,224,merge,OPERATION-CLAIM-001,,,
RULE-W6-004-113,SRC-W6-004,docs/W6-release/03-external-claim-evidence-release-gate-standard.md,226,226,merge,OPERATION-CLAIM-001,,,
RULE-W6-004-114,SRC-W6-004,docs/W6-release/03-external-claim-evidence-release-gate-standard.md,228,228,merge,OPERATION-CLAIM-001,,,
RULE-W6-004-115,SRC-W6-004,docs/W6-release/03-external-claim-evidence-release-gate-standard.md,230,230,merge,OPERATION-CLAIM-001,,,
RULE-W6-004-116,SRC-W6-004,docs/W6-release/03-external-claim-evidence-release-gate-standard.md,232,232,merge,OPERATION-CLAIM-001,,,
RULE-W6-004-117,SRC-W6-004,docs/W6-release/03-external-claim-evidence-release-gate-standard.md,237,237,rewrite,VERIFY-CLAIM-CORRECTION-TRIGGER,,,
RULE-W6-004-118,SRC-W6-004,docs/W6-release/03-external-claim-evidence-release-gate-standard.md,238,238,merge,VERIFY-CLAIM-CORRECTION-SURFACE-CHECKS,,,
RULE-W6-004-119,SRC-W6-004,docs/W6-release/03-external-claim-evidence-release-gate-standard.md,238,238,merge,VERIFY-CLAIM-CORRECTION-SURFACE-CHECKS,,,
RULE-W6-004-120,SRC-W6-004,docs/W6-release/03-external-claim-evidence-release-gate-standard.md,238,238,merge,VERIFY-CLAIM-CORRECTION-SURFACE-CHECKS,,,
RULE-W6-004-121,SRC-W6-004,docs/W6-release/03-external-claim-evidence-release-gate-standard.md,238,238,merge,VERIFY-CLAIM-CORRECTION-SURFACE-CHECKS,,,
RULE-W6-004-122,SRC-W6-004,docs/W6-release/03-external-claim-evidence-release-gate-standard.md,238,238,merge,VERIFY-CLAIM-CORRECTION-SURFACE-CHECKS,,,
RULE-W6-004-123,SRC-W6-004,docs/W6-release/03-external-claim-evidence-release-gate-standard.md,238,238,merge,VERIFY-CLAIM-CORRECTION-SURFACE-CHECKS,,,
RULE-W6-004-124,SRC-W6-004,docs/W6-release/03-external-claim-evidence-release-gate-standard.md,238,238,merge,VERIFY-CLAIM-CORRECTION-SURFACE-CHECKS,,,
RULE-W6-004-125,SRC-W6-004,docs/W6-release/03-external-claim-evidence-release-gate-standard.md,238,238,merge,VERIFY-CLAIM-CORRECTION-SURFACE-CHECKS,,,
RULE-W6-004-126,SRC-W6-004,docs/W6-release/03-external-claim-evidence-release-gate-standard.md,238,238,merge,VERIFY-CLAIM-CORRECTION-SURFACE-CHECKS,,,
RULE-W6-004-127,SRC-W6-004,docs/W6-release/03-external-claim-evidence-release-gate-standard.md,239,239,rewrite,TECH-228-NOTIFICATION-MESSAGING-S01,,,
RULE-W6-004-128,SRC-W6-004,docs/W6-release/03-external-claim-evidence-release-gate-standard.md,240,240,merge,VERIFY-CLAIM-EVIDENCE-PRESERVATION,,,
RULE-W6-004-129,SRC-W6-004,docs/W6-release/03-external-claim-evidence-release-gate-standard.md,240,240,rewrite,TECH-194-EXTERNAL-CLAIM-COMMITMENT-S03,,,
RULE-W6-004-130,SRC-W6-004,docs/W6-release/03-external-claim-evidence-release-gate-standard.md,240,240,merge,VERIFY-CLAIM-EVIDENCE-PRESERVATION,,,
RULE-W6-004-131,SRC-W6-004,docs/W6-release/03-external-claim-evidence-release-gate-standard.md,240,240,merge,VERIFY-CLAIM-EVIDENCE-PRESERVATION,,,
RULE-W6-004-132,SRC-W6-004,docs/W6-release/03-external-claim-evidence-release-gate-standard.md,247,247,merge,EVALUATION-CLAIM-001,,,
RULE-W6-004-133,SRC-W6-004,docs/W6-release/03-external-claim-evidence-release-gate-standard.md,249,249,merge,EVALUATION-CLAIM-001,,,
RULE-W6-004-134,SRC-W6-004,docs/W6-release/03-external-claim-evidence-release-gate-standard.md,251,251,merge,EVALUATION-CLAIM-001,,,
RULE-W6-004-135,SRC-W6-004,docs/W6-release/03-external-claim-evidence-release-gate-standard.md,253,253,merge,EVALUATION-CLAIM-001,,,
RULE-W6-004-136,SRC-W6-004,docs/W6-release/03-external-claim-evidence-release-gate-standard.md,255,255,merge,EVALUATION-CLAIM-001,,,
RULE-W6-004-137,SRC-W6-004,docs/W6-release/03-external-claim-evidence-release-gate-standard.md,257,257,merge,EVALUATION-CLAIM-001,,,
RULE-W6-004-138,SRC-W6-004,docs/W6-release/03-external-claim-evidence-release-gate-standard.md,259,259,merge,EVALUATION-CLAIM-001,,,
RULE-W6-004-139,SRC-W6-004,docs/W6-release/03-external-claim-evidence-release-gate-standard.md,261,261,merge,EVALUATION-CLAIM-001,,,
RULE-W6-004-140,SRC-W6-004,docs/W6-release/03-external-claim-evidence-release-gate-standard.md,263,263,merge,EVALUATION-CLAIM-001,,,
RULE-W6-004-141,SRC-W6-004,docs/W6-release/03-external-claim-evidence-release-gate-standard.md,265,265,merge,EVALUATION-CLAIM-001,,,
RULE-W6-004-142,SRC-W6-004,docs/W6-release/03-external-claim-evidence-release-gate-standard.md,267,267,merge,EVALUATION-CLAIM-001,,,
RULE-W6-004-143,SRC-W6-004,docs/W6-release/03-external-claim-evidence-release-gate-standard.md,269,269,merge,EVALUATION-CLAIM-001,,,
RULE-W6-004-144,SRC-W6-004,docs/W6-release/03-external-claim-evidence-release-gate-standard.md,274,274,merge,EVALUATION-CLAIM-002,,,
RULE-W6-004-145,SRC-W6-004,docs/W6-release/03-external-claim-evidence-release-gate-standard.md,275,275,rewrite,RELEASE-CLAIM-009,,,
RULE-W6-004-146,SRC-W6-004,docs/W6-release/03-external-claim-evidence-release-gate-standard.md,276,276,merge,EVALUATION-CLAIM-002,,,
RULE-W6-004-147,SRC-W6-004,docs/W6-release/03-external-claim-evidence-release-gate-standard.md,280,280,merge,RELEASE-CLAIM-010,,,
RULE-W6-004-148,SRC-W6-004,docs/W6-release/03-external-claim-evidence-release-gate-standard.md,281,281,rewrite,TECH-184-DATABASE-TABLE-SCHEMA-S01,,,
RULE-W6-004-149,SRC-W6-004,docs/W6-release/03-external-claim-evidence-release-gate-standard.md,281,281,merge,TECH-184-DATABASE-TABLE-SCHEMA-S01,,,
RULE-W6-004-150,SRC-W6-004,docs/W6-release/03-external-claim-evidence-release-gate-standard.md,281,281,merge,TECH-184-DATABASE-TABLE-SCHEMA-S01,,,
RULE-W6-004-151,SRC-W6-004,docs/W6-release/03-external-claim-evidence-release-gate-standard.md,281,281,merge,TECH-184-DATABASE-TABLE-SCHEMA-S01,,,
RULE-W6-004-152,SRC-W6-004,docs/W6-release/03-external-claim-evidence-release-gate-standard.md,281,281,merge,TECH-184-DATABASE-TABLE-SCHEMA-S01,,,
RULE-W6-004-153,SRC-W6-004,docs/W6-release/03-external-claim-evidence-release-gate-standard.md,281,281,merge,TECH-184-DATABASE-TABLE-SCHEMA-S01,,,
RULE-W6-004-154,SRC-W6-004,docs/W6-release/03-external-claim-evidence-release-gate-standard.md,282,282,merge,IMPL-CLAIM-CONTROL-API-BOUNDARY,,,
RULE-W6-004-155,SRC-W6-004,docs/W6-release/03-external-claim-evidence-release-gate-standard.md,282,282,merge,IMPL-CLAIM-CONTROL-API-BOUNDARY,,,
RULE-W6-004-156,SRC-W6-004,docs/W6-release/03-external-claim-evidence-release-gate-standard.md,283,283,merge,RELEASE-CLAIM-010,,,
RULE-W6-004-157,SRC-W6-004,docs/W6-release/03-external-claim-evidence-release-gate-standard.md,284,284,merge,DEFINITION-CLAIM-AUDIT-EVENT,,,
RULE-W6-004-158,SRC-W6-004,docs/W6-release/03-external-claim-evidence-release-gate-standard.md,284,284,merge,DEFINITION-CLAIM-AUDIT-EVENT,,,
RULE-W6-004-159,SRC-W6-004,docs/W6-release/03-external-claim-evidence-release-gate-standard.md,284,284,merge,DEFINITION-CLAIM-AUDIT-EVENT,,,
RULE-W6-004-160,SRC-W6-004,docs/W6-release/03-external-claim-evidence-release-gate-standard.md,284,284,merge,DEFINITION-CLAIM-AUDIT-EVENT,,,
RULE-W6-004-161,SRC-W6-004,docs/W6-release/03-external-claim-evidence-release-gate-standard.md,284,284,rewrite,VERIFY-CLAIM-GATE-LOG,,,
RULE-W6-004-162,SRC-W6-004,docs/W6-release/03-external-claim-evidence-release-gate-standard.md,284,284,merge,DEFINITION-CLAIM-AUDIT-EVENT,,,
RULE-W6-004-163,SRC-W6-004,docs/W6-release/03-external-claim-evidence-release-gate-standard.md,284,284,merge,DEFINITION-CLAIM-AUDIT-EVENT,,,
RULE-W6-004-164,SRC-W6-004,docs/W6-release/03-external-claim-evidence-release-gate-standard.md,284,284,rewrite,TECH-194-EXTERNAL-CLAIM-COMMITMENT-S04,,,
RULE-W6-004-165,SRC-W6-004,docs/W6-release/03-external-claim-evidence-release-gate-standard.md,288,288,merge,DEFINITION-CLAIM-PRESENTATION,,,
RULE-W6-004-166,SRC-W6-004,docs/W6-release/03-external-claim-evidence-release-gate-standard.md,288,288,merge,DEFINITION-CLAIM-PRESENTATION,,,
RULE-W6-004-167,SRC-W6-004,docs/W6-release/03-external-claim-evidence-release-gate-standard.md,289,289,merge,DEFINITION-CLAIM-PRESENTATION,,,
RULE-W6-004-168,SRC-W6-004,docs/W6-release/03-external-claim-evidence-release-gate-standard.md,290,290,merge,RELEASE-CLAIM-006,,,
RULE-W6-004-169,SRC-W6-004,docs/W6-release/03-external-claim-evidence-release-gate-standard.md,291,291,merge,DEFINITION-CLAIM-PRESENTATION,,,
RULE-W6-004-170,SRC-W6-004,docs/W6-release/03-external-claim-evidence-release-gate-standard.md,291,291,merge,DEFINITION-CLAIM-PRESENTATION,,,
RULE-W6-004-171,SRC-W6-004,docs/W6-release/03-external-claim-evidence-release-gate-standard.md,291,291,merge,DEFINITION-CLAIM-PRESENTATION,,,
RULE-W6-004-172,SRC-W6-004,docs/W6-release/03-external-claim-evidence-release-gate-standard.md,292,292,rewrite,VERIFY-CLAIM-SURFACE-EVIDENCE-PRESENTATION,,,
RULE-W6-004-173,SRC-W6-004,docs/W6-release/03-external-claim-evidence-release-gate-standard.md,292,292,rewrite,TECH-194-EXTERNAL-CLAIM-COMMITMENT-S05,,,
RULE-W6-004-174,SRC-W6-004,docs/W6-release/03-external-claim-evidence-release-gate-standard.md,296,296,rewrite,TECH-149-AI-EXTERNAL-CLAIM-BOUNDARY,,,
RULE-W6-004-175,SRC-W6-004,docs/W6-release/03-external-claim-evidence-release-gate-standard.md,296,296,merge,RELEASE-CLAIM-006,,,
RULE-W6-004-176,SRC-W6-004,docs/W6-release/03-external-claim-evidence-release-gate-standard.md,297,297,rewrite,DEFINITION-CLAIM-AI-REVIEW,,,
RULE-W6-004-177,SRC-W6-004,docs/W6-release/03-external-claim-evidence-release-gate-standard.md,298,298,merge,VERIFY-AI-CLAIM-EVIDENCE-GATE,,,
RULE-W6-004-178,SRC-W6-004,docs/W6-release/03-external-claim-evidence-release-gate-standard.md,299,299,merge,VERIFY-AI-CLAIM-EVIDENCE-GATE,,,
RULE-W6-004-179,SRC-W6-004,docs/W6-release/03-external-claim-evidence-release-gate-standard.md,300,300,merge,VERIFY-AI-CLAIM-EVIDENCE-GATE,,,
RULE-W6-004-180,SRC-W6-004,docs/W6-release/03-external-claim-evidence-release-gate-standard.md,300,300,rewrite,TECH-149-AI-CLAIM-CORRECTION-PUBLISH-BOUNDARY,,,
RULE-W6-004-181,SRC-W6-004,docs/W6-release/03-external-claim-evidence-release-gate-standard.md,306,306,merge,DEFINITION-CLAIM-HUMAN-DECISION,,,
RULE-W6-004-182,SRC-W6-004,docs/W6-release/03-external-claim-evidence-release-gate-standard.md,310,310,merge,RELEASE-CLAIM-005,,,
RULE-W6-004-183,SRC-W6-004,docs/W6-release/03-external-claim-evidence-release-gate-standard.md,311,311,merge,DEFINITION-CLAIM-HUMAN-DECISION,,,
RULE-W6-004-184,SRC-W6-004,docs/W6-release/03-external-claim-evidence-release-gate-standard.md,312,312,rewrite,VERIFY-CLAIM-EVIDENCE-GAP-CHECKPOINT,,,
RULE-W6-004-185,SRC-W6-004,docs/W6-release/03-external-claim-evidence-release-gate-standard.md,313,313,merge,DEFINITION-CLAIM-HUMAN-DECISION,,,
RULE-W6-004-186,SRC-W6-004,docs/W6-release/03-external-claim-evidence-release-gate-standard.md,314,314,merge,DEFINITION-CLAIM-HUMAN-DECISION,,,
RULE-W6-004-187,SRC-W6-004,docs/W6-release/03-external-claim-evidence-release-gate-standard.md,315,315,merge,DEFINITION-CLAIM-HUMAN-DECISION,,,
RULE-W6-004-188,SRC-W6-004,docs/W6-release/03-external-claim-evidence-release-gate-standard.md,317,317,rewrite,VERIFY-AI-EVAL-FIXTURE-W6-004-L317,,,
RULE-W7-001-001,SRC-W7-001,docs/W7-operate/00-main.md,3,3,merge,OPERATION-SCOPE-003,,,
RULE-W7-001-002,SRC-W7-001,docs/W7-operate/00-main.md,7,7,merge,OPERATION-SCOPE-003,,,
RULE-W7-001-003,SRC-W7-001,docs/W7-operate/00-main.md,7,7,merge,OPERATION-SCOPE-003,,,
RULE-W7-001-005,SRC-W7-001,docs/W7-operate/00-main.md,11,11,rewrite,VERIFY-WORKFLOW-GATE-W7-001-L011,,,
RULE-W7-001-006,SRC-W7-001,docs/W7-operate/00-main.md,11,11,rewrite,VERIFY-EVIDENCE-W7-001-L011,,,
RULE-W7-001-007,SRC-W7-001,docs/W7-operate/00-main.md,11,11,merge,IMPL-IMPLEMENTATION-FIX-RETURN,,,
RULE-W7-001-008,SRC-W7-001,docs/W7-operate/00-main.md,11,11,rewrite,VERIFY-API-CONTRACT-ERROR-MODEL-FP-W7-001-L011,,,
RULE-W7-001-009,SRC-W7-001,docs/W7-operate/00-main.md,17,17,merge,OPERATION-SLO-001,,,
RULE-W7-001-010,SRC-W7-001,docs/W7-operate/00-main.md,18,18,merge,OPERATION-OBSERVE-002,,,
RULE-W7-001-011,SRC-W7-001,docs/W7-operate/00-main.md,19,19,merge,OPERATION-RECOVERY-002,,,
RULE-W7-001-012,SRC-W7-001,docs/W7-operate/00-main.md,20,20,merge,OPERATION-BREAKGLASS-001,,,
RULE-W7-001-013,SRC-W7-001,docs/W7-operate/00-main.md,21,21,merge,OPERATION-INFRA-001,,,
RULE-W7-001-014,SRC-W7-001,docs/W7-operate/00-main.md,22,22,merge,IMPL-SECURITY-RESPONSE-SURFACES,,,
RULE-W7-001-015,SRC-W7-001,docs/W7-operate/00-main.md,23,23,merge,OPERATION-CREDENTIAL-001,,,
RULE-W7-001-016,SRC-W7-001,docs/W7-operate/00-main.md,27,27,merge,OPERATION-SCOPE-002,,,
RULE-W7-001-017,SRC-W7-001,docs/W7-operate/00-main.md,28,28,merge,OPERATION-SCOPE-006,,,
RULE-W7-001-018,SRC-W7-001,docs/W7-operate/00-main.md,29,29,supersede,RELEASE-SCOPE-001,,,
RULE-W7-001-019,SRC-W7-001,docs/W7-operate/00-main.md,30,30,rewrite,VERIFY-EVIDENCE-W7-001-L030,,,
RULE-W7-001-020,SRC-W7-001,docs/W7-operate/00-main.md,31,31,merge,IMPL-IMPLEMENTATION-FIX-RETURN,,,
RULE-W7-001-021,SRC-W7-001,docs/W7-operate/00-main.md,35,35,merge,OPERATION-SCOPE-005,,,
RULE-W7-001-022,SRC-W7-001,docs/W7-operate/00-main.md,37,37,merge,OPERATION-SCOPE-005,,,
RULE-W7-001-023,SRC-W7-001,docs/W7-operate/00-main.md,38,38,rewrite,VERIFY-EVIDENCE-W7-001-L038,,,
RULE-W7-001-024,SRC-W7-001,docs/W7-operate/00-main.md,39,39,merge,OPERATION-RECOVERY-001,,,
RULE-W7-001-025,SRC-W7-001,docs/W7-operate/00-main.md,40,40,merge,OPERATION-ADMIN-001,,,
RULE-W7-001-026,SRC-W7-001,docs/W7-operate/00-main.md,41,41,merge,OPERATION-INCIDENT-004,,,
RULE-W7-001-027,SRC-W7-001,docs/W7-operate/00-main.md,47,47,merge,OPERATION-SCOPE-004,,,
RULE-W7-001-028,SRC-W7-001,docs/W7-operate/00-main.md,49,49,merge,OPERATION-HUMAN-001,,,
RULE-W7-001-029,SRC-W7-001,docs/W7-operate/00-main.md,51,51,merge,OPERATION-INCIDENT-004,,,
RULE-W7-001-030,SRC-W7-001,docs/W7-operate/00-main.md,52,52,merge,OPERATION-RECOVERY-003,,,
RULE-W7-001-031,SRC-W7-001,docs/W7-operate/00-main.md,53,53,merge,OPERATION-ADMIN-001,,,
RULE-W7-001-032,SRC-W7-001,docs/W7-operate/00-main.md,54,54,merge,OPERATION-INFRA-001,,,
RULE-W7-001-033,SRC-W7-001,docs/W7-operate/00-main.md,55,55,rewrite,VERIFY-EVIDENCE-W7-001-L055,,,
RULE-W7-001-034,SRC-W7-001,docs/W7-operate/00-main.md,56,56,merge,OPERATION-SECURITY-017,,,
RULE-W7-001-035,SRC-W7-001,docs/W7-operate/00-main.md,60,60,merge,OPERATION-SCOPE-003,,,
RULE-W7-001-036,SRC-W7-001,docs/W7-operate/00-main.md,62,62,merge,OPERATION-SCOPE-003,,,
RULE-W7-001-037,SRC-W7-001,docs/W7-operate/00-main.md,63,63,merge,OPERATION-ADMIN-001,,,
RULE-W7-001-038,SRC-W7-001,docs/W7-operate/00-main.md,64,64,merge,IMPL-SECURITY-RESPONSE-SURFACES,,,
RULE-W7-001-039,SRC-W7-001,docs/W7-operate/00-main.md,65,65,merge,OPERATION-CREDENTIAL-001,,,
RULE-W7-001-040,SRC-W7-001,docs/W7-operate/00-main.md,69,69,merge,OPERATION-SCOPE-006,,,
RULE-W7-001-041,SRC-W7-001,docs/W7-operate/00-main.md,70,70,merge,EVALUATION-ROUTE-001,,,
RULE-W7-001-042,SRC-W7-001,docs/W7-operate/00-main.md,71,71,rewrite,VERIFY-EVIDENCE-W7-001-L071,,,
RULE-W7-001-043,SRC-W7-001,docs/W7-operate/00-main.md,72,72,merge,OPERATION-SCOPE-002,,,
RULE-W7-001-044,SRC-W7-001,docs/W7-operate/00-main.md,76,76,merge,OPERATION-SCOPE-006,,,
RULE-W7-001-045,SRC-W7-001,docs/W7-operate/00-main.md,78,78,merge,OPERATION-SCOPE-006,,,
RULE-W7-001-046,SRC-W7-001,docs/W7-operate/00-main.md,79,79,merge,OPERATION-SCOPE-006,,,
RULE-W7-001-047,SRC-W7-001,docs/W7-operate/00-main.md,80,80,supersede,RELEASE-SCOPE-001,,,
RULE-W7-001-048,SRC-W7-001,docs/W7-operate/00-main.md,81,81,rewrite,VERIFY-EVIDENCE-W7-001-L081,,,
RULE-W7-001-049,SRC-W7-001,docs/W7-operate/00-main.md,82,82,merge,IMPL-IMPLEMENTATION-FIX-RETURN,,,
RULE-W7-001-050,SRC-W7-001,docs/W7-operate/00-main.md,83,83,merge,OPERATION-SCOPE-002,,,
RULE-W7-001-051,SRC-W7-001,docs/W7-operate/00-main.md,87,87,merge,VERIFY-WORKFLOW-SINGLE-MAIN-ENTRY,,,
RULE-W7-001-052,SRC-W7-001,docs/W7-operate/00-main.md,88,88,merge,VERIFY-WORKFLOW-SPECIALTY-TRIGGERED,,,
RULE-W7-001-053,SRC-W7-001,docs/W7-operate/00-main.md,89,89,merge,VERIFY-WORKFLOW-NAVIGATION-CONSISTENCY,,,
RULE-W7-001-054,SRC-W7-001,docs/W7-operate/00-main.md,90,90,merge,VERIFY-WORKFLOW-LEGACY-WRAPPER-ABSENCE,,,
RULE-W7-001-055,SRC-W7-001,docs/W7-operate/00-main.md,91,91,merge,VERIFY-WORKFLOW-INDEX-COMMAND,,,
RULE-W7-001-056,SRC-W7-001,docs/W7-operate/00-main.md,17,17,merge,OPERATION-ALERT-001,,,
RULE-W7-001-057,SRC-W7-001,docs/W7-operate/00-main.md,17,17,merge,EVALUATION-POSTMORTEM-001,,,
RULE-W7-001-058,SRC-W7-001,docs/W7-operate/00-main.md,17,17,merge,EVALUATION-TOIL-001,,,
RULE-W7-001-059,SRC-W7-001,docs/W7-operate/00-main.md,62,62,merge,EVALUATION-POSTMORTEM-001,,,
RULE-W7-001-060,SRC-W7-001,docs/W7-operate/00-main.md,62,62,merge,RELEASE-HANDOFF-001,,,
RULE-W7-001-061,SRC-W7-001,docs/W7-operate/00-main.md,62,62,rewrite,VERIFY-RESTORE-DRILL-EXECUTABLE-EVIDENCE,,,
RULE-W7-001-062,SRC-W7-001,docs/W7-operate/00-main.md,62,62,merge,OPERATION-RECOVERY-002,,,
RULE-W7-001-063,SRC-W7-001,docs/W7-operate/00-main.md,23,23,merge,OPERATION-CREDENTIAL-009,,,
RULE-W7-001-064,SRC-W7-001,docs/W7-operate/00-main.md,23,23,merge,EVALUATION-CREDENTIAL-001,,,
RULE-W7-001-065,SRC-W7-001,docs/W7-operate/00-main.md,55,55,merge,OPERATION-ALERT-001,,,
RULE-W7-001-066,SRC-W7-001,docs/W7-operate/00-main.md,55,55,merge,OPERATION-HUMAN-001,,,
RULE-W7-001-067,SRC-W7-001,docs/W7-operate/00-main.md,55,55,merge,OPERATION-HUMAN-001,,,
RULE-W7-001-068,SRC-W7-001,docs/W7-operate/00-main.md,55,55,merge,OPERATION-CREDENTIAL-001,,,
RULE-W7-001-069,SRC-W7-001,docs/W7-operate/00-main.md,55,55,merge,OPERATION-CREDENTIAL-022,,,
RULE-W7-001-070,SRC-W7-001,docs/W7-operate/00-main.md,55,55,merge,OPERATION-VULN-003,,,
RULE-W7-002-001,SRC-W7-002,docs/W7-operate/01-sre-lite-operations-standard.md,3,3,merge,OPERATION-SCOPE-003,,,
RULE-W7-002-002,SRC-W7-002,docs/W7-operate/01-sre-lite-operations-standard.md,7,7,merge,EVALUATION-SCOPE-008,,,
RULE-W7-002-003,SRC-W7-002,docs/W7-operate/01-sre-lite-operations-standard.md,7,7,merge,EVALUATION-SCOPE-008,,,
RULE-W7-002-004,SRC-W7-002,docs/W7-operate/01-sre-lite-operations-standard.md,9,9,merge,OPERATION-SCOPE-003,,,
RULE-W7-002-005,SRC-W7-002,docs/W7-operate/01-sre-lite-operations-standard.md,17,17,merge,OPERATION-SLO-003,,,
RULE-W7-002-006,SRC-W7-002,docs/W7-operate/01-sre-lite-operations-standard.md,18,18,merge,OPERATION-OBSERVE-002,,,
RULE-W7-002-007,SRC-W7-002,docs/W7-operate/01-sre-lite-operations-standard.md,19,19,rewrite,VERIFY-EVIDENCE-W7-002-L019,,,
RULE-W7-002-008,SRC-W7-002,docs/W7-operate/01-sre-lite-operations-standard.md,20,20,merge,OPERATION-INCIDENT-001,,,
RULE-W7-002-009,SRC-W7-002,docs/W7-operate/01-sre-lite-operations-standard.md,21,21,merge,OPERATION-RECOVERY-002,,,
RULE-W7-002-010,SRC-W7-002,docs/W7-operate/01-sre-lite-operations-standard.md,22,22,merge,OPERATION-INFRA-001,,,
RULE-W7-002-011,SRC-W7-002,docs/W7-operate/01-sre-lite-operations-standard.md,23,23,merge,EVALUATION-TOIL-001,,,
RULE-W7-002-012,SRC-W7-002,docs/W7-operate/01-sre-lite-operations-standard.md,24,24,rewrite,VERIFY-EVIDENCE-W7-002-L024,,,
RULE-W7-002-013,SRC-W7-002,docs/W7-operate/01-sre-lite-operations-standard.md,26,26,merge,OPERATION-PLATFORM-001,,,
RULE-W7-002-014,SRC-W7-002,docs/W7-operate/01-sre-lite-operations-standard.md,26,26,merge,OPERATION-PLATFORM-001,,,
RULE-W7-002-015,SRC-W7-002,docs/W7-operate/01-sre-lite-operations-standard.md,44,44,merge,OPERATION-SLO-001,,,
RULE-W7-002-016,SRC-W7-002,docs/W7-operate/01-sre-lite-operations-standard.md,44,44,merge,OPERATION-SLO-001,,,
RULE-W7-002-017,SRC-W7-002,docs/W7-operate/01-sre-lite-operations-standard.md,45,45,merge,OPERATION-SLO-002,,,
RULE-W7-002-018,SRC-W7-002,docs/W7-operate/01-sre-lite-operations-standard.md,45,45,merge,OPERATION-AVAILABILITY-002,CATEGORY-OPERATIONS-001;ITEM-OPERATION-001,,
RULE-W7-002-019,SRC-W7-002,docs/W7-operate/01-sre-lite-operations-standard.md,46,46,rewrite,IMPL-BUSINESS-HOURS-ALERTING-DEFAULT,,,
RULE-W7-002-020,SRC-W7-002,docs/W7-operate/01-sre-lite-operations-standard.md,47,47,merge,OPERATION-ALERT-001,,,
RULE-W7-002-021,SRC-W7-002,docs/W7-operate/01-sre-lite-operations-standard.md,47,47,merge,OPERATION-ALERT-001,,,
RULE-W7-002-022,SRC-W7-002,docs/W7-operate/01-sre-lite-operations-standard.md,48,48,merge,OPERATION-ALERT-002,,,
RULE-W7-002-023,SRC-W7-002,docs/W7-operate/01-sre-lite-operations-standard.md,48,48,merge,OPERATION-ALERT-002,,,
RULE-W7-002-024,SRC-W7-002,docs/W7-operate/01-sre-lite-operations-standard.md,49,49,merge,RELEASE-ROLLOUT-001,CATEGORY-ENGINEERING-001;ITEM-RELEASE-001,,
RULE-W7-002-025,SRC-W7-002,docs/W7-operate/01-sre-lite-operations-standard.md,49,49,merge,OPERATION-RECOVERY-001,,,
RULE-W7-002-026,SRC-W7-002,docs/W7-operate/01-sre-lite-operations-standard.md,50,50,merge,OPERATION-PLATFORM-001,,,
RULE-W7-002-027,SRC-W7-002,docs/W7-operate/01-sre-lite-operations-standard.md,58,58,merge,OPERATION-SLO-003,,,
RULE-W7-002-028,SRC-W7-002,docs/W7-operate/01-sre-lite-operations-standard.md,59,59,merge,OPERATION-OBSERVE-002,,,
RULE-W7-002-029,SRC-W7-002,docs/W7-operate/01-sre-lite-operations-standard.md,60,60,merge,OPERATION-SLO-003,,,
RULE-W7-002-030,SRC-W7-002,docs/W7-operate/01-sre-lite-operations-standard.md,61,61,merge,OPERATION-RECOVERY-002,,,
RULE-W7-002-031,SRC-W7-002,docs/W7-operate/01-sre-lite-operations-standard.md,62,62,merge,OPERATION-INFRA-001,,,
RULE-W7-002-032,SRC-W7-002,docs/W7-operate/01-sre-lite-operations-standard.md,63,63,merge,OPERATION-HANDOFF-001,,,
RULE-W7-002-033,SRC-W7-002,docs/W7-operate/01-sre-lite-operations-standard.md,64,64,merge,OPERATION-INCIDENT-003,,,
RULE-W7-002-034,SRC-W7-002,docs/W7-operate/01-sre-lite-operations-standard.md,65,65,merge,OPERATION-INCIDENT-003,,,
RULE-W7-002-035,SRC-W7-002,docs/W7-operate/01-sre-lite-operations-standard.md,68,68,rewrite,VERIFY-EVIDENCE-W7-002-L068,,,
RULE-W7-002-036,SRC-W7-002,docs/W7-operate/01-sre-lite-operations-standard.md,68,68,merge,OPERATION-SLO-003,,,
RULE-W7-002-037,SRC-W7-002,docs/W7-operate/01-sre-lite-operations-standard.md,101,101,merge,OPERATION-SLO-001,,,
RULE-W7-002-038,SRC-W7-002,docs/W7-operate/01-sre-lite-operations-standard.md,102,102,rewrite,VERIFY-EVIDENCE-W7-002-L102,,,
RULE-W7-002-039,SRC-W7-002,docs/W7-operate/01-sre-lite-operations-standard.md,102,102,merge,OPERATION-SLO-002,,,
RULE-W7-002-040,SRC-W7-002,docs/W7-operate/01-sre-lite-operations-standard.md,103,103,split,RELEASE-WATCH-003;RELEASE-WATCH-004,,,
RULE-W7-002-041,SRC-W7-002,docs/W7-operate/01-sre-lite-operations-standard.md,104,104,merge,OPERATION-ALERT-002,,,
RULE-W7-002-042,SRC-W7-002,docs/W7-operate/01-sre-lite-operations-standard.md,108,108,rewrite,IMPL-SERVICE-OBSERVABILITY-SURFACE,,,
RULE-W7-002-043,SRC-W7-002,docs/W7-operate/01-sre-lite-operations-standard.md,110,110,merge,OPERATION-OBSERVE-001,,,
RULE-W7-002-044,SRC-W7-002,docs/W7-operate/01-sre-lite-operations-standard.md,111,111,merge,OPERATION-OBSERVE-001,,,
RULE-W7-002-045,SRC-W7-002,docs/W7-operate/01-sre-lite-operations-standard.md,112,112,merge,OPERATION-OBSERVE-001,,,
RULE-W7-002-046,SRC-W7-002,docs/W7-operate/01-sre-lite-operations-standard.md,113,113,merge,OPERATION-OBSERVE-001,,,
RULE-W7-002-047,SRC-W7-002,docs/W7-operate/01-sre-lite-operations-standard.md,115,115,merge,OPERATION-OBSERVE-002,,,
RULE-W7-002-048,SRC-W7-002,docs/W7-operate/01-sre-lite-operations-standard.md,115,115,merge,OPERATION-PLATFORM-001,,,
RULE-W7-002-049,SRC-W7-002,docs/W7-operate/01-sre-lite-operations-standard.md,115,115,merge,OPERATION-OBSERVE-002,,,
RULE-W7-002-050,SRC-W7-002,docs/W7-operate/01-sre-lite-operations-standard.md,119,119,merge,OPERATION-OBSERVE-004,,,
RULE-W7-002-051,SRC-W7-002,docs/W7-operate/01-sre-lite-operations-standard.md,120,120,rewrite,VERIFY-AI-EVAL-FIXTURE-W7-002-L120,,,
RULE-W7-002-052,SRC-W7-002,docs/W7-operate/01-sre-lite-operations-standard.md,121,121,merge,OPERATION-OBSERVE-004,,,
RULE-W7-002-053,SRC-W7-002,docs/W7-operate/01-sre-lite-operations-standard.md,122,122,merge,OPERATION-RECOVERY-001,,,
RULE-W7-002-054,SRC-W7-002,docs/W7-operate/01-sre-lite-operations-standard.md,126,126,rewrite,IMPL-BACKUP-INFRA-NONDEFAULT-SPECIALTY,,,
RULE-W7-002-055,SRC-W7-002,docs/W7-operate/01-sre-lite-operations-standard.md,126,126,merge,IMPL-BACKUP-INFRA-HIGH-RISK-ROUTE,,,
RULE-W7-002-056,SRC-W7-002,docs/W7-operate/01-sre-lite-operations-standard.md,126,126,merge,OPERATION-INCIDENT-001,,,
RULE-W7-002-058,SRC-W7-002,docs/W7-operate/01-sre-lite-operations-standard.md,128,128,merge,OPERATION-RECOVERY-002,,,
RULE-W7-002-059,SRC-W7-002,docs/W7-operate/01-sre-lite-operations-standard.md,129,129,merge,OPERATION-INFRA-001,,,
RULE-W7-002-060,SRC-W7-002,docs/W7-operate/01-sre-lite-operations-standard.md,130,130,merge,OPERATION-RECOVERY-003,,,
RULE-W7-002-061,SRC-W7-002,docs/W7-operate/01-sre-lite-operations-standard.md,136,136,rewrite,VERIFY-EVIDENCE-W7-002-L136,,,
RULE-W7-002-062,SRC-W7-002,docs/W7-operate/01-sre-lite-operations-standard.md,137,137,rewrite,VERIFY-EVIDENCE-W7-002-L137,,,
RULE-W7-002-063,SRC-W7-002,docs/W7-operate/01-sre-lite-operations-standard.md,138,138,merge,OPERATION-ALERT-001,,,
RULE-W7-002-064,SRC-W7-002,docs/W7-operate/01-sre-lite-operations-standard.md,139,139,rewrite,VERIFY-EVIDENCE-W7-002-L139,,,
RULE-W7-002-065,SRC-W7-002,docs/W7-operate/01-sre-lite-operations-standard.md,143,143,merge,OPERATION-ALERT-001,,,
RULE-W7-002-066,SRC-W7-002,docs/W7-operate/01-sre-lite-operations-standard.md,144,144,rewrite,VERIFY-EVIDENCE-W7-002-L144,,,
RULE-W7-002-067,SRC-W7-002,docs/W7-operate/01-sre-lite-operations-standard.md,145,145,merge,OPERATION-ALERT-002,,,
RULE-W7-002-068,SRC-W7-002,docs/W7-operate/01-sre-lite-operations-standard.md,146,146,merge,OPERATION-ALERT-001,,,
RULE-W7-002-069,SRC-W7-002,docs/W7-operate/01-sre-lite-operations-standard.md,150,150,merge,RELEASE-PIPELINE-001,,,
RULE-W7-002-070,SRC-W7-002,docs/W7-operate/01-sre-lite-operations-standard.md,152,152,merge,RELEASE-PIPELINE-002,,,
RULE-W7-002-071,SRC-W7-002,docs/W7-operate/01-sre-lite-operations-standard.md,153,153,rewrite,IMPL-RELEASE-TEST-HANDOFF,,,
RULE-W7-002-072,SRC-W7-002,docs/W7-operate/01-sre-lite-operations-standard.md,154,154,merge,RELEASE-ROLLBACK-001,,,
RULE-W7-002-073,SRC-W7-002,docs/W7-operate/01-sre-lite-operations-standard.md,155,155,merge,RELEASE-MIGRATION-001,,,
RULE-W7-002-074,SRC-W7-002,docs/W7-operate/01-sre-lite-operations-standard.md,156,156,merge,RELEASE-WATCH-002,,,
RULE-W7-002-075,SRC-W7-002,docs/W7-operate/01-sre-lite-operations-standard.md,157,157,merge,RELEASE-WATCH-002,,,
RULE-W7-002-076,SRC-W7-002,docs/W7-operate/01-sre-lite-operations-standard.md,158,158,split,RELEASE-WATCH-003;RELEASE-WATCH-004,,,
RULE-W7-002-077,SRC-W7-002,docs/W7-operate/01-sre-lite-operations-standard.md,160,160,rewrite,VERIFY-SRE-LITE-OPERATIONS-W7-002-L160,,,
RULE-W7-002-078,SRC-W7-002,docs/W7-operate/01-sre-lite-operations-standard.md,160,160,merge,RELEASE-ROLLOUT-001,,,
RULE-W7-002-079,SRC-W7-002,docs/W7-operate/01-sre-lite-operations-standard.md,160,160,merge,RELEASE-ROLLOUT-001,,,
RULE-W7-002-080,SRC-W7-002,docs/W7-operate/01-sre-lite-operations-standard.md,164,164,merge,OPERATION-INCIDENT-001,,,
RULE-W7-002-081,SRC-W7-002,docs/W7-operate/01-sre-lite-operations-standard.md,166,166,merge,OPERATION-INCIDENT-001,,,
RULE-W7-002-082,SRC-W7-002,docs/W7-operate/01-sre-lite-operations-standard.md,167,167,merge,OPERATION-RECOVERY-001,,,
RULE-W7-002-083,SRC-W7-002,docs/W7-operate/01-sre-lite-operations-standard.md,168,168,merge,OPERATION-INCIDENT-001,,,
RULE-W7-002-084,SRC-W7-002,docs/W7-operate/01-sre-lite-operations-standard.md,169,169,merge,OPERATION-INCIDENT-001,,,
RULE-W7-002-085,SRC-W7-002,docs/W7-operate/01-sre-lite-operations-standard.md,170,170,merge,EVALUATION-POSTMORTEM-001,,,
RULE-W7-002-086,SRC-W7-002,docs/W7-operate/01-sre-lite-operations-standard.md,172,172,merge,OPERATION-INCIDENT-002,,,
RULE-W7-002-087,SRC-W7-002,docs/W7-operate/01-sre-lite-operations-standard.md,174,174,merge,OPERATION-INCIDENT-002,,,
RULE-W7-002-088,SRC-W7-002,docs/W7-operate/01-sre-lite-operations-standard.md,175,175,merge,OPERATION-INCIDENT-002,,,
RULE-W7-002-089,SRC-W7-002,docs/W7-operate/01-sre-lite-operations-standard.md,176,176,merge,OPERATION-INCIDENT-002,,,
RULE-W7-002-090,SRC-W7-002,docs/W7-operate/01-sre-lite-operations-standard.md,181,181,merge,OPERATION-INCIDENT-003,,,
RULE-W7-002-091,SRC-W7-002,docs/W7-operate/01-sre-lite-operations-standard.md,190,190,merge,OPERATION-INCIDENT-003,,,
RULE-W7-002-092,SRC-W7-002,docs/W7-operate/01-sre-lite-operations-standard.md,192,192,merge,EVALUATION-POSTMORTEM-002,,,
RULE-W7-002-093,SRC-W7-002,docs/W7-operate/01-sre-lite-operations-standard.md,194,194,merge,EVALUATION-POSTMORTEM-002,,,
RULE-W7-002-094,SRC-W7-002,docs/W7-operate/01-sre-lite-operations-standard.md,196,196,merge,EVALUATION-POSTMORTEM-002,,,
RULE-W7-002-095,SRC-W7-002,docs/W7-operate/01-sre-lite-operations-standard.md,198,198,merge,EVALUATION-POSTMORTEM-002,,,
RULE-W7-002-096,SRC-W7-002,docs/W7-operate/01-sre-lite-operations-standard.md,206,206,rewrite,EVALUATION-POSTMORTEM-004,,,
RULE-W7-002-097,SRC-W7-002,docs/W7-operate/01-sre-lite-operations-standard.md,207,207,merge,EVALUATION-POSTMORTEM-003,,,
RULE-W7-002-098,SRC-W7-002,docs/W7-operate/01-sre-lite-operations-standard.md,208,208,merge,EVALUATION-POSTMORTEM-003,,,
RULE-W7-002-099,SRC-W7-002,docs/W7-operate/01-sre-lite-operations-standard.md,208,208,merge,EVALUATION-POSTMORTEM-003,,,
RULE-W7-002-100,SRC-W7-002,docs/W7-operate/01-sre-lite-operations-standard.md,209,209,merge,EVALUATION-POSTMORTEM-002,,,
RULE-W7-002-101,SRC-W7-002,docs/W7-operate/01-sre-lite-operations-standard.md,215,215,rewrite,VERIFY-EVIDENCE-W7-002-L215,,,
RULE-W7-002-102,SRC-W7-002,docs/W7-operate/01-sre-lite-operations-standard.md,216,216,rewrite,VERIFY-EVIDENCE-W7-002-L216,,,
RULE-W7-002-103,SRC-W7-002,docs/W7-operate/01-sre-lite-operations-standard.md,217,217,rewrite,VERIFY-EVIDENCE-W7-002-L217,,,
RULE-W7-002-104,SRC-W7-002,docs/W7-operate/01-sre-lite-operations-standard.md,218,218,rewrite,VERIFY-EVIDENCE-W7-002-L218,,,
RULE-W7-002-105,SRC-W7-002,docs/W7-operate/01-sre-lite-operations-standard.md,219,219,merge,EVALUATION-TOIL-002,,,
RULE-W7-002-106,SRC-W7-002,docs/W7-operate/01-sre-lite-operations-standard.md,223,223,merge,EVALUATION-TOIL-001,,,
RULE-W7-002-107,SRC-W7-002,docs/W7-operate/01-sre-lite-operations-standard.md,224,224,merge,EVALUATION-TOIL-001,,,
RULE-W7-002-108,SRC-W7-002,docs/W7-operate/01-sre-lite-operations-standard.md,225,225,merge,EVALUATION-TOIL-001,,,
RULE-W7-002-109,SRC-W7-002,docs/W7-operate/01-sre-lite-operations-standard.md,227,227,merge,EVALUATION-TOIL-002,,,
RULE-W7-002-110,SRC-W7-002,docs/W7-operate/01-sre-lite-operations-standard.md,227,227,merge,EVALUATION-TOIL-002,,,
RULE-W7-002-111,SRC-W7-002,docs/W7-operate/01-sre-lite-operations-standard.md,231,231,merge,OPERATION-SCOPE-004,,,
RULE-W7-002-112,SRC-W7-002,docs/W7-operate/01-sre-lite-operations-standard.md,235,235,merge,OPERATION-AVAILABILITY-001,,,
RULE-W7-002-113,SRC-W7-002,docs/W7-operate/01-sre-lite-operations-standard.md,236,236,merge,OPERATION-AVAILABILITY-002,,,
RULE-W7-002-114,SRC-W7-002,docs/W7-operate/01-sre-lite-operations-standard.md,237,237,merge,OPERATION-HUMAN-001,,,
RULE-W7-002-115,SRC-W7-002,docs/W7-operate/01-sre-lite-operations-standard.md,238,238,merge,OPERATION-HUMAN-001,,,
RULE-W7-002-116,SRC-W7-002,docs/W7-operate/01-sre-lite-operations-standard.md,239,239,merge,OPERATION-INCIDENT-004,,,
RULE-W7-002-117,SRC-W7-002,docs/W7-operate/01-sre-lite-operations-standard.md,241,241,merge,OPERATION-AVAILABILITY-001,ITEM-OPERATION-001,,
RULE-W7-002-118,SRC-W7-002,docs/W7-operate/01-sre-lite-operations-standard.md,247,247,rewrite,PLAN-OPS-RECOVERY-MINIMUM,,,
RULE-W7-002-119,SRC-W7-002,docs/W7-operate/01-sre-lite-operations-standard.md,248,248,merge,OPERATION-SLO-001,,,
RULE-W7-002-120,SRC-W7-002,docs/W7-operate/01-sre-lite-operations-standard.md,249,249,merge,OPERATION-AVAILABILITY-001,ITEM-OPERATION-001,,
RULE-W7-002-121,SRC-W7-002,docs/W7-operate/01-sre-lite-operations-standard.md,250,250,merge,OPERATION-SLO-002,,,
RULE-W7-002-122,SRC-W7-002,docs/W7-operate/01-sre-lite-operations-standard.md,250,250,merge,OPERATION-SLO-002,,,
RULE-W7-002-123,SRC-W7-002,docs/W7-operate/01-sre-lite-operations-standard.md,251,251,merge,OPERATION-SCOPE-005,,,
RULE-W7-002-124,SRC-W7-002,docs/W7-operate/01-sre-lite-operations-standard.md,257,257,merge,OPERATION-OBSERVE-002,,,
RULE-W7-002-125,SRC-W7-002,docs/W7-operate/01-sre-lite-operations-standard.md,258,258,merge,OPERATION-ALERT-002,,,
RULE-W7-002-126,SRC-W7-002,docs/W7-operate/01-sre-lite-operations-standard.md,259,259,rewrite,VERIFY-EVIDENCE-W7-002-L259,,,
RULE-W7-002-127,SRC-W7-002,docs/W7-operate/01-sre-lite-operations-standard.md,260,260,merge,EVALUATION-POSTMORTEM-003,,,
RULE-W7-002-128,SRC-W7-002,docs/W7-operate/01-sre-lite-operations-standard.md,261,261,merge,OPERATION-PLATFORM-001,,,
RULE-W7-002-129,SRC-W7-002,docs/W7-operate/01-sre-lite-operations-standard.md,261,261,merge,OPERATION-PLATFORM-001,,,
RULE-W7-002-130,SRC-W7-002,docs/W7-operate/01-sre-lite-operations-standard.md,104,104,merge,OPERATION-ALERT-002,,,
RULE-W7-002-131,SRC-W7-002,docs/W7-operate/01-sre-lite-operations-standard.md,104,104,merge,OPERATION-ALERT-002,,,
RULE-W7-002-132,SRC-W7-002,docs/W7-operate/01-sre-lite-operations-standard.md,104,104,merge,OPERATION-ALERT-002,,,
RULE-W7-002-133,SRC-W7-002,docs/W7-operate/01-sre-lite-operations-standard.md,126,126,merge,IMPL-BACKUP-INFRA-HIGH-RISK-ROUTE,,,
RULE-W7-002-134,SRC-W7-002,docs/W7-operate/01-sre-lite-operations-standard.md,126,126,merge,IMPL-BACKUP-INFRA-HIGH-RISK-ROUTE,,,
RULE-W7-002-135,SRC-W7-002,docs/W7-operate/01-sre-lite-operations-standard.md,126,126,rewrite,VERIFY-EVIDENCE-W7-002-L126,,,
RULE-W7-002-136,SRC-W7-002,docs/W7-operate/01-sre-lite-operations-standard.md,126,126,merge,IMPL-BACKUP-INFRA-HIGH-RISK-ROUTE,,,
RULE-W7-002-137,SRC-W7-002,docs/W7-operate/01-sre-lite-operations-standard.md,207,207,merge,EVALUATION-POSTMORTEM-003,,,
RULE-W7-002-138,SRC-W7-002,docs/W7-operate/01-sre-lite-operations-standard.md,207,207,merge,EVALUATION-POSTMORTEM-003,,,
RULE-W7-002-139,SRC-W7-002,docs/W7-operate/01-sre-lite-operations-standard.md,119,119,merge,OPERATION-OBSERVE-004,,,
RULE-W7-002-140,SRC-W7-002,docs/W7-operate/01-sre-lite-operations-standard.md,119,119,merge,OPERATION-OBSERVE-004,,,
RULE-W7-002-141,SRC-W7-002,docs/W7-operate/01-sre-lite-operations-standard.md,119,119,merge,OPERATION-OBSERVE-004,,,
RULE-W7-002-142,SRC-W7-002,docs/W7-operate/01-sre-lite-operations-standard.md,121,121,merge,OPERATION-OBSERVE-004,,,
RULE-W7-002-143,SRC-W7-002,docs/W7-operate/01-sre-lite-operations-standard.md,121,121,merge,OPERATION-OBSERVE-004,,,
RULE-W7-002-144,SRC-W7-002,docs/W7-operate/01-sre-lite-operations-standard.md,128,128,merge,OPERATION-RECOVERY-002,,,
RULE-W7-002-145,SRC-W7-002,docs/W7-operate/01-sre-lite-operations-standard.md,128,128,merge,OPERATION-RECOVERY-002,,,
RULE-W7-002-146,SRC-W7-002,docs/W7-operate/01-sre-lite-operations-standard.md,128,128,merge,OPERATION-RECOVERY-002,,,
RULE-W7-002-147,SRC-W7-002,docs/W7-operate/01-sre-lite-operations-standard.md,128,128,merge,OPERATION-RECOVERY-002,,,
RULE-W7-002-148,SRC-W7-002,docs/W7-operate/01-sre-lite-operations-standard.md,128,128,merge,OPERATION-RECOVERY-002,,,
RULE-W7-002-149,SRC-W7-002,docs/W7-operate/01-sre-lite-operations-standard.md,129,129,merge,OPERATION-INFRA-001,,,
RULE-W7-002-150,SRC-W7-002,docs/W7-operate/01-sre-lite-operations-standard.md,129,129,merge,OPERATION-INFRA-001,,,
RULE-W7-002-151,SRC-W7-002,docs/W7-operate/01-sre-lite-operations-standard.md,129,129,merge,OPERATION-INFRA-001,,,
RULE-W7-002-152,SRC-W7-002,docs/W7-operate/01-sre-lite-operations-standard.md,129,129,merge,OPERATION-INFRA-001,,,
RULE-W7-002-153,SRC-W7-002,docs/W7-operate/01-sre-lite-operations-standard.md,129,129,merge,OPERATION-INFRA-001,,,
RULE-W7-002-154,SRC-W7-002,docs/W7-operate/01-sre-lite-operations-standard.md,129,129,merge,OPERATION-INFRA-001,,,
RULE-W7-002-155,SRC-W7-002,docs/W7-operate/01-sre-lite-operations-standard.md,129,129,merge,OPERATION-INFRA-001,,,
RULE-W7-002-156,SRC-W7-002,docs/W7-operate/01-sre-lite-operations-standard.md,145,145,merge,OPERATION-ALERT-002,,,
RULE-W7-002-157,SRC-W7-002,docs/W7-operate/01-sre-lite-operations-standard.md,145,145,merge,OPERATION-ALERT-002,,,
RULE-W7-002-158,SRC-W7-002,docs/W7-operate/01-sre-lite-operations-standard.md,145,145,merge,OPERATION-ALERT-002,,,
RULE-W7-002-159,SRC-W7-002,docs/W7-operate/01-sre-lite-operations-standard.md,183,183,merge,OPERATION-INCIDENT-003,,,
RULE-W7-002-160,SRC-W7-002,docs/W7-operate/01-sre-lite-operations-standard.md,184,184,merge,OPERATION-INCIDENT-003,,,
RULE-W7-002-161,SRC-W7-002,docs/W7-operate/01-sre-lite-operations-standard.md,185,185,merge,OPERATION-INCIDENT-003,,,
RULE-W7-002-162,SRC-W7-002,docs/W7-operate/01-sre-lite-operations-standard.md,186,186,merge,OPERATION-INCIDENT-003,,,
RULE-W7-002-163,SRC-W7-002,docs/W7-operate/01-sre-lite-operations-standard.md,187,187,merge,OPERATION-INCIDENT-003,,,
RULE-W7-002-164,SRC-W7-002,docs/W7-operate/01-sre-lite-operations-standard.md,188,188,merge,OPERATION-INCIDENT-003,,,
RULE-W7-002-165,SRC-W7-002,docs/W7-operate/01-sre-lite-operations-standard.md,200,200,merge,EVALUATION-POSTMORTEM-003,,,
RULE-W7-002-166,SRC-W7-002,docs/W7-operate/01-sre-lite-operations-standard.md,200,200,merge,EVALUATION-POSTMORTEM-003,,,
RULE-W7-002-167,SRC-W7-002,docs/W7-operate/01-sre-lite-operations-standard.md,200,200,merge,EVALUATION-POSTMORTEM-003,,,
RULE-W7-002-168,SRC-W7-002,docs/W7-operate/01-sre-lite-operations-standard.md,200,200,merge,EVALUATION-POSTMORTEM-003,,,
RULE-W7-002-169,SRC-W7-002,docs/W7-operate/01-sre-lite-operations-standard.md,200,200,merge,EVALUATION-POSTMORTEM-003,,,
RULE-W7-002-170,SRC-W7-002,docs/W7-operate/01-sre-lite-operations-standard.md,166,166,merge,OPERATION-INCIDENT-001,,,
RULE-W7-002-171,SRC-W7-002,docs/W7-operate/01-sre-lite-operations-standard.md,166,166,merge,OPERATION-INCIDENT-001,,,
RULE-W7-002-172,SRC-W7-002,docs/W7-operate/01-sre-lite-operations-standard.md,166,166,merge,OPERATION-INCIDENT-001,,,
RULE-W7-002-173,SRC-W7-002,docs/W7-operate/01-sre-lite-operations-standard.md,168,168,merge,OPERATION-INCIDENT-001,,,
RULE-W7-002-174,SRC-W7-002,docs/W7-operate/01-sre-lite-operations-standard.md,259,259,merge,RELEASE-ROLLBACK-001,,,
RULE-W7-002-175,SRC-W7-002,docs/W7-operate/01-sre-lite-operations-standard.md,259,259,merge,RELEASE-WATCH-002,,,
RULE-W7-002-176,SRC-W7-002,docs/W7-operate/01-sre-lite-operations-standard.md,259,259,merge,RELEASE-WATCH-002,,,
RULE-W7-002-177,SRC-W7-002,docs/W7-operate/01-sre-lite-operations-standard.md,241,241,merge,OPERATION-AVAILABILITY-001,,,
RULE-W7-002-178,SRC-W7-002,docs/W7-operate/01-sre-lite-operations-standard.md,241,241,merge,OPERATION-AVAILABILITY-001,,,
RULE-W7-002-179,SRC-W7-002,docs/W7-operate/01-sre-lite-operations-standard.md,241,241,merge,OPERATION-AVAILABILITY-001,,,
RULE-W7-002-180,SRC-W7-002,docs/W7-operate/01-sre-lite-operations-standard.md,251,251,rewrite,VERIFY-EVIDENCE-W7-002-L251,,,
RULE-W7-002-181,SRC-W7-002,docs/W7-operate/01-sre-lite-operations-standard.md,260,260,merge,EVALUATION-POSTMORTEM-003,,,
RULE-W7-002-182,SRC-W7-002,docs/W7-operate/01-sre-lite-operations-standard.md,260,260,merge,EVALUATION-POSTMORTEM-003,,,
RULE-W7-002-183,SRC-W7-002,docs/W7-operate/01-sre-lite-operations-standard.md,175,175,merge,OPERATION-INCIDENT-002,,,
RULE-W7-002-184,SRC-W7-002,docs/W7-operate/01-sre-lite-operations-standard.md,176,176,merge,OPERATION-INCIDENT-002,,,
RULE-W7-002-185,SRC-W7-002,docs/W7-operate/01-sre-lite-operations-standard.md,20,20,merge,EVALUATION-POSTMORTEM-001,,,
RULE-W7-003-001,SRC-W7-003,docs/W7-operate/02-admin-ops-action-standard.md,3,3,merge,OPERATION-SCOPE-003,,,
RULE-W7-003-002,SRC-W7-003,docs/W7-operate/02-admin-ops-action-standard.md,7,7,merge,OPERATION-SCOPE-003,,,
RULE-W7-003-003,SRC-W7-003,docs/W7-operate/02-admin-ops-action-standard.md,7,7,merge,OPERATION-SCOPE-003,,,
RULE-W7-003-004,SRC-W7-003,docs/W7-operate/02-admin-ops-action-standard.md,9,9,merge,OPERATION-SCOPE-003,,,
RULE-W7-003-005,SRC-W7-003,docs/W7-operate/02-admin-ops-action-standard.md,15,15,merge,OPERATION-ADMIN-001,,,
RULE-W7-003-006,SRC-W7-003,docs/W7-operate/02-admin-ops-action-standard.md,15,15,rewrite,IMPL-ADMIN-CONTROLLED-ACTION,,,
RULE-W7-003-007,SRC-W7-003,docs/W7-operate/02-admin-ops-action-standard.md,15,15,merge,OPERATION-ADMIN-007,,,
RULE-W7-003-008,SRC-W7-003,docs/W7-operate/02-admin-ops-action-standard.md,15,15,merge,OPERATION-ADMIN-012,,,
RULE-W7-003-009,SRC-W7-003,docs/W7-operate/02-admin-ops-action-standard.md,35,35,merge,OPERATION-ADMIN-001,,,
RULE-W7-003-010,SRC-W7-003,docs/W7-operate/02-admin-ops-action-standard.md,36,36,merge,OPERATION-ADMIN-001,,,
RULE-W7-003-011,SRC-W7-003,docs/W7-operate/02-admin-ops-action-standard.md,37,37,rewrite,IMPL-ADMIN-SURFACE-APPLICABILITY,,,
RULE-W7-003-012,SRC-W7-003,docs/W7-operate/02-admin-ops-action-standard.md,41,41,merge,OPERATION-ADMIN-001,,,
RULE-W7-003-013,SRC-W7-003,docs/W7-operate/02-admin-ops-action-standard.md,42,42,merge,OPERATION-SCOPE-004,,,
RULE-W7-003-014,SRC-W7-003,docs/W7-operate/02-admin-ops-action-standard.md,43,43,merge,OPERATION-SCOPE-004,,,
RULE-W7-003-015,SRC-W7-003,docs/W7-operate/02-admin-ops-action-standard.md,43,43,merge,OPERATION-SCOPE-004,,,
RULE-W7-003-016,SRC-W7-003,docs/W7-operate/02-admin-ops-action-standard.md,47,47,merge,OPERATION-ADMIN-001,,,
RULE-W7-003-017,SRC-W7-003,docs/W7-operate/02-admin-ops-action-standard.md,51,51,merge,OPERATION-ADMIN-001,,,
RULE-W7-003-018,SRC-W7-003,docs/W7-operate/02-admin-ops-action-standard.md,52,52,merge,OPERATION-ADMIN-001,,,
RULE-W7-003-019,SRC-W7-003,docs/W7-operate/02-admin-ops-action-standard.md,53,53,merge,OPERATION-AUDIT-001,,,
RULE-W7-003-020,SRC-W7-003,docs/W7-operate/02-admin-ops-action-standard.md,54,54,merge,OPERATION-BREAKGLASS-001,,,
RULE-W7-003-021,SRC-W7-003,docs/W7-operate/02-admin-ops-action-standard.md,55,55,merge,OPERATION-ADMIN-001,,,
RULE-W7-003-022,SRC-W7-003,docs/W7-operate/02-admin-ops-action-standard.md,62,62,rewrite,TECH-002-ACTION-REGISTRY-TOP-LEVEL-SCHEMA,,,
RULE-W7-003-023,SRC-W7-003,docs/W7-operate/02-admin-ops-action-standard.md,63,63,merge,TECH-002-ACTION-REGISTRY-TOP-LEVEL-SCHEMA,,,
RULE-W7-003-024,SRC-W7-003,docs/W7-operate/02-admin-ops-action-standard.md,64,64,merge,TECH-002-ACTION-REGISTRY-TOP-LEVEL-SCHEMA,,,
RULE-W7-003-025,SRC-W7-003,docs/W7-operate/02-admin-ops-action-standard.md,65,65,merge,TECH-002-ACTION-REGISTRY-TOP-LEVEL-SCHEMA,,,
RULE-W7-003-026,SRC-W7-003,docs/W7-operate/02-admin-ops-action-standard.md,66,66,merge,TECH-002-ACTION-REGISTRY-TOP-LEVEL-SCHEMA,,,
RULE-W7-003-027,SRC-W7-003,docs/W7-operate/02-admin-ops-action-standard.md,67,67,merge,TECH-002-ACTION-REGISTRY-TOP-LEVEL-SCHEMA,,,
RULE-W7-003-028,SRC-W7-003,docs/W7-operate/02-admin-ops-action-standard.md,68,68,merge,TECH-002-ACTION-REGISTRY-TOP-LEVEL-SCHEMA,,,
RULE-W7-003-029,SRC-W7-003,docs/W7-operate/02-admin-ops-action-standard.md,69,69,merge,TECH-002-ACTION-REGISTRY-TOP-LEVEL-SCHEMA,,,
RULE-W7-003-030,SRC-W7-003,docs/W7-operate/02-admin-ops-action-standard.md,70,70,merge,TECH-002-ACTION-REGISTRY-TOP-LEVEL-SCHEMA,,,
RULE-W7-003-031,SRC-W7-003,docs/W7-operate/02-admin-ops-action-standard.md,71,71,merge,TECH-002-ACTION-REGISTRY-TOP-LEVEL-SCHEMA,,,
RULE-W7-003-032,SRC-W7-003,docs/W7-operate/02-admin-ops-action-standard.md,72,72,merge,TECH-002-ACTION-REGISTRY-TOP-LEVEL-SCHEMA,,,
RULE-W7-003-033,SRC-W7-003,docs/W7-operate/02-admin-ops-action-standard.md,73,73,merge,TECH-002-ACTION-REGISTRY-TOP-LEVEL-SCHEMA,,,
RULE-W7-003-034,SRC-W7-003,docs/W7-operate/02-admin-ops-action-standard.md,74,74,merge,TECH-002-ACTION-REGISTRY-TOP-LEVEL-SCHEMA,,,
RULE-W7-003-035,SRC-W7-003,docs/W7-operate/02-admin-ops-action-standard.md,78,78,rewrite,TECH-002-ACTION-REGISTRY-ACTION-ITEM-SCHEMA,,,
RULE-W7-003-036,SRC-W7-003,docs/W7-operate/02-admin-ops-action-standard.md,79,79,merge,TECH-002-ACTION-REGISTRY-ACTION-ITEM-SCHEMA,,,
RULE-W7-003-037,SRC-W7-003,docs/W7-operate/02-admin-ops-action-standard.md,80,80,merge,TECH-002-ACTION-REGISTRY-ACTION-ITEM-SCHEMA,,,
RULE-W7-003-038,SRC-W7-003,docs/W7-operate/02-admin-ops-action-standard.md,81,81,merge,TECH-002-ACTION-REGISTRY-ACTION-ITEM-SCHEMA,,,
RULE-W7-003-039,SRC-W7-003,docs/W7-operate/02-admin-ops-action-standard.md,82,82,merge,TECH-002-ACTION-REGISTRY-ACTION-ITEM-SCHEMA,,,
RULE-W7-003-040,SRC-W7-003,docs/W7-operate/02-admin-ops-action-standard.md,83,83,merge,TECH-002-ACTION-REGISTRY-ACTION-ITEM-SCHEMA,,,
RULE-W7-003-041,SRC-W7-003,docs/W7-operate/02-admin-ops-action-standard.md,84,84,merge,TECH-002-ACTION-REGISTRY-ACTION-ITEM-SCHEMA,,,
RULE-W7-003-042,SRC-W7-003,docs/W7-operate/02-admin-ops-action-standard.md,85,85,merge,TECH-002-ACTION-REGISTRY-ACTION-ITEM-SCHEMA,,,
RULE-W7-003-043,SRC-W7-003,docs/W7-operate/02-admin-ops-action-standard.md,86,86,merge,TECH-002-ACTION-REGISTRY-ACTION-ITEM-SCHEMA,,,
RULE-W7-003-044,SRC-W7-003,docs/W7-operate/02-admin-ops-action-standard.md,87,87,merge,TECH-002-ACTION-REGISTRY-ACTION-ITEM-SCHEMA,,,
RULE-W7-003-045,SRC-W7-003,docs/W7-operate/02-admin-ops-action-standard.md,88,88,merge,TECH-002-ACTION-REGISTRY-ACTION-ITEM-SCHEMA,,,
RULE-W7-003-046,SRC-W7-003,docs/W7-operate/02-admin-ops-action-standard.md,89,89,merge,TECH-002-ACTION-REGISTRY-ACTION-ITEM-SCHEMA,,,
RULE-W7-003-047,SRC-W7-003,docs/W7-operate/02-admin-ops-action-standard.md,90,90,merge,TECH-002-ACTION-REGISTRY-ACTION-ITEM-SCHEMA,,,
RULE-W7-003-048,SRC-W7-003,docs/W7-operate/02-admin-ops-action-standard.md,91,91,merge,TECH-002-ACTION-REGISTRY-ACTION-ITEM-SCHEMA,,,
RULE-W7-003-049,SRC-W7-003,docs/W7-operate/02-admin-ops-action-standard.md,95,95,merge,OPERATION-ADMIN-003,,,
RULE-W7-003-050,SRC-W7-003,docs/W7-operate/02-admin-ops-action-standard.md,96,96,merge,OPERATION-ADMIN-003,,,
RULE-W7-003-051,SRC-W7-003,docs/W7-operate/02-admin-ops-action-standard.md,97,97,merge,OPERATION-ADMIN-003,,,
RULE-W7-003-052,SRC-W7-003,docs/W7-operate/02-admin-ops-action-standard.md,98,98,merge,OPERATION-ADMIN-003,,,
RULE-W7-003-053,SRC-W7-003,docs/W7-operate/02-admin-ops-action-standard.md,99,99,merge,OPERATION-ADMIN-003,,,
RULE-W7-003-054,SRC-W7-003,docs/W7-operate/02-admin-ops-action-standard.md,101,101,merge,OPERATION-ADMIN-002,,,
RULE-W7-003-055,SRC-W7-003,docs/W7-operate/02-admin-ops-action-standard.md,107,107,merge,OPERATION-ADMIN-005,,,
RULE-W7-003-056,SRC-W7-003,docs/W7-operate/02-admin-ops-action-standard.md,108,108,merge,OPERATION-ADMIN-005,,,
RULE-W7-003-057,SRC-W7-003,docs/W7-operate/02-admin-ops-action-standard.md,109,109,merge,OPERATION-ADMIN-005,,,
RULE-W7-003-058,SRC-W7-003,docs/W7-operate/02-admin-ops-action-standard.md,110,110,merge,OPERATION-ADMIN-005,,,
RULE-W7-003-059,SRC-W7-003,docs/W7-operate/02-admin-ops-action-standard.md,111,111,merge,OPERATION-ADMIN-005,,,
RULE-W7-003-060,SRC-W7-003,docs/W7-operate/02-admin-ops-action-standard.md,112,112,merge,OPERATION-ADMIN-005,,,
RULE-W7-003-061,SRC-W7-003,docs/W7-operate/02-admin-ops-action-standard.md,113,113,merge,OPERATION-ADMIN-005,,,
RULE-W7-003-062,SRC-W7-003,docs/W7-operate/02-admin-ops-action-standard.md,114,114,merge,OPERATION-ADMIN-005,,,
RULE-W7-003-063,SRC-W7-003,docs/W7-operate/02-admin-ops-action-standard.md,115,115,merge,OPERATION-ADMIN-005,,,
RULE-W7-003-064,SRC-W7-003,docs/W7-operate/02-admin-ops-action-standard.md,116,116,merge,OPERATION-ADMIN-005,,,
RULE-W7-003-065,SRC-W7-003,docs/W7-operate/02-admin-ops-action-standard.md,120,120,merge,OPERATION-ADMIN-002,,,
RULE-W7-003-066,SRC-W7-003,docs/W7-operate/02-admin-ops-action-standard.md,121,121,merge,OPERATION-SUPPORT-018,,,
RULE-W7-003-067,SRC-W7-003,docs/W7-operate/02-admin-ops-action-standard.md,122,122,merge,OPERATION-ADMIN-007,,,
RULE-W7-003-068,SRC-W7-003,docs/W7-operate/02-admin-ops-action-standard.md,123,123,rewrite,OPERATION-ADMIN-008,,,
RULE-W7-003-069,SRC-W7-003,docs/W7-operate/02-admin-ops-action-standard.md,124,124,merge,OPERATION-ADMIN-009,,,
RULE-W7-003-070,SRC-W7-003,docs/W7-operate/02-admin-ops-action-standard.md,125,125,merge,OPERATION-ADMIN-010,,,
RULE-W7-003-071,SRC-W7-003,docs/W7-operate/02-admin-ops-action-standard.md,131,131,rewrite,TECH-130-AUDIT-LOG-TOP-LEVEL-SCHEMA,,,
RULE-W7-003-072,SRC-W7-003,docs/W7-operate/02-admin-ops-action-standard.md,132,132,merge,TECH-130-AUDIT-LOG-TOP-LEVEL-SCHEMA,,,
RULE-W7-003-073,SRC-W7-003,docs/W7-operate/02-admin-ops-action-standard.md,133,133,merge,TECH-130-AUDIT-LOG-TOP-LEVEL-SCHEMA,,,
RULE-W7-003-074,SRC-W7-003,docs/W7-operate/02-admin-ops-action-standard.md,134,134,merge,TECH-130-AUDIT-LOG-TOP-LEVEL-SCHEMA,,,
RULE-W7-003-075,SRC-W7-003,docs/W7-operate/02-admin-ops-action-standard.md,135,135,merge,TECH-130-AUDIT-LOG-TOP-LEVEL-SCHEMA,,,
RULE-W7-003-076,SRC-W7-003,docs/W7-operate/02-admin-ops-action-standard.md,136,136,merge,TECH-130-AUDIT-LOG-TOP-LEVEL-SCHEMA,,,
RULE-W7-003-077,SRC-W7-003,docs/W7-operate/02-admin-ops-action-standard.md,137,137,merge,TECH-130-AUDIT-LOG-TOP-LEVEL-SCHEMA,,,
RULE-W7-003-078,SRC-W7-003,docs/W7-operate/02-admin-ops-action-standard.md,138,138,merge,TECH-130-AUDIT-LOG-TOP-LEVEL-SCHEMA,,,
RULE-W7-003-079,SRC-W7-003,docs/W7-operate/02-admin-ops-action-standard.md,139,139,merge,TECH-130-AUDIT-LOG-TOP-LEVEL-SCHEMA,,,
RULE-W7-003-080,SRC-W7-003,docs/W7-operate/02-admin-ops-action-standard.md,140,140,merge,TECH-130-AUDIT-LOG-TOP-LEVEL-SCHEMA,,,
RULE-W7-003-081,SRC-W7-003,docs/W7-operate/02-admin-ops-action-standard.md,141,141,merge,TECH-130-AUDIT-LOG-TOP-LEVEL-SCHEMA,,,
RULE-W7-003-082,SRC-W7-003,docs/W7-operate/02-admin-ops-action-standard.md,145,145,rewrite,TECH-130-AUDIT-LOG-REQUIRED-FIELDS,,,
RULE-W7-003-083,SRC-W7-003,docs/W7-operate/02-admin-ops-action-standard.md,146,146,merge,TECH-130-AUDIT-LOG-REQUIRED-FIELDS,,,
RULE-W7-003-084,SRC-W7-003,docs/W7-operate/02-admin-ops-action-standard.md,147,147,merge,TECH-130-AUDIT-LOG-REQUIRED-FIELDS,,,
RULE-W7-003-085,SRC-W7-003,docs/W7-operate/02-admin-ops-action-standard.md,148,148,merge,TECH-130-AUDIT-LOG-REQUIRED-FIELDS,,,
RULE-W7-003-086,SRC-W7-003,docs/W7-operate/02-admin-ops-action-standard.md,149,149,merge,TECH-130-AUDIT-LOG-REQUIRED-FIELDS,,,
RULE-W7-003-087,SRC-W7-003,docs/W7-operate/02-admin-ops-action-standard.md,150,150,merge,TECH-130-AUDIT-LOG-REQUIRED-FIELDS,,,
RULE-W7-003-088,SRC-W7-003,docs/W7-operate/02-admin-ops-action-standard.md,151,151,merge,TECH-130-AUDIT-LOG-REQUIRED-FIELDS,,,
RULE-W7-003-089,SRC-W7-003,docs/W7-operate/02-admin-ops-action-standard.md,152,152,merge,TECH-130-AUDIT-LOG-REQUIRED-FIELDS,,,
RULE-W7-003-090,SRC-W7-003,docs/W7-operate/02-admin-ops-action-standard.md,153,153,merge,TECH-130-AUDIT-LOG-REQUIRED-FIELDS,,,
RULE-W7-003-091,SRC-W7-003,docs/W7-operate/02-admin-ops-action-standard.md,154,154,merge,TECH-130-AUDIT-LOG-REQUIRED-FIELDS,,,
RULE-W7-003-092,SRC-W7-003,docs/W7-operate/02-admin-ops-action-standard.md,155,155,merge,TECH-130-AUDIT-LOG-REQUIRED-FIELDS,,,
RULE-W7-003-093,SRC-W7-003,docs/W7-operate/02-admin-ops-action-standard.md,156,156,merge,TECH-130-AUDIT-LOG-REQUIRED-FIELDS,,,
RULE-W7-003-094,SRC-W7-003,docs/W7-operate/02-admin-ops-action-standard.md,157,157,merge,TECH-130-AUDIT-LOG-REQUIRED-FIELDS,,,
RULE-W7-003-095,SRC-W7-003,docs/W7-operate/02-admin-ops-action-standard.md,158,158,merge,TECH-130-AUDIT-LOG-REQUIRED-FIELDS,,,
RULE-W7-003-096,SRC-W7-003,docs/W7-operate/02-admin-ops-action-standard.md,159,159,merge,TECH-130-AUDIT-LOG-REQUIRED-FIELDS,,,
RULE-W7-003-097,SRC-W7-003,docs/W7-operate/02-admin-ops-action-standard.md,160,160,merge,TECH-130-AUDIT-LOG-REQUIRED-FIELDS,,,
RULE-W7-003-098,SRC-W7-003,docs/W7-operate/02-admin-ops-action-standard.md,161,161,merge,TECH-130-AUDIT-LOG-REQUIRED-FIELDS,,,
RULE-W7-003-099,SRC-W7-003,docs/W7-operate/02-admin-ops-action-standard.md,165,165,rewrite,TECH-130-AUDIT-LOG-APPEND-ONLY,,,
RULE-W7-003-100,SRC-W7-003,docs/W7-operate/02-admin-ops-action-standard.md,166,166,rewrite,TECH-130-AUDIT-EVIDENCE-REFERENCE-AND-REDACTION,,,
RULE-W7-003-101,SRC-W7-003,docs/W7-operate/02-admin-ops-action-standard.md,167,167,rewrite,TECH-130-AUDIT-LOG-SENSITIVE-ASSET,,,
RULE-W7-003-102,SRC-W7-003,docs/W7-operate/02-admin-ops-action-standard.md,173,173,merge,OPERATION-BREAKGLASS-001,,,
RULE-W7-003-103,SRC-W7-003,docs/W7-operate/02-admin-ops-action-standard.md,174,174,merge,OPERATION-BREAKGLASS-001,,,
RULE-W7-003-104,SRC-W7-003,docs/W7-operate/02-admin-ops-action-standard.md,175,175,merge,OPERATION-BREAKGLASS-001,,,
RULE-W7-003-105,SRC-W7-003,docs/W7-operate/02-admin-ops-action-standard.md,176,176,merge,OPERATION-BREAKGLASS-001,,,
RULE-W7-003-106,SRC-W7-003,docs/W7-operate/02-admin-ops-action-standard.md,177,177,merge,OPERATION-BREAKGLASS-001,,,
RULE-W7-003-107,SRC-W7-003,docs/W7-operate/02-admin-ops-action-standard.md,178,178,merge,OPERATION-BREAKGLASS-001,,,
RULE-W7-003-108,SRC-W7-003,docs/W7-operate/02-admin-ops-action-standard.md,179,179,merge,OPERATION-BREAKGLASS-001,,,
RULE-W7-003-109,SRC-W7-003,docs/W7-operate/02-admin-ops-action-standard.md,180,180,merge,OPERATION-BREAKGLASS-001,,,
RULE-W7-003-110,SRC-W7-003,docs/W7-operate/02-admin-ops-action-standard.md,181,181,merge,OPERATION-BREAKGLASS-003,,,
RULE-W7-003-111,SRC-W7-003,docs/W7-operate/02-admin-ops-action-standard.md,182,182,merge,OPERATION-BREAKGLASS-001,,,
RULE-W7-003-112,SRC-W7-003,docs/W7-operate/02-admin-ops-action-standard.md,186,186,rewrite,OPERATION-BREAKGLASS-002,,,
RULE-W7-003-113,SRC-W7-003,docs/W7-operate/02-admin-ops-action-standard.md,187,187,merge,OPERATION-BREAKGLASS-003,,,
RULE-W7-003-114,SRC-W7-003,docs/W7-operate/02-admin-ops-action-standard.md,188,188,merge,OPERATION-SUPPORT-018,,,
RULE-W7-003-115,SRC-W7-003,docs/W7-operate/02-admin-ops-action-standard.md,189,189,merge,OPERATION-BREAKGLASS-003,,,
RULE-W7-003-116,SRC-W7-003,docs/W7-operate/02-admin-ops-action-standard.md,195,195,merge,EVALUATION-ADMIN-001,,,
RULE-W7-003-117,SRC-W7-003,docs/W7-operate/02-admin-ops-action-standard.md,196,196,merge,EVALUATION-ADMIN-001,,,
RULE-W7-003-118,SRC-W7-003,docs/W7-operate/02-admin-ops-action-standard.md,197,197,merge,EVALUATION-ADMIN-001,,,
RULE-W7-003-119,SRC-W7-003,docs/W7-operate/02-admin-ops-action-standard.md,198,198,merge,EVALUATION-ADMIN-001,,,
RULE-W7-003-120,SRC-W7-003,docs/W7-operate/02-admin-ops-action-standard.md,199,199,merge,EVALUATION-ADMIN-001,,,
RULE-W7-003-121,SRC-W7-003,docs/W7-operate/02-admin-ops-action-standard.md,200,200,merge,EVALUATION-ADMIN-001,,,
RULE-W7-003-122,SRC-W7-003,docs/W7-operate/02-admin-ops-action-standard.md,201,201,merge,EVALUATION-ADMIN-001,,,
RULE-W7-003-123,SRC-W7-003,docs/W7-operate/02-admin-ops-action-standard.md,202,202,merge,EVALUATION-ADMIN-001,,,
RULE-W7-003-124,SRC-W7-003,docs/W7-operate/02-admin-ops-action-standard.md,206,206,rewrite,EVALUATION-ADMIN-002,,,
RULE-W7-003-125,SRC-W7-003,docs/W7-operate/02-admin-ops-action-standard.md,207,207,rewrite,EVALUATION-ADMIN-004,,,
RULE-W7-003-126,SRC-W7-003,docs/W7-operate/02-admin-ops-action-standard.md,208,208,rewrite,EVALUATION-ADMIN-003,,,
RULE-W7-003-127,SRC-W7-003,docs/W7-operate/02-admin-ops-action-standard.md,212,212,rewrite,TECH-099-API-CONTRACT-ERROR-MODEL-S01,,,
RULE-W7-003-128,SRC-W7-003,docs/W7-operate/02-admin-ops-action-standard.md,213,213,merge,IMPL-ADMIN-MIDDLEWARE-CHECKS,,,
RULE-W7-003-129,SRC-W7-003,docs/W7-operate/02-admin-ops-action-standard.md,214,214,rewrite,TECH-099-API-CONTRACT-ERROR-MODEL-S02,,,
RULE-W7-003-130,SRC-W7-003,docs/W7-operate/02-admin-ops-action-standard.md,214,214,rewrite,TECH-099-API-CONTRACT-ERROR-MODEL-S03,,,
RULE-W7-003-131,SRC-W7-003,docs/W7-operate/02-admin-ops-action-standard.md,215,215,rewrite,TECH-185-DATABASE-TABLE-SCHEMA-S01,,,
RULE-W7-003-132,SRC-W7-003,docs/W7-operate/02-admin-ops-action-standard.md,215,215,rewrite,TECH-185-DATABASE-TABLE-SCHEMA-S02,,,
RULE-W7-003-133,SRC-W7-003,docs/W7-operate/02-admin-ops-action-standard.md,215,215,rewrite,TECH-185-DATABASE-TABLE-SCHEMA-S03,,,
RULE-W7-003-134,SRC-W7-003,docs/W7-operate/02-admin-ops-action-standard.md,215,215,rewrite,TECH-185-DATABASE-TABLE-SCHEMA-S04,,,
RULE-W7-003-135,SRC-W7-003,docs/W7-operate/02-admin-ops-action-standard.md,215,215,rewrite,TECH-185-DATABASE-TABLE-SCHEMA-S05,,,
RULE-W7-003-136,SRC-W7-003,docs/W7-operate/02-admin-ops-action-standard.md,216,216,rewrite,TECH-099-API-CONTRACT-ERROR-MODEL-S04,,,
RULE-W7-003-137,SRC-W7-003,docs/W7-operate/02-admin-ops-action-standard.md,216,216,rewrite,IMPL-ADMIN-SQL-DATA-FIX-ROUTE,,,
RULE-W7-003-138,SRC-W7-003,docs/W7-operate/02-admin-ops-action-standard.md,217,217,rewrite,VERIFY-AI-EVAL-FIXTURE-W7-003-L217,,,
RULE-W7-003-139,SRC-W7-003,docs/W7-operate/02-admin-ops-action-standard.md,217,217,rewrite,VERIFY-EVIDENCE-W7-003-L217,,,
RULE-W7-003-140,SRC-W7-003,docs/W7-operate/02-admin-ops-action-standard.md,221,221,merge,EXPERIENCE-WORKBENCH-PRESENTATION,,,
RULE-W7-003-141,SRC-W7-003,docs/W7-operate/02-admin-ops-action-standard.md,222,222,merge,EXPERIENCE-HIGH-RISK-CONFIRMATION,,,
RULE-W7-003-142,SRC-W7-003,docs/W7-operate/02-admin-ops-action-standard.md,223,223,rewrite,TECH-002-ACTION-FRONTEND-SECURITY-BOUNDARY,,,
RULE-W7-003-143,SRC-W7-003,docs/W7-operate/02-admin-ops-action-standard.md,223,223,merge,VERIFY-ADMIN-ACTION-CONTROL,,,
RULE-W7-003-144,SRC-W7-003,docs/W7-operate/02-admin-ops-action-standard.md,224,224,merge,EXPERIENCE-HIGH-RISK-CONFIRMATION,,,
RULE-W7-003-145,SRC-W7-003,docs/W7-operate/02-admin-ops-action-standard.md,224,224,merge,EXPERIENCE-HIGH-RISK-CONFIRMATION,,,
RULE-W7-003-146,SRC-W7-003,docs/W7-operate/02-admin-ops-action-standard.md,225,225,rewrite,TECH-002-ACTION-UI-DATA-MINIMIZATION,,,
RULE-W7-003-147,SRC-W7-003,docs/W7-operate/02-admin-ops-action-standard.md,229,229,merge,OPERATION-ADMIN-012,,,
RULE-W7-003-148,SRC-W7-003,docs/W7-operate/02-admin-ops-action-standard.md,230,230,rewrite,IMPL-AI-ADMIN-READONLY-DEFAULT,,,
RULE-W7-003-149,SRC-W7-003,docs/W7-operate/02-admin-ops-action-standard.md,230,230,rewrite,IMPL-NO-UNVERIFIED-AUTONOMY-LABELS,,,
RULE-W7-003-150,SRC-W7-003,docs/W7-operate/02-admin-ops-action-standard.md,231,231,rewrite,TECH-002-AI-WRITE-ACTION-SCHEMA,,,
RULE-W7-003-151,SRC-W7-003,docs/W7-operate/02-admin-ops-action-standard.md,232,232,rewrite,TECH-150-HIGH-PRIVILEGE-INSTRUCTION-BOUNDARY,,,
RULE-W7-003-152,SRC-W7-003,docs/W7-operate/02-admin-ops-action-standard.md,233,233,merge,OPERATION-ADMIN-012,,,
RULE-W7-003-153,SRC-W7-003,docs/W7-operate/02-admin-ops-action-standard.md,239,239,merge,OPERATION-ADMIN-011,,,
RULE-W7-003-154,SRC-W7-003,docs/W7-operate/02-admin-ops-action-standard.md,240,240,merge,OPERATION-ADMIN-011,,,
RULE-W7-003-155,SRC-W7-003,docs/W7-operate/02-admin-ops-action-standard.md,241,241,rewrite,VERIFY-EVIDENCE-W7-003-L241,,,
RULE-W7-003-156,SRC-W7-003,docs/W7-operate/02-admin-ops-action-standard.md,242,242,merge,OPERATION-ADMIN-011,,,
RULE-W7-003-157,SRC-W7-003,docs/W7-operate/02-admin-ops-action-standard.md,243,243,merge,OPERATION-ADMIN-011,,,
RULE-W7-003-158,SRC-W7-003,docs/W7-operate/02-admin-ops-action-standard.md,244,244,rewrite,VERIFY-EVIDENCE-W7-003-L244,,,
RULE-W7-003-159,SRC-W7-003,docs/W7-operate/02-admin-ops-action-standard.md,189,189,merge,OPERATION-BREAKGLASS-003,,,
RULE-W7-003-160,SRC-W7-003,docs/W7-operate/02-admin-ops-action-standard.md,213,213,merge,IMPL-ADMIN-MIDDLEWARE-CHECKS,,,
RULE-W7-003-161,SRC-W7-003,docs/W7-operate/02-admin-ops-action-standard.md,213,213,merge,IMPL-ADMIN-MIDDLEWARE-CHECKS,,,
RULE-W7-003-162,SRC-W7-003,docs/W7-operate/02-admin-ops-action-standard.md,213,213,merge,IMPL-ADMIN-MIDDLEWARE-CHECKS,,,
RULE-W7-003-163,SRC-W7-003,docs/W7-operate/02-admin-ops-action-standard.md,213,213,merge,IMPL-ADMIN-MIDDLEWARE-CHECKS,,,
RULE-W7-003-164,SRC-W7-003,docs/W7-operate/02-admin-ops-action-standard.md,213,213,merge,IMPL-ADMIN-MIDDLEWARE-CHECKS,,,
RULE-W7-003-165,SRC-W7-003,docs/W7-operate/02-admin-ops-action-standard.md,222,222,merge,EXPERIENCE-HIGH-RISK-CONFIRMATION,,,
RULE-W7-003-166,SRC-W7-003,docs/W7-operate/02-admin-ops-action-standard.md,222,222,merge,EXPERIENCE-HIGH-RISK-CONFIRMATION,,,
RULE-W7-003-167,SRC-W7-003,docs/W7-operate/02-admin-ops-action-standard.md,222,222,merge,EXPERIENCE-HIGH-RISK-CONFIRMATION,,,
RULE-W7-003-168,SRC-W7-003,docs/W7-operate/02-admin-ops-action-standard.md,222,222,merge,EXPERIENCE-HIGH-RISK-CONFIRMATION,,,
RULE-W7-003-169,SRC-W7-003,docs/W7-operate/02-admin-ops-action-standard.md,222,222,merge,EXPERIENCE-HIGH-RISK-CONFIRMATION,,,
RULE-W7-003-170,SRC-W7-003,docs/W7-operate/02-admin-ops-action-standard.md,231,231,merge,VERIFY-ADMIN-ACTION-CONTROL,,,
RULE-W7-003-171,SRC-W7-003,docs/W7-operate/02-admin-ops-action-standard.md,231,231,merge,VERIFY-ADMIN-ACTION-CONTROL,,,
RULE-W7-003-172,SRC-W7-003,docs/W7-operate/02-admin-ops-action-standard.md,231,231,merge,OPERATION-ADMIN-012,,,
RULE-W7-003-173,SRC-W7-003,docs/W7-operate/02-admin-ops-action-standard.md,231,231,merge,VERIFY-ADMIN-ACTION-CONTROL,,,
RULE-W7-003-174,SRC-W7-003,docs/W7-operate/02-admin-ops-action-standard.md,122,122,merge,OPERATION-ADMIN-007,,,
RULE-W7-003-175,SRC-W7-003,docs/W7-operate/02-admin-ops-action-standard.md,122,122,merge,OPERATION-ADMIN-007,,,
RULE-W7-003-176,SRC-W7-003,docs/W7-operate/02-admin-ops-action-standard.md,122,122,merge,OPERATION-ADMIN-007,,,
RULE-W7-003-177,SRC-W7-003,docs/W7-operate/02-admin-ops-action-standard.md,122,122,merge,OPERATION-ADMIN-007,,,
RULE-W7-003-178,SRC-W7-003,docs/W7-operate/02-admin-ops-action-standard.md,122,122,merge,OPERATION-ADMIN-007,,,
RULE-W7-003-179,SRC-W7-003,docs/W7-operate/02-admin-ops-action-standard.md,125,125,merge,OPERATION-ADMIN-010,,,
RULE-W7-003-180,SRC-W7-003,docs/W7-operate/02-admin-ops-action-standard.md,125,125,merge,OPERATION-ADMIN-010,,,
RULE-W7-003-181,SRC-W7-003,docs/W7-operate/02-admin-ops-action-standard.md,125,125,merge,OPERATION-ADMIN-010,,,
RULE-W7-003-182,SRC-W7-003,docs/W7-operate/02-admin-ops-action-standard.md,125,125,merge,OPERATION-ADMIN-010,,,
RULE-W7-003-183,SRC-W7-003,docs/W7-operate/02-admin-ops-action-standard.md,125,125,merge,OPERATION-ADMIN-010,,,
RULE-W7-003-184,SRC-W7-003,docs/W7-operate/02-admin-ops-action-standard.md,120,120,rewrite,OPERATION-ADMIN-006,,,
RULE-W7-003-185,SRC-W7-003,docs/W7-operate/02-admin-ops-action-standard.md,124,124,merge,OPERATION-ADMIN-009,,,
RULE-W7-003-186,SRC-W7-003,docs/W7-operate/02-admin-ops-action-standard.md,124,124,merge,OPERATION-ADMIN-009,,,
RULE-W7-003-187,SRC-W7-003,docs/W7-operate/02-admin-ops-action-standard.md,124,124,merge,OPERATION-ADMIN-009,,,
RULE-W7-003-188,SRC-W7-003,docs/W7-operate/02-admin-ops-action-standard.md,124,124,merge,OPERATION-ADMIN-009,,,
RULE-W7-003-189,SRC-W7-003,docs/W7-operate/02-admin-ops-action-standard.md,166,166,merge,TECH-130-AUDIT-EVIDENCE-REFERENCE-AND-REDACTION,,,
RULE-W7-003-190,SRC-W7-003,docs/W7-operate/02-admin-ops-action-standard.md,187,187,merge,OPERATION-BREAKGLASS-003,,,
RULE-W7-003-191,SRC-W7-003,docs/W7-operate/02-admin-ops-action-standard.md,212,212,merge,TECH-099-API-CONTRACT-ERROR-MODEL-S01,,,
RULE-W7-003-192,SRC-W7-003,docs/W7-operate/02-admin-ops-action-standard.md,214,214,merge,TECH-099-API-CONTRACT-ERROR-MODEL-S02,,,
RULE-W7-003-193,SRC-W7-003,docs/W7-operate/02-admin-ops-action-standard.md,214,214,merge,TECH-099-API-CONTRACT-ERROR-MODEL-S02,,,
RULE-W7-003-194,SRC-W7-003,docs/W7-operate/02-admin-ops-action-standard.md,214,214,merge,TECH-099-API-CONTRACT-ERROR-MODEL-S02,,,
RULE-W7-003-195,SRC-W7-003,docs/W7-operate/02-admin-ops-action-standard.md,95,95,merge,OPERATION-ADMIN-003,,,
RULE-W7-003-196,SRC-W7-003,docs/W7-operate/02-admin-ops-action-standard.md,96,96,merge,OPERATION-ADMIN-003,,,
RULE-W7-003-197,SRC-W7-003,docs/W7-operate/02-admin-ops-action-standard.md,96,96,merge,OPERATION-ADMIN-004,,,
RULE-W7-003-198,SRC-W7-003,docs/W7-operate/02-admin-ops-action-standard.md,96,96,merge,OPERATION-ADMIN-004,,,
RULE-W7-003-199,SRC-W7-003,docs/W7-operate/02-admin-ops-action-standard.md,97,97,merge,OPERATION-ADMIN-003,,,
RULE-W7-003-200,SRC-W7-003,docs/W7-operate/02-admin-ops-action-standard.md,97,97,merge,OPERATION-ADMIN-004,,,
RULE-W7-003-201,SRC-W7-003,docs/W7-operate/02-admin-ops-action-standard.md,98,98,merge,OPERATION-ADMIN-003,,,
RULE-W7-003-202,SRC-W7-003,docs/W7-operate/02-admin-ops-action-standard.md,98,98,merge,OPERATION-ADMIN-004,,,
RULE-W7-003-203,SRC-W7-003,docs/W7-operate/02-admin-ops-action-standard.md,98,98,merge,OPERATION-ADMIN-004,,,
RULE-W7-003-204,SRC-W7-003,docs/W7-operate/02-admin-ops-action-standard.md,98,98,merge,OPERATION-ADMIN-004,,,
RULE-W7-003-205,SRC-W7-003,docs/W7-operate/02-admin-ops-action-standard.md,99,99,merge,OPERATION-ADMIN-003,,,
RULE-W7-003-206,SRC-W7-003,docs/W7-operate/02-admin-ops-action-standard.md,99,99,merge,OPERATION-ADMIN-004,,,
RULE-W7-003-207,SRC-W7-003,docs/W7-operate/02-admin-ops-action-standard.md,99,99,merge,OPERATION-ADMIN-004,,,
RULE-W7-003-208,SRC-W7-003,docs/W7-operate/02-admin-ops-action-standard.md,99,99,rewrite,EVALUATION-BREAKGLASS-001,,,
RULE-W7-004-001,SRC-W7-004,docs/W7-operate/03-security-privacy-incident-vulnerability-standard.md,3,3,merge,OPERATION-SECURITY-001,,,
RULE-W7-004-002,SRC-W7-004,docs/W7-operate/03-security-privacy-incident-vulnerability-standard.md,7,7,merge,OPERATION-SECURITY-001,,,
RULE-W7-004-003,SRC-W7-004,docs/W7-operate/03-security-privacy-incident-vulnerability-standard.md,7,7,merge,OPERATION-SECURITY-001,,,
RULE-W7-004-004,SRC-W7-004,docs/W7-operate/03-security-privacy-incident-vulnerability-standard.md,9,9,merge,OPERATION-SECURITY-001,,,
RULE-W7-004-005,SRC-W7-004,docs/W7-operate/03-security-privacy-incident-vulnerability-standard.md,35,35,merge,IMPL-SECURITY-RESPONSE-SURFACES,,,
RULE-W7-004-006,SRC-W7-004,docs/W7-operate/03-security-privacy-incident-vulnerability-standard.md,36,36,rewrite,TECH-151-SECURITY-THREAT-SCOPE,,,
RULE-W7-004-007,SRC-W7-004,docs/W7-operate/03-security-privacy-incident-vulnerability-standard.md,37,37,rewrite,RESEARCH-EXTERNAL-INCIDENT-COLLABORATION,,,
RULE-W7-004-008,SRC-W7-004,docs/W7-operate/03-security-privacy-incident-vulnerability-standard.md,41,41,merge,OPERATION-SECURITY-001,,,
RULE-W7-004-009,SRC-W7-004,docs/W7-operate/03-security-privacy-incident-vulnerability-standard.md,42,42,merge,OPERATION-SECURITY-001,,,
RULE-W7-004-010,SRC-W7-004,docs/W7-operate/03-security-privacy-incident-vulnerability-standard.md,43,43,merge,OPERATION-SECURITY-001,,,
RULE-W7-004-011,SRC-W7-004,docs/W7-operate/03-security-privacy-incident-vulnerability-standard.md,43,43,merge,IMPL-SECURITY-RESPONSE-SURFACES,,,
RULE-W7-004-012,SRC-W7-004,docs/W7-operate/03-security-privacy-incident-vulnerability-standard.md,47,47,merge,OPERATION-SECURITY-001,,,
RULE-W7-004-013,SRC-W7-004,docs/W7-operate/03-security-privacy-incident-vulnerability-standard.md,51,51,merge,OPERATION-SECURITY-001,,,
RULE-W7-004-014,SRC-W7-004,docs/W7-operate/03-security-privacy-incident-vulnerability-standard.md,52,52,merge,OPERATION-SECURITY-001,,,
RULE-W7-004-015,SRC-W7-004,docs/W7-operate/03-security-privacy-incident-vulnerability-standard.md,53,53,merge,OPERATION-SECURITY-011,,,
RULE-W7-004-016,SRC-W7-004,docs/W7-operate/03-security-privacy-incident-vulnerability-standard.md,54,54,merge,OPERATION-SECURITY-001,,,
RULE-W7-004-017,SRC-W7-004,docs/W7-operate/03-security-privacy-incident-vulnerability-standard.md,55,55,merge,EVALUATION-SECURITY-REVIEW-001,,,
RULE-W7-004-018,SRC-W7-004,docs/W7-operate/03-security-privacy-incident-vulnerability-standard.md,63,63,merge,OPERATION-SECURITY-002,,,
RULE-W7-004-019,SRC-W7-004,docs/W7-operate/03-security-privacy-incident-vulnerability-standard.md,65,65,merge,OPERATION-SECURITY-002,,,
RULE-W7-004-020,SRC-W7-004,docs/W7-operate/03-security-privacy-incident-vulnerability-standard.md,67,67,merge,OPERATION-SECURITY-002,,,
RULE-W7-004-021,SRC-W7-004,docs/W7-operate/03-security-privacy-incident-vulnerability-standard.md,69,69,merge,OPERATION-SECURITY-002,,,
RULE-W7-004-022,SRC-W7-004,docs/W7-operate/03-security-privacy-incident-vulnerability-standard.md,71,71,merge,OPERATION-SECURITY-002,,,
RULE-W7-004-023,SRC-W7-004,docs/W7-operate/03-security-privacy-incident-vulnerability-standard.md,73,73,merge,OPERATION-SECURITY-002,,,
RULE-W7-004-024,SRC-W7-004,docs/W7-operate/03-security-privacy-incident-vulnerability-standard.md,75,75,merge,OPERATION-SECURITY-002,,,
RULE-W7-004-025,SRC-W7-004,docs/W7-operate/03-security-privacy-incident-vulnerability-standard.md,77,77,merge,OPERATION-SECURITY-002,,,
RULE-W7-004-026,SRC-W7-004,docs/W7-operate/03-security-privacy-incident-vulnerability-standard.md,79,79,merge,OPERATION-SECURITY-002,,,
RULE-W7-004-027,SRC-W7-004,docs/W7-operate/03-security-privacy-incident-vulnerability-standard.md,81,81,merge,OPERATION-SECURITY-002,,,
RULE-W7-004-028,SRC-W7-004,docs/W7-operate/03-security-privacy-incident-vulnerability-standard.md,83,83,merge,OPERATION-SECURITY-002,,,
RULE-W7-004-029,SRC-W7-004,docs/W7-operate/03-security-privacy-incident-vulnerability-standard.md,85,85,merge,OPERATION-SECURITY-002,,,
RULE-W7-004-030,SRC-W7-004,docs/W7-operate/03-security-privacy-incident-vulnerability-standard.md,87,87,merge,OPERATION-SECURITY-002,,,
RULE-W7-004-031,SRC-W7-004,docs/W7-operate/03-security-privacy-incident-vulnerability-standard.md,89,89,merge,OPERATION-SECURITY-002,,,
RULE-W7-004-032,SRC-W7-004,docs/W7-operate/03-security-privacy-incident-vulnerability-standard.md,94,94,merge,OPERATION-SECURITY-003,,,
RULE-W7-004-033,SRC-W7-004,docs/W7-operate/03-security-privacy-incident-vulnerability-standard.md,95,95,merge,OPERATION-SECURITY-001,,,
RULE-W7-004-034,SRC-W7-004,docs/W7-operate/03-security-privacy-incident-vulnerability-standard.md,96,96,merge,OPERATION-SECURITY-004,,,
RULE-W7-004-035,SRC-W7-004,docs/W7-operate/03-security-privacy-incident-vulnerability-standard.md,97,97,rewrite,OPERATION-SECURITY-005,,,
RULE-W7-004-036,SRC-W7-004,docs/W7-operate/03-security-privacy-incident-vulnerability-standard.md,97,97,rewrite,VERIFY-EVIDENCE-W7-004-L097,,,
RULE-W7-004-037,SRC-W7-004,docs/W7-operate/03-security-privacy-incident-vulnerability-standard.md,103,103,merge,OPERATION-SECURITY-006,,,
RULE-W7-004-038,SRC-W7-004,docs/W7-operate/03-security-privacy-incident-vulnerability-standard.md,104,104,merge,OPERATION-SECURITY-006,,,
RULE-W7-004-039,SRC-W7-004,docs/W7-operate/03-security-privacy-incident-vulnerability-standard.md,105,105,merge,OPERATION-SECURITY-006,,,
RULE-W7-004-040,SRC-W7-004,docs/W7-operate/03-security-privacy-incident-vulnerability-standard.md,106,106,merge,OPERATION-SECURITY-006,,,
RULE-W7-004-041,SRC-W7-004,docs/W7-operate/03-security-privacy-incident-vulnerability-standard.md,107,107,merge,OPERATION-SECURITY-006,,,
RULE-W7-004-042,SRC-W7-004,docs/W7-operate/03-security-privacy-incident-vulnerability-standard.md,108,108,merge,OPERATION-SECURITY-006,,,
RULE-W7-004-043,SRC-W7-004,docs/W7-operate/03-security-privacy-incident-vulnerability-standard.md,109,109,merge,OPERATION-SECURITY-006,,,
RULE-W7-004-044,SRC-W7-004,docs/W7-operate/03-security-privacy-incident-vulnerability-standard.md,110,110,merge,OPERATION-SECURITY-006,,,
RULE-W7-004-045,SRC-W7-004,docs/W7-operate/03-security-privacy-incident-vulnerability-standard.md,111,111,merge,OPERATION-SECURITY-006,,,
RULE-W7-004-046,SRC-W7-004,docs/W7-operate/03-security-privacy-incident-vulnerability-standard.md,112,112,merge,OPERATION-SECURITY-006,,,
RULE-W7-004-047,SRC-W7-004,docs/W7-operate/03-security-privacy-incident-vulnerability-standard.md,116,116,merge,OPERATION-SECURITY-007,,,
RULE-W7-004-048,SRC-W7-004,docs/W7-operate/03-security-privacy-incident-vulnerability-standard.md,117,117,merge,OPERATION-SECURITY-007,,,
RULE-W7-004-049,SRC-W7-004,docs/W7-operate/03-security-privacy-incident-vulnerability-standard.md,118,118,merge,OPERATION-SECURITY-007,,,
RULE-W7-004-050,SRC-W7-004,docs/W7-operate/03-security-privacy-incident-vulnerability-standard.md,119,119,merge,OPERATION-SECURITY-007,,,
RULE-W7-004-051,SRC-W7-004,docs/W7-operate/03-security-privacy-incident-vulnerability-standard.md,120,120,merge,OPERATION-SECURITY-007,,,
RULE-W7-004-052,SRC-W7-004,docs/W7-operate/03-security-privacy-incident-vulnerability-standard.md,121,121,merge,OPERATION-SECURITY-007,,,
RULE-W7-004-053,SRC-W7-004,docs/W7-operate/03-security-privacy-incident-vulnerability-standard.md,122,122,merge,OPERATION-SECURITY-007,,,
RULE-W7-004-054,SRC-W7-004,docs/W7-operate/03-security-privacy-incident-vulnerability-standard.md,123,123,merge,OPERATION-SECURITY-007,,,
RULE-W7-004-055,SRC-W7-004,docs/W7-operate/03-security-privacy-incident-vulnerability-standard.md,124,124,merge,OPERATION-SECURITY-007,,,
RULE-W7-004-056,SRC-W7-004,docs/W7-operate/03-security-privacy-incident-vulnerability-standard.md,125,125,merge,OPERATION-SECURITY-007,,,
RULE-W7-004-057,SRC-W7-004,docs/W7-operate/03-security-privacy-incident-vulnerability-standard.md,126,126,merge,OPERATION-SECURITY-007,,,
RULE-W7-004-058,SRC-W7-004,docs/W7-operate/03-security-privacy-incident-vulnerability-standard.md,127,127,merge,OPERATION-SECURITY-007,,,
RULE-W7-004-059,SRC-W7-004,docs/W7-operate/03-security-privacy-incident-vulnerability-standard.md,128,128,merge,OPERATION-SECURITY-006,,,
RULE-W7-004-060,SRC-W7-004,docs/W7-operate/03-security-privacy-incident-vulnerability-standard.md,129,129,merge,OPERATION-SECURITY-006,,,
RULE-W7-004-061,SRC-W7-004,docs/W7-operate/03-security-privacy-incident-vulnerability-standard.md,133,133,merge,OPERATION-SECURITY-008,,,
RULE-W7-004-062,SRC-W7-004,docs/W7-operate/03-security-privacy-incident-vulnerability-standard.md,134,134,merge,OPERATION-SECURITY-008,,,
RULE-W7-004-063,SRC-W7-004,docs/W7-operate/03-security-privacy-incident-vulnerability-standard.md,135,135,merge,OPERATION-SECURITY-008,,,
RULE-W7-004-064,SRC-W7-004,docs/W7-operate/03-security-privacy-incident-vulnerability-standard.md,136,136,merge,OPERATION-SECURITY-008,,,
RULE-W7-004-065,SRC-W7-004,docs/W7-operate/03-security-privacy-incident-vulnerability-standard.md,137,137,merge,OPERATION-SECURITY-008,,,
RULE-W7-004-066,SRC-W7-004,docs/W7-operate/03-security-privacy-incident-vulnerability-standard.md,138,138,merge,OPERATION-SECURITY-008,,,
RULE-W7-004-067,SRC-W7-004,docs/W7-operate/03-security-privacy-incident-vulnerability-standard.md,139,139,merge,OPERATION-SECURITY-008,,,
RULE-W7-004-068,SRC-W7-004,docs/W7-operate/03-security-privacy-incident-vulnerability-standard.md,140,140,merge,OPERATION-SECURITY-008,,,
RULE-W7-004-069,SRC-W7-004,docs/W7-operate/03-security-privacy-incident-vulnerability-standard.md,141,141,merge,OPERATION-SECURITY-008,,,
RULE-W7-004-070,SRC-W7-004,docs/W7-operate/03-security-privacy-incident-vulnerability-standard.md,142,142,merge,OPERATION-SECURITY-008,,,
RULE-W7-004-071,SRC-W7-004,docs/W7-operate/03-security-privacy-incident-vulnerability-standard.md,143,143,merge,OPERATION-SECURITY-008,,,
RULE-W7-004-072,SRC-W7-004,docs/W7-operate/03-security-privacy-incident-vulnerability-standard.md,144,144,merge,OPERATION-SECURITY-008,,,
RULE-W7-004-073,SRC-W7-004,docs/W7-operate/03-security-privacy-incident-vulnerability-standard.md,145,145,merge,OPERATION-SECURITY-008,,,
RULE-W7-004-074,SRC-W7-004,docs/W7-operate/03-security-privacy-incident-vulnerability-standard.md,146,146,merge,OPERATION-SECURITY-008,,,
RULE-W7-004-075,SRC-W7-004,docs/W7-operate/03-security-privacy-incident-vulnerability-standard.md,147,147,merge,OPERATION-SECURITY-008,,,
RULE-W7-004-076,SRC-W7-004,docs/W7-operate/03-security-privacy-incident-vulnerability-standard.md,151,151,merge,OPERATION-SECURITY-009,,,
RULE-W7-004-077,SRC-W7-004,docs/W7-operate/03-security-privacy-incident-vulnerability-standard.md,152,152,merge,OPERATION-SECURITY-009,,,
RULE-W7-004-078,SRC-W7-004,docs/W7-operate/03-security-privacy-incident-vulnerability-standard.md,153,153,merge,OPERATION-SECURITY-010,,,
RULE-W7-004-079,SRC-W7-004,docs/W7-operate/03-security-privacy-incident-vulnerability-standard.md,154,154,merge,OPERATION-SECURITY-009,,,
RULE-W7-004-080,SRC-W7-004,docs/W7-operate/03-security-privacy-incident-vulnerability-standard.md,160,160,merge,OPERATION-SECURITY-011,,,
RULE-W7-004-081,SRC-W7-004,docs/W7-operate/03-security-privacy-incident-vulnerability-standard.md,161,161,merge,OPERATION-SECURITY-011,,,
RULE-W7-004-082,SRC-W7-004,docs/W7-operate/03-security-privacy-incident-vulnerability-standard.md,162,162,merge,OPERATION-SECURITY-011,,,
RULE-W7-004-083,SRC-W7-004,docs/W7-operate/03-security-privacy-incident-vulnerability-standard.md,163,163,merge,OPERATION-SECURITY-011,,,
RULE-W7-004-084,SRC-W7-004,docs/W7-operate/03-security-privacy-incident-vulnerability-standard.md,164,164,merge,OPERATION-SECURITY-011,,,
RULE-W7-004-085,SRC-W7-004,docs/W7-operate/03-security-privacy-incident-vulnerability-standard.md,165,165,merge,OPERATION-SECURITY-011,,,
RULE-W7-004-086,SRC-W7-004,docs/W7-operate/03-security-privacy-incident-vulnerability-standard.md,166,166,merge,OPERATION-SECURITY-011,,,
RULE-W7-004-087,SRC-W7-004,docs/W7-operate/03-security-privacy-incident-vulnerability-standard.md,167,167,merge,OPERATION-SECURITY-011,,,
RULE-W7-004-088,SRC-W7-004,docs/W7-operate/03-security-privacy-incident-vulnerability-standard.md,168,168,merge,OPERATION-SECURITY-011,,,
RULE-W7-004-089,SRC-W7-004,docs/W7-operate/03-security-privacy-incident-vulnerability-standard.md,169,169,merge,OPERATION-SECURITY-011,,,
RULE-W7-004-090,SRC-W7-004,docs/W7-operate/03-security-privacy-incident-vulnerability-standard.md,170,170,merge,OPERATION-SECURITY-011,,,
RULE-W7-004-091,SRC-W7-004,docs/W7-operate/03-security-privacy-incident-vulnerability-standard.md,171,171,merge,OPERATION-SECURITY-011,,,
RULE-W7-004-092,SRC-W7-004,docs/W7-operate/03-security-privacy-incident-vulnerability-standard.md,172,172,merge,OPERATION-SECURITY-011,,,
RULE-W7-004-093,SRC-W7-004,docs/W7-operate/03-security-privacy-incident-vulnerability-standard.md,176,176,merge,OPERATION-SECURITY-012,,,
RULE-W7-004-094,SRC-W7-004,docs/W7-operate/03-security-privacy-incident-vulnerability-standard.md,176,176,merge,OPERATION-SECURITY-012,,,
RULE-W7-004-095,SRC-W7-004,docs/W7-operate/03-security-privacy-incident-vulnerability-standard.md,177,177,merge,OPERATION-SECURITY-014,,,
RULE-W7-004-096,SRC-W7-004,docs/W7-operate/03-security-privacy-incident-vulnerability-standard.md,178,178,merge,OPERATION-SECURITY-013,,,
RULE-W7-004-097,SRC-W7-004,docs/W7-operate/03-security-privacy-incident-vulnerability-standard.md,178,178,merge,OPERATION-SECURITY-013,,,
RULE-W7-004-098,SRC-W7-004,docs/W7-operate/03-security-privacy-incident-vulnerability-standard.md,179,179,merge,OPERATION-SECURITY-013,,,
RULE-W7-004-099,SRC-W7-004,docs/W7-operate/03-security-privacy-incident-vulnerability-standard.md,179,179,merge,OPERATION-SECURITY-013,,,
RULE-W7-004-100,SRC-W7-004,docs/W7-operate/03-security-privacy-incident-vulnerability-standard.md,186,186,merge,OPERATION-VULN-001,,,
RULE-W7-004-101,SRC-W7-004,docs/W7-operate/03-security-privacy-incident-vulnerability-standard.md,188,188,merge,OPERATION-VULN-001,,,
RULE-W7-004-102,SRC-W7-004,docs/W7-operate/03-security-privacy-incident-vulnerability-standard.md,190,190,merge,OPERATION-VULN-001,,,
RULE-W7-004-103,SRC-W7-004,docs/W7-operate/03-security-privacy-incident-vulnerability-standard.md,192,192,merge,OPERATION-VULN-001,,,
RULE-W7-004-104,SRC-W7-004,docs/W7-operate/03-security-privacy-incident-vulnerability-standard.md,194,194,merge,OPERATION-VULN-001,,,
RULE-W7-004-105,SRC-W7-004,docs/W7-operate/03-security-privacy-incident-vulnerability-standard.md,196,196,merge,OPERATION-VULN-001,,,
RULE-W7-004-106,SRC-W7-004,docs/W7-operate/03-security-privacy-incident-vulnerability-standard.md,198,198,merge,OPERATION-VULN-001,,,
RULE-W7-004-107,SRC-W7-004,docs/W7-operate/03-security-privacy-incident-vulnerability-standard.md,200,200,merge,OPERATION-VULN-001,,,
RULE-W7-004-108,SRC-W7-004,docs/W7-operate/03-security-privacy-incident-vulnerability-standard.md,202,202,merge,OPERATION-VULN-001,,,
RULE-W7-004-109,SRC-W7-004,docs/W7-operate/03-security-privacy-incident-vulnerability-standard.md,204,204,merge,OPERATION-VULN-001,,,
RULE-W7-004-110,SRC-W7-004,docs/W7-operate/03-security-privacy-incident-vulnerability-standard.md,206,206,merge,OPERATION-VULN-001,,,
RULE-W7-004-111,SRC-W7-004,docs/W7-operate/03-security-privacy-incident-vulnerability-standard.md,208,208,merge,OPERATION-VULN-001,,,
RULE-W7-004-112,SRC-W7-004,docs/W7-operate/03-security-privacy-incident-vulnerability-standard.md,213,213,merge,OPERATION-VULN-002,,,
RULE-W7-004-113,SRC-W7-004,docs/W7-operate/03-security-privacy-incident-vulnerability-standard.md,213,213,merge,OPERATION-VULN-002,,,
RULE-W7-004-114,SRC-W7-004,docs/W7-operate/03-security-privacy-incident-vulnerability-standard.md,214,214,merge,OPERATION-VULN-002,,,
RULE-W7-004-115,SRC-W7-004,docs/W7-operate/03-security-privacy-incident-vulnerability-standard.md,215,215,merge,OPERATION-VULN-003,,,
RULE-W7-004-116,SRC-W7-004,docs/W7-operate/03-security-privacy-incident-vulnerability-standard.md,215,215,merge,OPERATION-VULN-003,,,
RULE-W7-004-117,SRC-W7-004,docs/W7-operate/03-security-privacy-incident-vulnerability-standard.md,216,216,merge,OPERATION-VULN-003,,,
RULE-W7-004-118,SRC-W7-004,docs/W7-operate/03-security-privacy-incident-vulnerability-standard.md,216,216,rewrite,VERIFY-LIVE-INCIDENT-RESPONSE-FP-W7-004-L216,,,
RULE-W7-004-119,SRC-W7-004,docs/W7-operate/03-security-privacy-incident-vulnerability-standard.md,223,223,merge,EVALUATION-SECURITY-REVIEW-001,,,
RULE-W7-004-120,SRC-W7-004,docs/W7-operate/03-security-privacy-incident-vulnerability-standard.md,225,225,merge,EVALUATION-SECURITY-REVIEW-001,,,
RULE-W7-004-121,SRC-W7-004,docs/W7-operate/03-security-privacy-incident-vulnerability-standard.md,227,227,merge,EVALUATION-SECURITY-REVIEW-001,,,
RULE-W7-004-122,SRC-W7-004,docs/W7-operate/03-security-privacy-incident-vulnerability-standard.md,229,229,merge,EVALUATION-SECURITY-REVIEW-001,,,
RULE-W7-004-123,SRC-W7-004,docs/W7-operate/03-security-privacy-incident-vulnerability-standard.md,231,231,merge,EVALUATION-SECURITY-REVIEW-001,,,
RULE-W7-004-124,SRC-W7-004,docs/W7-operate/03-security-privacy-incident-vulnerability-standard.md,233,233,merge,EVALUATION-SECURITY-REVIEW-001,,,
RULE-W7-004-125,SRC-W7-004,docs/W7-operate/03-security-privacy-incident-vulnerability-standard.md,235,235,merge,EVALUATION-SECURITY-REVIEW-001,,,
RULE-W7-004-126,SRC-W7-004,docs/W7-operate/03-security-privacy-incident-vulnerability-standard.md,237,237,merge,EVALUATION-SECURITY-REVIEW-001,,,
RULE-W7-004-127,SRC-W7-004,docs/W7-operate/03-security-privacy-incident-vulnerability-standard.md,239,239,merge,EVALUATION-SECURITY-REVIEW-001,,,
RULE-W7-004-128,SRC-W7-004,docs/W7-operate/03-security-privacy-incident-vulnerability-standard.md,241,241,merge,EVALUATION-SECURITY-REVIEW-001,,,
RULE-W7-004-129,SRC-W7-004,docs/W7-operate/03-security-privacy-incident-vulnerability-standard.md,243,243,merge,EVALUATION-SECURITY-REVIEW-001,,,
RULE-W7-004-130,SRC-W7-004,docs/W7-operate/03-security-privacy-incident-vulnerability-standard.md,245,245,merge,EVALUATION-SECURITY-REVIEW-001,,,
RULE-W7-004-131,SRC-W7-004,docs/W7-operate/03-security-privacy-incident-vulnerability-standard.md,247,247,merge,EVALUATION-SECURITY-REVIEW-001,,,
RULE-W7-004-132,SRC-W7-004,docs/W7-operate/03-security-privacy-incident-vulnerability-standard.md,252,252,merge,EVALUATION-SECURITY-REVIEW-002,,,
RULE-W7-004-133,SRC-W7-004,docs/W7-operate/03-security-privacy-incident-vulnerability-standard.md,253,253,rewrite,VERIFY-EVIDENCE-W7-004-L253,,,
RULE-W7-004-134,SRC-W7-004,docs/W7-operate/03-security-privacy-incident-vulnerability-standard.md,253,253,rewrite,EVALUATION-SECURITY-REVIEW-003,,,
RULE-W7-004-135,SRC-W7-004,docs/W7-operate/03-security-privacy-incident-vulnerability-standard.md,254,254,rewrite,IMPL-POST-INCIDENT-REVIEW-TRIGGERS,,,
RULE-W7-004-136,SRC-W7-004,docs/W7-operate/03-security-privacy-incident-vulnerability-standard.md,255,255,rewrite,VERIFY-EVIDENCE-W7-004-L255,,,
RULE-W7-004-137,SRC-W7-004,docs/W7-operate/03-security-privacy-incident-vulnerability-standard.md,259,259,merge,OPERATION-SECURITY-015,,,
RULE-W7-004-138,SRC-W7-004,docs/W7-operate/03-security-privacy-incident-vulnerability-standard.md,259,259,merge,OPERATION-SECURITY-015,,,
RULE-W7-004-139,SRC-W7-004,docs/W7-operate/03-security-privacy-incident-vulnerability-standard.md,259,259,merge,OPERATION-SECURITY-015,,,
RULE-W7-004-140,SRC-W7-004,docs/W7-operate/03-security-privacy-incident-vulnerability-standard.md,259,259,merge,OPERATION-SECURITY-015,,,
RULE-W7-004-141,SRC-W7-004,docs/W7-operate/03-security-privacy-incident-vulnerability-standard.md,259,259,merge,OPERATION-SECURITY-015,,,
RULE-W7-004-142,SRC-W7-004,docs/W7-operate/03-security-privacy-incident-vulnerability-standard.md,259,259,merge,OPERATION-SECURITY-015,,,
RULE-W7-004-143,SRC-W7-004,docs/W7-operate/03-security-privacy-incident-vulnerability-standard.md,259,259,merge,OPERATION-SECURITY-015,,,
RULE-W7-004-144,SRC-W7-004,docs/W7-operate/03-security-privacy-incident-vulnerability-standard.md,259,259,merge,OPERATION-SECURITY-015,,,
RULE-W7-004-145,SRC-W7-004,docs/W7-operate/03-security-privacy-incident-vulnerability-standard.md,259,259,merge,OPERATION-SECURITY-015,,,
RULE-W7-004-146,SRC-W7-004,docs/W7-operate/03-security-privacy-incident-vulnerability-standard.md,259,259,merge,OPERATION-SECURITY-015,,,
RULE-W7-004-147,SRC-W7-004,docs/W7-operate/03-security-privacy-incident-vulnerability-standard.md,259,259,merge,OPERATION-SECURITY-015,,,
RULE-W7-004-148,SRC-W7-004,docs/W7-operate/03-security-privacy-incident-vulnerability-standard.md,260,260,merge,OPERATION-SECURITY-015,,,
RULE-W7-004-149,SRC-W7-004,docs/W7-operate/03-security-privacy-incident-vulnerability-standard.md,260,260,merge,OPERATION-SECURITY-015,,,
RULE-W7-004-150,SRC-W7-004,docs/W7-operate/03-security-privacy-incident-vulnerability-standard.md,260,260,merge,OPERATION-SECURITY-015,,,
RULE-W7-004-151,SRC-W7-004,docs/W7-operate/03-security-privacy-incident-vulnerability-standard.md,260,260,merge,OPERATION-SECURITY-015,,,
RULE-W7-004-152,SRC-W7-004,docs/W7-operate/03-security-privacy-incident-vulnerability-standard.md,260,260,merge,OPERATION-SECURITY-015,,,
RULE-W7-004-153,SRC-W7-004,docs/W7-operate/03-security-privacy-incident-vulnerability-standard.md,260,260,merge,OPERATION-SECURITY-015,,,
RULE-W7-004-154,SRC-W7-004,docs/W7-operate/03-security-privacy-incident-vulnerability-standard.md,260,260,merge,OPERATION-SECURITY-015,,,
RULE-W7-004-155,SRC-W7-004,docs/W7-operate/03-security-privacy-incident-vulnerability-standard.md,261,261,merge,IMPL-SECURITY-INTERNAL-APIS,,,
RULE-W7-004-156,SRC-W7-004,docs/W7-operate/03-security-privacy-incident-vulnerability-standard.md,261,261,merge,IMPL-SECURITY-INTERNAL-APIS,,,
RULE-W7-004-157,SRC-W7-004,docs/W7-operate/03-security-privacy-incident-vulnerability-standard.md,261,261,merge,IMPL-SECURITY-INTERNAL-APIS,,,
RULE-W7-004-158,SRC-W7-004,docs/W7-operate/03-security-privacy-incident-vulnerability-standard.md,261,261,merge,IMPL-SECURITY-INTERNAL-APIS,,,
RULE-W7-004-159,SRC-W7-004,docs/W7-operate/03-security-privacy-incident-vulnerability-standard.md,261,261,merge,IMPL-SECURITY-DECISION-NOT-FRONTEND,,,
RULE-W7-004-160,SRC-W7-004,docs/W7-operate/03-security-privacy-incident-vulnerability-standard.md,261,261,merge,IMPL-SECURITY-DECISION-NOT-FRONTEND,,,
RULE-W7-004-161,SRC-W7-004,docs/W7-operate/03-security-privacy-incident-vulnerability-standard.md,262,262,merge,IMPL-SECURITY-AUDIT-PATHS,,,
RULE-W7-004-162,SRC-W7-004,docs/W7-operate/03-security-privacy-incident-vulnerability-standard.md,263,263,merge,IMPL-CREDENTIAL-EXPOSURE-CONTROLS,,,
RULE-W7-004-163,SRC-W7-004,docs/W7-operate/03-security-privacy-incident-vulnerability-standard.md,267,267,rewrite,IMPL-INCIDENT-UI-SENSITIVE-REDACTION,,,
RULE-W7-004-164,SRC-W7-004,docs/W7-operate/03-security-privacy-incident-vulnerability-standard.md,268,268,merge,EXPERIENCE-SECURITY-COMMUNICATION,,,
RULE-W7-004-165,SRC-W7-004,docs/W7-operate/03-security-privacy-incident-vulnerability-standard.md,268,268,rewrite,VERIFY-EVIDENCE-W7-004-L268,,,
RULE-W7-004-166,SRC-W7-004,docs/W7-operate/03-security-privacy-incident-vulnerability-standard.md,269,269,merge,EXPERIENCE-SECURITY-COMMUNICATION,,,
RULE-W7-004-167,SRC-W7-004,docs/W7-operate/03-security-privacy-incident-vulnerability-standard.md,269,269,merge,EXPERIENCE-SECURITY-COMMUNICATION,,,
RULE-W7-004-168,SRC-W7-004,docs/W7-operate/03-security-privacy-incident-vulnerability-standard.md,270,270,merge,EXPERIENCE-SECURITY-COMMUNICATION,,,
RULE-W7-004-169,SRC-W7-004,docs/W7-operate/03-security-privacy-incident-vulnerability-standard.md,274,274,merge,IMPL-AI-INCIDENT-TYPE-SET,,,
RULE-W7-004-170,SRC-W7-004,docs/W7-operate/03-security-privacy-incident-vulnerability-standard.md,274,274,merge,IMPL-AI-INCIDENT-TYPE-SET,,,
RULE-W7-004-171,SRC-W7-004,docs/W7-operate/03-security-privacy-incident-vulnerability-standard.md,274,274,merge,IMPL-AI-INCIDENT-TYPE-SET,,,
RULE-W7-004-172,SRC-W7-004,docs/W7-operate/03-security-privacy-incident-vulnerability-standard.md,274,274,merge,IMPL-AI-INCIDENT-TYPE-SET,,,
RULE-W7-004-173,SRC-W7-004,docs/W7-operate/03-security-privacy-incident-vulnerability-standard.md,274,274,merge,IMPL-AI-INCIDENT-TYPE-SET,,,
RULE-W7-004-174,SRC-W7-004,docs/W7-operate/03-security-privacy-incident-vulnerability-standard.md,274,274,merge,IMPL-AI-INCIDENT-TYPE-SET,,,
RULE-W7-004-175,SRC-W7-004,docs/W7-operate/03-security-privacy-incident-vulnerability-standard.md,274,274,merge,IMPL-AI-INCIDENT-TYPE-SET,,,
RULE-W7-004-176,SRC-W7-004,docs/W7-operate/03-security-privacy-incident-vulnerability-standard.md,274,274,merge,IMPL-AI-INCIDENT-TYPE-SET,,,
RULE-W7-004-177,SRC-W7-004,docs/W7-operate/03-security-privacy-incident-vulnerability-standard.md,274,274,merge,IMPL-AI-INCIDENT-TYPE-SET,,,
RULE-W7-004-178,SRC-W7-004,docs/W7-operate/03-security-privacy-incident-vulnerability-standard.md,275,275,merge,OPERATION-AI-RUNTIME-005,,,
RULE-W7-004-179,SRC-W7-004,docs/W7-operate/03-security-privacy-incident-vulnerability-standard.md,275,275,merge,OPERATION-AI-RUNTIME-005,,,
RULE-W7-004-180,SRC-W7-004,docs/W7-operate/03-security-privacy-incident-vulnerability-standard.md,275,275,merge,OPERATION-AI-RUNTIME-005,,,
RULE-W7-004-181,SRC-W7-004,docs/W7-operate/03-security-privacy-incident-vulnerability-standard.md,275,275,merge,OPERATION-AI-RUNTIME-005,,,
RULE-W7-004-182,SRC-W7-004,docs/W7-operate/03-security-privacy-incident-vulnerability-standard.md,275,275,merge,OPERATION-AI-RUNTIME-005,,,
RULE-W7-004-183,SRC-W7-004,docs/W7-operate/03-security-privacy-incident-vulnerability-standard.md,275,275,merge,OPERATION-AI-RUNTIME-005,,,
RULE-W7-004-184,SRC-W7-004,docs/W7-operate/03-security-privacy-incident-vulnerability-standard.md,275,275,merge,OPERATION-AI-RUNTIME-005,,,
RULE-W7-004-185,SRC-W7-004,docs/W7-operate/03-security-privacy-incident-vulnerability-standard.md,275,275,merge,OPERATION-AI-RUNTIME-005,,,
RULE-W7-004-186,SRC-W7-004,docs/W7-operate/03-security-privacy-incident-vulnerability-standard.md,275,275,merge,OPERATION-AI-RUNTIME-005,,,
RULE-W7-004-187,SRC-W7-004,docs/W7-operate/03-security-privacy-incident-vulnerability-standard.md,275,275,merge,OPERATION-AI-RUNTIME-005,,,
RULE-W7-004-188,SRC-W7-004,docs/W7-operate/03-security-privacy-incident-vulnerability-standard.md,276,276,merge,OPERATION-SECURITY-016,,,
RULE-W7-004-189,SRC-W7-004,docs/W7-operate/03-security-privacy-incident-vulnerability-standard.md,277,277,rewrite,VERIFY-AI-EVAL-FIXTURE-W7-004-L277,,,
RULE-W7-004-190,SRC-W7-004,docs/W7-operate/03-security-privacy-incident-vulnerability-standard.md,281,281,merge,OPERATION-SCOPE-004,,,
RULE-W7-004-191,SRC-W7-004,docs/W7-operate/03-security-privacy-incident-vulnerability-standard.md,285,285,merge,OPERATION-SECURITY-017,,,
RULE-W7-004-192,SRC-W7-004,docs/W7-operate/03-security-privacy-incident-vulnerability-standard.md,286,286,merge,OPERATION-SECURITY-017,,,
RULE-W7-004-193,SRC-W7-004,docs/W7-operate/03-security-privacy-incident-vulnerability-standard.md,287,287,merge,OPERATION-SECURITY-014,,,
RULE-W7-004-194,SRC-W7-004,docs/W7-operate/03-security-privacy-incident-vulnerability-standard.md,288,288,merge,OPERATION-SECURITY-014,,,
RULE-W7-004-195,SRC-W7-004,docs/W7-operate/03-security-privacy-incident-vulnerability-standard.md,289,289,merge,OPERATION-SECURITY-014,,,
RULE-W7-004-196,SRC-W7-004,docs/W7-operate/03-security-privacy-incident-vulnerability-standard.md,290,290,rewrite,VERIFY-AI-EVAL-FIXTURE-W7-004-L290,,,
RULE-W7-004-197,SRC-W7-004,docs/W7-operate/03-security-privacy-incident-vulnerability-standard.md,176,176,merge,OPERATION-SECURITY-012,,,
RULE-W7-004-198,SRC-W7-004,docs/W7-operate/03-security-privacy-incident-vulnerability-standard.md,176,176,merge,OPERATION-SECURITY-012,,,
RULE-W7-004-199,SRC-W7-004,docs/W7-operate/03-security-privacy-incident-vulnerability-standard.md,176,176,merge,OPERATION-SECURITY-012,,,
RULE-W7-004-200,SRC-W7-004,docs/W7-operate/03-security-privacy-incident-vulnerability-standard.md,94,94,merge,OPERATION-SECURITY-003,,,
RULE-W7-004-201,SRC-W7-004,docs/W7-operate/03-security-privacy-incident-vulnerability-standard.md,94,94,merge,OPERATION-SECURITY-003,,,
RULE-W7-004-202,SRC-W7-004,docs/W7-operate/03-security-privacy-incident-vulnerability-standard.md,94,94,merge,OPERATION-CREDENTIAL-022,,,
RULE-W7-004-203,SRC-W7-004,docs/W7-operate/03-security-privacy-incident-vulnerability-standard.md,94,94,merge,OPERATION-SECURITY-003,,,
RULE-W7-004-204,SRC-W7-004,docs/W7-operate/03-security-privacy-incident-vulnerability-standard.md,94,94,merge,OPERATION-SECURITY-003,,,
RULE-W7-004-205,SRC-W7-004,docs/W7-operate/03-security-privacy-incident-vulnerability-standard.md,94,94,merge,OPERATION-SECURITY-014,,,
RULE-W7-004-206,SRC-W7-004,docs/W7-operate/03-security-privacy-incident-vulnerability-standard.md,252,252,merge,EVALUATION-SECURITY-REVIEW-002,,,
RULE-W7-004-207,SRC-W7-004,docs/W7-operate/03-security-privacy-incident-vulnerability-standard.md,252,252,merge,EVALUATION-SECURITY-REVIEW-002,,,
RULE-W7-004-208,SRC-W7-004,docs/W7-operate/03-security-privacy-incident-vulnerability-standard.md,252,252,merge,EVALUATION-SECURITY-REVIEW-002,,,
RULE-W7-004-209,SRC-W7-004,docs/W7-operate/03-security-privacy-incident-vulnerability-standard.md,263,263,merge,IMPL-CREDENTIAL-EXPOSURE-CONTROLS,,,
RULE-W7-004-210,SRC-W7-004,docs/W7-operate/03-security-privacy-incident-vulnerability-standard.md,263,263,merge,IMPL-CREDENTIAL-EXPOSURE-CONTROLS,,,
RULE-W7-004-211,SRC-W7-004,docs/W7-operate/03-security-privacy-incident-vulnerability-standard.md,263,263,merge,IMPL-CREDENTIAL-EXPOSURE-CONTROLS,,,
RULE-W7-004-212,SRC-W7-004,docs/W7-operate/03-security-privacy-incident-vulnerability-standard.md,270,270,merge,EXPERIENCE-SECURITY-COMMUNICATION,,,
RULE-W7-004-213,SRC-W7-004,docs/W7-operate/03-security-privacy-incident-vulnerability-standard.md,270,270,merge,EXPERIENCE-SECURITY-COMMUNICATION,,,
RULE-W7-004-214,SRC-W7-004,docs/W7-operate/03-security-privacy-incident-vulnerability-standard.md,270,270,merge,EXPERIENCE-SECURITY-COMMUNICATION,,,
RULE-W7-004-215,SRC-W7-004,docs/W7-operate/03-security-privacy-incident-vulnerability-standard.md,262,262,merge,IMPL-SECURITY-AUDIT-PATHS,,,
RULE-W7-004-216,SRC-W7-004,docs/W7-operate/03-security-privacy-incident-vulnerability-standard.md,262,262,merge,IMPL-SECURITY-AUDIT-PATHS,,,
RULE-W7-004-217,SRC-W7-004,docs/W7-operate/03-security-privacy-incident-vulnerability-standard.md,262,262,merge,IMPL-SECURITY-AUDIT-PATHS,,,
RULE-W7-004-218,SRC-W7-004,docs/W7-operate/03-security-privacy-incident-vulnerability-standard.md,262,262,merge,IMPL-SECURITY-AUDIT-PATHS,,,
RULE-W7-004-219,SRC-W7-004,docs/W7-operate/03-security-privacy-incident-vulnerability-standard.md,262,262,merge,IMPL-SECURITY-AUDIT-PATHS,,,
RULE-W7-004-220,SRC-W7-004,docs/W7-operate/03-security-privacy-incident-vulnerability-standard.md,262,262,merge,IMPL-SECURITY-AUDIT-PATHS,,,
RULE-W7-004-221,SRC-W7-004,docs/W7-operate/03-security-privacy-incident-vulnerability-standard.md,262,262,merge,IMPL-SECURITY-AUDIT-PATHS,,,
RULE-W7-004-222,SRC-W7-004,docs/W7-operate/03-security-privacy-incident-vulnerability-standard.md,262,262,merge,IMPL-SECURITY-AUDIT-PATHS,,,
RULE-W7-004-223,SRC-W7-004,docs/W7-operate/03-security-privacy-incident-vulnerability-standard.md,151,151,merge,OPERATION-SECURITY-010,,,
RULE-W7-004-224,SRC-W7-004,docs/W7-operate/03-security-privacy-incident-vulnerability-standard.md,151,151,merge,OPERATION-SECURITY-010,,,
RULE-W7-004-225,SRC-W7-004,docs/W7-operate/03-security-privacy-incident-vulnerability-standard.md,151,151,merge,OPERATION-SECURITY-010,,,
RULE-W7-004-226,SRC-W7-004,docs/W7-operate/03-security-privacy-incident-vulnerability-standard.md,151,151,merge,OPERATION-SECURITY-010,,,
RULE-W7-004-227,SRC-W7-004,docs/W7-operate/03-security-privacy-incident-vulnerability-standard.md,151,151,merge,OPERATION-SECURITY-014,,,
RULE-W7-004-228,SRC-W7-004,docs/W7-operate/03-security-privacy-incident-vulnerability-standard.md,152,152,merge,OPERATION-SECURITY-010,,,
RULE-W7-004-229,SRC-W7-004,docs/W7-operate/03-security-privacy-incident-vulnerability-standard.md,152,152,merge,OPERATION-SECURITY-010,,,
RULE-W7-004-230,SRC-W7-004,docs/W7-operate/03-security-privacy-incident-vulnerability-standard.md,152,152,merge,OPERATION-SECURITY-010,,,
RULE-W7-004-231,SRC-W7-004,docs/W7-operate/03-security-privacy-incident-vulnerability-standard.md,152,152,merge,OPERATION-SECURITY-010,,,
RULE-W7-004-232,SRC-W7-004,docs/W7-operate/03-security-privacy-incident-vulnerability-standard.md,153,153,merge,OPERATION-SECURITY-010,,,
RULE-W7-004-233,SRC-W7-004,docs/W7-operate/03-security-privacy-incident-vulnerability-standard.md,153,153,merge,OPERATION-SECURITY-010,,,
RULE-W7-004-234,SRC-W7-004,docs/W7-operate/03-security-privacy-incident-vulnerability-standard.md,153,153,merge,OPERATION-SECURITY-010,,,
RULE-W7-004-235,SRC-W7-004,docs/W7-operate/03-security-privacy-incident-vulnerability-standard.md,154,154,merge,OPERATION-SECURITY-010,,,
RULE-W7-004-236,SRC-W7-004,docs/W7-operate/03-security-privacy-incident-vulnerability-standard.md,154,154,merge,OPERATION-SECURITY-010,,,
RULE-W7-004-237,SRC-W7-004,docs/W7-operate/03-security-privacy-incident-vulnerability-standard.md,154,154,merge,OPERATION-SECURITY-010,,,
RULE-W7-004-238,SRC-W7-004,docs/W7-operate/03-security-privacy-incident-vulnerability-standard.md,154,154,merge,OPERATION-SECURITY-010,,,
RULE-W7-004-239,SRC-W7-004,docs/W7-operate/03-security-privacy-incident-vulnerability-standard.md,96,96,merge,OPERATION-SECURITY-004,,,
RULE-W7-004-240,SRC-W7-004,docs/W7-operate/03-security-privacy-incident-vulnerability-standard.md,96,96,merge,OPERATION-CREDENTIAL-022,,,
RULE-W7-004-241,SRC-W7-004,docs/W7-operate/03-security-privacy-incident-vulnerability-standard.md,96,96,merge,OPERATION-SECURITY-004,,,
RULE-W7-004-242,SRC-W7-004,docs/W7-operate/03-security-privacy-incident-vulnerability-standard.md,96,96,merge,OPERATION-SECURITY-004,,,
RULE-W7-004-243,SRC-W7-004,docs/W7-operate/03-security-privacy-incident-vulnerability-standard.md,96,96,merge,OPERATION-SECURITY-004,,,
RULE-W7-004-244,SRC-W7-004,docs/W7-operate/03-security-privacy-incident-vulnerability-standard.md,96,96,merge,OPERATION-SECURITY-004,,,
RULE-W7-004-245,SRC-W7-004,docs/W7-operate/03-security-privacy-incident-vulnerability-standard.md,96,96,merge,OPERATION-SECURITY-004,,,
RULE-W7-004-246,SRC-W7-004,docs/W7-operate/03-security-privacy-incident-vulnerability-standard.md,96,96,merge,OPERATION-SECURITY-004,,,
RULE-W7-004-247,SRC-W7-004,docs/W7-operate/03-security-privacy-incident-vulnerability-standard.md,276,276,merge,OPERATION-SECURITY-016,,,
RULE-W7-004-248,SRC-W7-004,docs/W7-operate/03-security-privacy-incident-vulnerability-standard.md,276,276,merge,OPERATION-SECURITY-016,,,
RULE-W7-004-249,SRC-W7-004,docs/W7-operate/03-security-privacy-incident-vulnerability-standard.md,276,276,merge,OPERATION-SECURITY-016,,,
RULE-W7-004-250,SRC-W7-004,docs/W7-operate/03-security-privacy-incident-vulnerability-standard.md,276,276,merge,OPERATION-SECURITY-016,,,
RULE-W7-004-251,SRC-W7-004,docs/W7-operate/03-security-privacy-incident-vulnerability-standard.md,276,276,merge,OPERATION-SECURITY-016,,,
RULE-W7-005-001,SRC-W7-005,docs/W7-operate/04-credential-secret-lifecycle-standard.md,3,3,merge,OPERATION-SCOPE-003,,,
RULE-W7-005-002,SRC-W7-005,docs/W7-operate/04-credential-secret-lifecycle-standard.md,7,7,merge,OPERATION-SCOPE-003,,,
RULE-W7-005-003,SRC-W7-005,docs/W7-operate/04-credential-secret-lifecycle-standard.md,7,7,merge,OPERATION-SCOPE-003,,,
RULE-W7-005-004,SRC-W7-005,docs/W7-operate/04-credential-secret-lifecycle-standard.md,9,9,merge,OPERATION-SCOPE-003,,,
RULE-W7-005-005,SRC-W7-005,docs/W7-operate/04-credential-secret-lifecycle-standard.md,15,15,rewrite,OPERATION-CREDENTIAL-002,,,
RULE-W7-005-006,SRC-W7-005,docs/W7-operate/04-credential-secret-lifecycle-standard.md,15,15,rewrite,VERIFY-EVIDENCE-W7-005-L015,,,
RULE-W7-005-007,SRC-W7-005,docs/W7-operate/04-credential-secret-lifecycle-standard.md,15,15,rewrite,IMPL-SECRET-ALLOWED-STORAGE,,,
RULE-W7-005-008,SRC-W7-005,docs/W7-operate/04-credential-secret-lifecycle-standard.md,34,34,rewrite,IMPL-CREDENTIAL-SCOPE-SET,,,
RULE-W7-005-009,SRC-W7-005,docs/W7-operate/04-credential-secret-lifecycle-standard.md,35,35,merge,OPERATION-CREDENTIAL-001,,,
RULE-W7-005-010,SRC-W7-005,docs/W7-operate/04-credential-secret-lifecycle-standard.md,36,36,merge,OPERATION-CREDENTIAL-001,,,
RULE-W7-005-011,SRC-W7-005,docs/W7-operate/04-credential-secret-lifecycle-standard.md,40,40,merge,OPERATION-CREDENTIAL-001,,,
RULE-W7-005-012,SRC-W7-005,docs/W7-operate/04-credential-secret-lifecycle-standard.md,40,40,merge,OPERATION-CREDENTIAL-001,,,
RULE-W7-005-013,SRC-W7-005,docs/W7-operate/04-credential-secret-lifecycle-standard.md,41,41,merge,OPERATION-CREDENTIAL-001,,,
RULE-W7-005-014,SRC-W7-005,docs/W7-operate/04-credential-secret-lifecycle-standard.md,41,41,merge,OPERATION-CREDENTIAL-001,,,
RULE-W7-005-015,SRC-W7-005,docs/W7-operate/04-credential-secret-lifecycle-standard.md,42,42,merge,OPERATION-CREDENTIAL-025,,,
RULE-W7-005-016,SRC-W7-005,docs/W7-operate/04-credential-secret-lifecycle-standard.md,42,42,merge,OPERATION-CREDENTIAL-022,,,
RULE-W7-005-017,SRC-W7-005,docs/W7-operate/04-credential-secret-lifecycle-standard.md,43,43,merge,OPERATION-SCOPE-004,,,
RULE-W7-005-018,SRC-W7-005,docs/W7-operate/04-credential-secret-lifecycle-standard.md,43,43,merge,OPERATION-SCOPE-004,,,
RULE-W7-005-019,SRC-W7-005,docs/W7-operate/04-credential-secret-lifecycle-standard.md,47,47,merge,OPERATION-CREDENTIAL-001,,,
RULE-W7-005-020,SRC-W7-005,docs/W7-operate/04-credential-secret-lifecycle-standard.md,51,51,merge,OPERATION-CREDENTIAL-001,,,
RULE-W7-005-021,SRC-W7-005,docs/W7-operate/04-credential-secret-lifecycle-standard.md,52,52,rewrite,TECH-204-CREDENTIAL-ACCESS-POLICY-MINIMUM-ARTIFACT,,,
RULE-W7-005-022,SRC-W7-005,docs/W7-operate/04-credential-secret-lifecycle-standard.md,53,53,merge,OPERATION-CREDENTIAL-014,,,
RULE-W7-005-023,SRC-W7-005,docs/W7-operate/04-credential-secret-lifecycle-standard.md,54,54,merge,OPERATION-CREDENTIAL-014,,,
RULE-W7-005-024,SRC-W7-005,docs/W7-operate/04-credential-secret-lifecycle-standard.md,55,55,merge,OPERATION-CREDENTIAL-023,,,
RULE-W7-005-025,SRC-W7-005,docs/W7-operate/04-credential-secret-lifecycle-standard.md,62,62,merge,OPERATION-CREDENTIAL-003,,,
RULE-W7-005-026,SRC-W7-005,docs/W7-operate/04-credential-secret-lifecycle-standard.md,63,63,merge,OPERATION-CREDENTIAL-003,,,
RULE-W7-005-027,SRC-W7-005,docs/W7-operate/04-credential-secret-lifecycle-standard.md,64,64,merge,OPERATION-CREDENTIAL-003,,,
RULE-W7-005-028,SRC-W7-005,docs/W7-operate/04-credential-secret-lifecycle-standard.md,65,65,merge,OPERATION-CREDENTIAL-003,,,
RULE-W7-005-029,SRC-W7-005,docs/W7-operate/04-credential-secret-lifecycle-standard.md,66,66,merge,OPERATION-CREDENTIAL-003,,,
RULE-W7-005-030,SRC-W7-005,docs/W7-operate/04-credential-secret-lifecycle-standard.md,67,67,merge,OPERATION-CREDENTIAL-003,,,
RULE-W7-005-031,SRC-W7-005,docs/W7-operate/04-credential-secret-lifecycle-standard.md,68,68,merge,OPERATION-CREDENTIAL-003,,,
RULE-W7-005-032,SRC-W7-005,docs/W7-operate/04-credential-secret-lifecycle-standard.md,69,69,merge,OPERATION-CREDENTIAL-004,,,
RULE-W7-005-033,SRC-W7-005,docs/W7-operate/04-credential-secret-lifecycle-standard.md,70,70,merge,OPERATION-CREDENTIAL-003,,,
RULE-W7-005-034,SRC-W7-005,docs/W7-operate/04-credential-secret-lifecycle-standard.md,71,71,merge,OPERATION-CREDENTIAL-003,,,
RULE-W7-005-035,SRC-W7-005,docs/W7-operate/04-credential-secret-lifecycle-standard.md,72,72,merge,OPERATION-CREDENTIAL-003,,,
RULE-W7-005-036,SRC-W7-005,docs/W7-operate/04-credential-secret-lifecycle-standard.md,73,73,merge,OPERATION-CREDENTIAL-003,,,
RULE-W7-005-037,SRC-W7-005,docs/W7-operate/04-credential-secret-lifecycle-standard.md,77,77,merge,OPERATION-CREDENTIAL-004,,,
RULE-W7-005-038,SRC-W7-005,docs/W7-operate/04-credential-secret-lifecycle-standard.md,78,78,merge,OPERATION-CREDENTIAL-004,,,
RULE-W7-005-039,SRC-W7-005,docs/W7-operate/04-credential-secret-lifecycle-standard.md,78,78,merge,OPERATION-CREDENTIAL-005,,,
RULE-W7-005-040,SRC-W7-005,docs/W7-operate/04-credential-secret-lifecycle-standard.md,78,78,merge,OPERATION-CREDENTIAL-005,,,
RULE-W7-005-041,SRC-W7-005,docs/W7-operate/04-credential-secret-lifecycle-standard.md,78,78,merge,OPERATION-CREDENTIAL-005,,,
RULE-W7-005-042,SRC-W7-005,docs/W7-operate/04-credential-secret-lifecycle-standard.md,78,78,merge,OPERATION-CREDENTIAL-005,,,
RULE-W7-005-043,SRC-W7-005,docs/W7-operate/04-credential-secret-lifecycle-standard.md,78,78,merge,OPERATION-CREDENTIAL-005,,,
RULE-W7-005-044,SRC-W7-005,docs/W7-operate/04-credential-secret-lifecycle-standard.md,78,78,merge,OPERATION-CREDENTIAL-005,,,
RULE-W7-005-045,SRC-W7-005,docs/W7-operate/04-credential-secret-lifecycle-standard.md,78,78,merge,OPERATION-CREDENTIAL-005,,,
RULE-W7-005-046,SRC-W7-005,docs/W7-operate/04-credential-secret-lifecycle-standard.md,78,78,merge,OPERATION-CREDENTIAL-005,,,
RULE-W7-005-047,SRC-W7-005,docs/W7-operate/04-credential-secret-lifecycle-standard.md,78,78,merge,OPERATION-CREDENTIAL-005,,,
RULE-W7-005-048,SRC-W7-005,docs/W7-operate/04-credential-secret-lifecycle-standard.md,78,78,merge,OPERATION-CREDENTIAL-005,,,
RULE-W7-005-049,SRC-W7-005,docs/W7-operate/04-credential-secret-lifecycle-standard.md,78,78,merge,OPERATION-CREDENTIAL-005,,,
RULE-W7-005-050,SRC-W7-005,docs/W7-operate/04-credential-secret-lifecycle-standard.md,79,79,merge,OPERATION-CREDENTIAL-004,,,
RULE-W7-005-051,SRC-W7-005,docs/W7-operate/04-credential-secret-lifecycle-standard.md,80,80,merge,OPERATION-CREDENTIAL-004,,,
RULE-W7-005-052,SRC-W7-005,docs/W7-operate/04-credential-secret-lifecycle-standard.md,81,81,merge,OPERATION-CREDENTIAL-004,,,
RULE-W7-005-053,SRC-W7-005,docs/W7-operate/04-credential-secret-lifecycle-standard.md,82,82,merge,OPERATION-CREDENTIAL-004,,,
RULE-W7-005-054,SRC-W7-005,docs/W7-operate/04-credential-secret-lifecycle-standard.md,83,83,merge,OPERATION-CREDENTIAL-004,,,
RULE-W7-005-055,SRC-W7-005,docs/W7-operate/04-credential-secret-lifecycle-standard.md,84,84,merge,OPERATION-CREDENTIAL-004,,,
RULE-W7-005-056,SRC-W7-005,docs/W7-operate/04-credential-secret-lifecycle-standard.md,85,85,merge,OPERATION-CREDENTIAL-004,,,
RULE-W7-005-057,SRC-W7-005,docs/W7-operate/04-credential-secret-lifecycle-standard.md,86,86,merge,OPERATION-CREDENTIAL-004,,,
RULE-W7-005-058,SRC-W7-005,docs/W7-operate/04-credential-secret-lifecycle-standard.md,87,87,merge,OPERATION-CREDENTIAL-004,,,
RULE-W7-005-059,SRC-W7-005,docs/W7-operate/04-credential-secret-lifecycle-standard.md,88,88,merge,OPERATION-CREDENTIAL-004,,,
RULE-W7-005-060,SRC-W7-005,docs/W7-operate/04-credential-secret-lifecycle-standard.md,89,89,merge,OPERATION-CREDENTIAL-004,,,
RULE-W7-005-061,SRC-W7-005,docs/W7-operate/04-credential-secret-lifecycle-standard.md,90,90,merge,OPERATION-CREDENTIAL-004,,,
RULE-W7-005-062,SRC-W7-005,docs/W7-operate/04-credential-secret-lifecycle-standard.md,91,91,merge,OPERATION-CREDENTIAL-004,,,
RULE-W7-005-063,SRC-W7-005,docs/W7-operate/04-credential-secret-lifecycle-standard.md,95,95,rewrite,IMPL-CREDENTIAL-STORAGE-REF,,,
RULE-W7-005-064,SRC-W7-005,docs/W7-operate/04-credential-secret-lifecycle-standard.md,96,96,merge,OPERATION-CREDENTIAL-006,,,
RULE-W7-005-065,SRC-W7-005,docs/W7-operate/04-credential-secret-lifecycle-standard.md,96,96,merge,OPERATION-CREDENTIAL-006,,,
RULE-W7-005-066,SRC-W7-005,docs/W7-operate/04-credential-secret-lifecycle-standard.md,97,97,rewrite,OPERATION-CREDENTIAL-008,,,
RULE-W7-005-067,SRC-W7-005,docs/W7-operate/04-credential-secret-lifecycle-standard.md,98,98,merge,OPERATION-CREDENTIAL-009,,,
RULE-W7-005-068,SRC-W7-005,docs/W7-operate/04-credential-secret-lifecycle-standard.md,99,99,merge,OPERATION-CREDENTIAL-007,,,
RULE-W7-005-069,SRC-W7-005,docs/W7-operate/04-credential-secret-lifecycle-standard.md,99,99,merge,OPERATION-CREDENTIAL-007,,,
RULE-W7-005-070,SRC-W7-005,docs/W7-operate/04-credential-secret-lifecycle-standard.md,99,99,merge,OPERATION-CREDENTIAL-007,,,
RULE-W7-005-071,SRC-W7-005,docs/W7-operate/04-credential-secret-lifecycle-standard.md,99,99,merge,OPERATION-CREDENTIAL-007,,,
RULE-W7-005-072,SRC-W7-005,docs/W7-operate/04-credential-secret-lifecycle-standard.md,99,99,merge,OPERATION-CREDENTIAL-007,,,
RULE-W7-005-073,SRC-W7-005,docs/W7-operate/04-credential-secret-lifecycle-standard.md,106,106,merge,OPERATION-CREDENTIAL-010,,,
RULE-W7-005-074,SRC-W7-005,docs/W7-operate/04-credential-secret-lifecycle-standard.md,108,108,merge,OPERATION-CREDENTIAL-010,,,
RULE-W7-005-075,SRC-W7-005,docs/W7-operate/04-credential-secret-lifecycle-standard.md,110,110,merge,OPERATION-CREDENTIAL-010,,,
RULE-W7-005-076,SRC-W7-005,docs/W7-operate/04-credential-secret-lifecycle-standard.md,112,112,merge,OPERATION-CREDENTIAL-010,,,
RULE-W7-005-077,SRC-W7-005,docs/W7-operate/04-credential-secret-lifecycle-standard.md,114,114,merge,OPERATION-CREDENTIAL-010,,,
RULE-W7-005-078,SRC-W7-005,docs/W7-operate/04-credential-secret-lifecycle-standard.md,116,116,merge,OPERATION-CREDENTIAL-010,,,
RULE-W7-005-079,SRC-W7-005,docs/W7-operate/04-credential-secret-lifecycle-standard.md,118,118,merge,OPERATION-CREDENTIAL-010,,,
RULE-W7-005-080,SRC-W7-005,docs/W7-operate/04-credential-secret-lifecycle-standard.md,120,120,merge,OPERATION-CREDENTIAL-010,,,
RULE-W7-005-081,SRC-W7-005,docs/W7-operate/04-credential-secret-lifecycle-standard.md,122,122,merge,OPERATION-CREDENTIAL-010,,,
RULE-W7-005-082,SRC-W7-005,docs/W7-operate/04-credential-secret-lifecycle-standard.md,124,124,merge,OPERATION-CREDENTIAL-010,,,
RULE-W7-005-083,SRC-W7-005,docs/W7-operate/04-credential-secret-lifecycle-standard.md,126,126,merge,OPERATION-CREDENTIAL-010,,,
RULE-W7-005-084,SRC-W7-005,docs/W7-operate/04-credential-secret-lifecycle-standard.md,131,131,merge,OPERATION-CREDENTIAL-011,,,
RULE-W7-005-085,SRC-W7-005,docs/W7-operate/04-credential-secret-lifecycle-standard.md,131,131,rewrite,IMPL-AI-NO-REAL-SECRET-ACCESS,,,
RULE-W7-005-086,SRC-W7-005,docs/W7-operate/04-credential-secret-lifecycle-standard.md,132,132,rewrite,IMPL-CI-SHORT-LIVED-IDENTITY,,,
RULE-W7-005-087,SRC-W7-005,docs/W7-operate/04-credential-secret-lifecycle-standard.md,132,132,merge,OPERATION-CREDENTIAL-015,,,
RULE-W7-005-088,SRC-W7-005,docs/W7-operate/04-credential-secret-lifecycle-standard.md,133,133,merge,OPERATION-CREDENTIAL-010,,,
RULE-W7-005-089,SRC-W7-005,docs/W7-operate/04-credential-secret-lifecycle-standard.md,134,134,rewrite,IMPL-FRONTEND-CREDENTIAL-BAN,,,
RULE-W7-005-090,SRC-W7-005,docs/W7-operate/04-credential-secret-lifecycle-standard.md,135,135,merge,OPERATION-CREDENTIAL-010,,,
RULE-W7-005-091,SRC-W7-005,docs/W7-operate/04-credential-secret-lifecycle-standard.md,135,135,merge,OPERATION-CREDENTIAL-010,,,
RULE-W7-005-092,SRC-W7-005,docs/W7-operate/04-credential-secret-lifecycle-standard.md,135,135,merge,OPERATION-CREDENTIAL-010,,,
RULE-W7-005-093,SRC-W7-005,docs/W7-operate/04-credential-secret-lifecycle-standard.md,142,142,merge,OPERATION-CREDENTIAL-014,,,
RULE-W7-005-094,SRC-W7-005,docs/W7-operate/04-credential-secret-lifecycle-standard.md,144,144,merge,OPERATION-CREDENTIAL-014,,,
RULE-W7-005-095,SRC-W7-005,docs/W7-operate/04-credential-secret-lifecycle-standard.md,146,146,merge,OPERATION-CREDENTIAL-014,,,
RULE-W7-005-096,SRC-W7-005,docs/W7-operate/04-credential-secret-lifecycle-standard.md,148,148,merge,OPERATION-CREDENTIAL-014,,,
RULE-W7-005-097,SRC-W7-005,docs/W7-operate/04-credential-secret-lifecycle-standard.md,150,150,merge,OPERATION-CREDENTIAL-014,,,
RULE-W7-005-098,SRC-W7-005,docs/W7-operate/04-credential-secret-lifecycle-standard.md,152,152,merge,OPERATION-CREDENTIAL-014,,,
RULE-W7-005-099,SRC-W7-005,docs/W7-operate/04-credential-secret-lifecycle-standard.md,154,154,merge,OPERATION-CREDENTIAL-014,,,
RULE-W7-005-100,SRC-W7-005,docs/W7-operate/04-credential-secret-lifecycle-standard.md,156,156,merge,OPERATION-CREDENTIAL-014,,,
RULE-W7-005-101,SRC-W7-005,docs/W7-operate/04-credential-secret-lifecycle-standard.md,158,158,merge,OPERATION-CREDENTIAL-014,,,
RULE-W7-005-102,SRC-W7-005,docs/W7-operate/04-credential-secret-lifecycle-standard.md,160,160,merge,OPERATION-CREDENTIAL-014,,,
RULE-W7-005-103,SRC-W7-005,docs/W7-operate/04-credential-secret-lifecycle-standard.md,162,162,merge,OPERATION-CREDENTIAL-014,,,
RULE-W7-005-104,SRC-W7-005,docs/W7-operate/04-credential-secret-lifecycle-standard.md,164,164,merge,OPERATION-CREDENTIAL-014,,,
RULE-W7-005-105,SRC-W7-005,docs/W7-operate/04-credential-secret-lifecycle-standard.md,166,166,merge,OPERATION-CREDENTIAL-014,,,
RULE-W7-005-106,SRC-W7-005,docs/W7-operate/04-credential-secret-lifecycle-standard.md,171,171,rewrite,VERIFY-EVIDENCE-W7-005-L171,,,
RULE-W7-005-107,SRC-W7-005,docs/W7-operate/04-credential-secret-lifecycle-standard.md,172,172,merge,OPERATION-CREDENTIAL-015,,,
RULE-W7-005-108,SRC-W7-005,docs/W7-operate/04-credential-secret-lifecycle-standard.md,173,173,merge,VERIFY-CREDENTIAL-ROTATION-VALIDATION-STEPS,,,
RULE-W7-005-109,SRC-W7-005,docs/W7-operate/04-credential-secret-lifecycle-standard.md,173,173,merge,VERIFY-CREDENTIAL-ROTATION-VALIDATION-STEPS,,,
RULE-W7-005-110,SRC-W7-005,docs/W7-operate/04-credential-secret-lifecycle-standard.md,173,173,merge,VERIFY-CREDENTIAL-ROTATION-VALIDATION-STEPS,,,
RULE-W7-005-111,SRC-W7-005,docs/W7-operate/04-credential-secret-lifecycle-standard.md,173,173,merge,VERIFY-CREDENTIAL-ROTATION-VALIDATION-STEPS,,,
RULE-W7-005-112,SRC-W7-005,docs/W7-operate/04-credential-secret-lifecycle-standard.md,173,173,merge,VERIFY-CREDENTIAL-ROTATION-VALIDATION-STEPS,,,
RULE-W7-005-113,SRC-W7-005,docs/W7-operate/04-credential-secret-lifecycle-standard.md,173,173,merge,VERIFY-CREDENTIAL-ROTATION-VALIDATION-STEPS,,,
RULE-W7-005-114,SRC-W7-005,docs/W7-operate/04-credential-secret-lifecycle-standard.md,174,174,merge,OPERATION-CREDENTIAL-016,,,
RULE-W7-005-115,SRC-W7-005,docs/W7-operate/04-credential-secret-lifecycle-standard.md,174,174,merge,OPERATION-CREDENTIAL-016,,,
RULE-W7-005-116,SRC-W7-005,docs/W7-operate/04-credential-secret-lifecycle-standard.md,175,175,merge,OPERATION-CREDENTIAL-017,,,
RULE-W7-005-117,SRC-W7-005,docs/W7-operate/04-credential-secret-lifecycle-standard.md,181,181,merge,OPERATION-CREDENTIAL-018,,,
RULE-W7-005-118,SRC-W7-005,docs/W7-operate/04-credential-secret-lifecycle-standard.md,182,182,merge,OPERATION-CREDENTIAL-018,,,
RULE-W7-005-119,SRC-W7-005,docs/W7-operate/04-credential-secret-lifecycle-standard.md,183,183,merge,OPERATION-CREDENTIAL-018,,,
RULE-W7-005-120,SRC-W7-005,docs/W7-operate/04-credential-secret-lifecycle-standard.md,184,184,merge,OPERATION-CREDENTIAL-018,,,
RULE-W7-005-121,SRC-W7-005,docs/W7-operate/04-credential-secret-lifecycle-standard.md,185,185,merge,OPERATION-CREDENTIAL-018,,,
RULE-W7-005-122,SRC-W7-005,docs/W7-operate/04-credential-secret-lifecycle-standard.md,186,186,merge,OPERATION-CREDENTIAL-018,,,
RULE-W7-005-123,SRC-W7-005,docs/W7-operate/04-credential-secret-lifecycle-standard.md,187,187,merge,OPERATION-CREDENTIAL-018,,,
RULE-W7-005-124,SRC-W7-005,docs/W7-operate/04-credential-secret-lifecycle-standard.md,188,188,merge,OPERATION-CREDENTIAL-018,,,
RULE-W7-005-125,SRC-W7-005,docs/W7-operate/04-credential-secret-lifecycle-standard.md,189,189,merge,OPERATION-CREDENTIAL-018,,,
RULE-W7-005-126,SRC-W7-005,docs/W7-operate/04-credential-secret-lifecycle-standard.md,190,190,merge,OPERATION-CREDENTIAL-018,,,
RULE-W7-005-127,SRC-W7-005,docs/W7-operate/04-credential-secret-lifecycle-standard.md,191,191,merge,OPERATION-CREDENTIAL-018,,,
RULE-W7-005-128,SRC-W7-005,docs/W7-operate/04-credential-secret-lifecycle-standard.md,192,192,merge,OPERATION-CREDENTIAL-018,,,
RULE-W7-005-129,SRC-W7-005,docs/W7-operate/04-credential-secret-lifecycle-standard.md,193,193,merge,OPERATION-CREDENTIAL-018,,,
RULE-W7-005-130,SRC-W7-005,docs/W7-operate/04-credential-secret-lifecycle-standard.md,194,194,merge,OPERATION-CREDENTIAL-018,,,
RULE-W7-005-131,SRC-W7-005,docs/W7-operate/04-credential-secret-lifecycle-standard.md,195,195,merge,OPERATION-CREDENTIAL-018,,,
RULE-W7-005-132,SRC-W7-005,docs/W7-operate/04-credential-secret-lifecycle-standard.md,196,196,merge,OPERATION-CREDENTIAL-018,,,
RULE-W7-005-133,SRC-W7-005,docs/W7-operate/04-credential-secret-lifecycle-standard.md,197,197,merge,OPERATION-CREDENTIAL-018,,,
RULE-W7-005-134,SRC-W7-005,docs/W7-operate/04-credential-secret-lifecycle-standard.md,201,201,merge,OPERATION-CREDENTIAL-019,,,
RULE-W7-005-135,SRC-W7-005,docs/W7-operate/04-credential-secret-lifecycle-standard.md,202,202,merge,OPERATION-CREDENTIAL-019,,,
RULE-W7-005-136,SRC-W7-005,docs/W7-operate/04-credential-secret-lifecycle-standard.md,203,203,merge,OPERATION-CREDENTIAL-019,,,
RULE-W7-005-137,SRC-W7-005,docs/W7-operate/04-credential-secret-lifecycle-standard.md,204,204,merge,OPERATION-CREDENTIAL-019,,,
RULE-W7-005-138,SRC-W7-005,docs/W7-operate/04-credential-secret-lifecycle-standard.md,205,205,merge,OPERATION-CREDENTIAL-019,,,
RULE-W7-005-139,SRC-W7-005,docs/W7-operate/04-credential-secret-lifecycle-standard.md,206,206,merge,OPERATION-CREDENTIAL-019,,,
RULE-W7-005-140,SRC-W7-005,docs/W7-operate/04-credential-secret-lifecycle-standard.md,210,210,merge,OPERATION-CREDENTIAL-021,,,
RULE-W7-005-141,SRC-W7-005,docs/W7-operate/04-credential-secret-lifecycle-standard.md,211,211,rewrite,VERIFY-EVIDENCE-W7-005-L211,,,
RULE-W7-005-142,SRC-W7-005,docs/W7-operate/04-credential-secret-lifecycle-standard.md,212,212,merge,OPERATION-CREDENTIAL-020,,,
RULE-W7-005-143,SRC-W7-005,docs/W7-operate/04-credential-secret-lifecycle-standard.md,212,212,merge,OPERATION-CREDENTIAL-020,,,
RULE-W7-005-144,SRC-W7-005,docs/W7-operate/04-credential-secret-lifecycle-standard.md,212,212,merge,OPERATION-CREDENTIAL-020,,,
RULE-W7-005-145,SRC-W7-005,docs/W7-operate/04-credential-secret-lifecycle-standard.md,213,213,rewrite,EVALUATION-CREDENTIAL-002,,,
RULE-W7-005-146,SRC-W7-005,docs/W7-operate/04-credential-secret-lifecycle-standard.md,220,220,merge,OPERATION-CREDENTIAL-023,,,
RULE-W7-005-147,SRC-W7-005,docs/W7-operate/04-credential-secret-lifecycle-standard.md,222,222,merge,OPERATION-CREDENTIAL-023,,,
RULE-W7-005-148,SRC-W7-005,docs/W7-operate/04-credential-secret-lifecycle-standard.md,224,224,merge,OPERATION-CREDENTIAL-023,,,
RULE-W7-005-149,SRC-W7-005,docs/W7-operate/04-credential-secret-lifecycle-standard.md,226,226,merge,OPERATION-CREDENTIAL-023,,,
RULE-W7-005-150,SRC-W7-005,docs/W7-operate/04-credential-secret-lifecycle-standard.md,228,228,merge,OPERATION-CREDENTIAL-023,,,
RULE-W7-005-151,SRC-W7-005,docs/W7-operate/04-credential-secret-lifecycle-standard.md,230,230,merge,OPERATION-CREDENTIAL-023,,,
RULE-W7-005-152,SRC-W7-005,docs/W7-operate/04-credential-secret-lifecycle-standard.md,232,232,merge,OPERATION-CREDENTIAL-023,,,
RULE-W7-005-153,SRC-W7-005,docs/W7-operate/04-credential-secret-lifecycle-standard.md,234,234,merge,OPERATION-CREDENTIAL-023,,,
RULE-W7-005-154,SRC-W7-005,docs/W7-operate/04-credential-secret-lifecycle-standard.md,236,236,merge,OPERATION-CREDENTIAL-025,,,
RULE-W7-005-155,SRC-W7-005,docs/W7-operate/04-credential-secret-lifecycle-standard.md,238,238,merge,OPERATION-CREDENTIAL-023,,,
RULE-W7-005-156,SRC-W7-005,docs/W7-operate/04-credential-secret-lifecycle-standard.md,240,240,merge,OPERATION-CREDENTIAL-023,,,
RULE-W7-005-157,SRC-W7-005,docs/W7-operate/04-credential-secret-lifecycle-standard.md,242,242,merge,OPERATION-CREDENTIAL-023,,,
RULE-W7-005-158,SRC-W7-005,docs/W7-operate/04-credential-secret-lifecycle-standard.md,244,244,merge,OPERATION-CREDENTIAL-023,,,
RULE-W7-005-159,SRC-W7-005,docs/W7-operate/04-credential-secret-lifecycle-standard.md,249,249,rewrite,IMPL-EXPOSED-CREDENTIAL-REVOKE-FIRST,,,
RULE-W7-005-160,SRC-W7-005,docs/W7-operate/04-credential-secret-lifecycle-standard.md,250,250,rewrite,EVALUATION-CREDENTIAL-003,,,
RULE-W7-005-161,SRC-W7-005,docs/W7-operate/04-credential-secret-lifecycle-standard.md,251,251,merge,OPERATION-CREDENTIAL-024,,,
RULE-W7-005-162,SRC-W7-005,docs/W7-operate/04-credential-secret-lifecycle-standard.md,252,252,merge,OPERATION-CREDENTIAL-024,,,
RULE-W7-005-163,SRC-W7-005,docs/W7-operate/04-credential-secret-lifecycle-standard.md,252,252,merge,OPERATION-CREDENTIAL-024,,,
RULE-W7-005-164,SRC-W7-005,docs/W7-operate/04-credential-secret-lifecycle-standard.md,252,252,merge,OPERATION-CREDENTIAL-024,,,
RULE-W7-005-165,SRC-W7-005,docs/W7-operate/04-credential-secret-lifecycle-standard.md,252,252,merge,OPERATION-CREDENTIAL-024,,,
RULE-W7-005-166,SRC-W7-005,docs/W7-operate/04-credential-secret-lifecycle-standard.md,252,252,merge,OPERATION-CREDENTIAL-024,,,
RULE-W7-005-167,SRC-W7-005,docs/W7-operate/04-credential-secret-lifecycle-standard.md,252,252,merge,OPERATION-CREDENTIAL-024,,,
RULE-W7-005-168,SRC-W7-005,docs/W7-operate/04-credential-secret-lifecycle-standard.md,252,252,merge,OPERATION-CREDENTIAL-024,,,
RULE-W7-005-169,SRC-W7-005,docs/W7-operate/04-credential-secret-lifecycle-standard.md,253,253,merge,OPERATION-CREDENTIAL-025,,,
RULE-W7-005-170,SRC-W7-005,docs/W7-operate/04-credential-secret-lifecycle-standard.md,257,257,rewrite,IMPL-KRATOS-SECRET-REFERENCE-ONLY,,,
RULE-W7-005-171,SRC-W7-005,docs/W7-operate/04-credential-secret-lifecycle-standard.md,257,257,rewrite,IMPL-NO-BUSINESS-OPENAI-GETENV,,,
RULE-W7-005-172,SRC-W7-005,docs/W7-operate/04-credential-secret-lifecycle-standard.md,258,258,merge,VERIFY-API-CONTRACT-ERROR-MODEL-FP-W7-005-L258,,,
RULE-W7-005-173,SRC-W7-005,docs/W7-operate/04-credential-secret-lifecycle-standard.md,258,258,merge,VERIFY-EVIDENCE-W7-005-L258,,,
RULE-W7-005-174,SRC-W7-005,docs/W7-operate/04-credential-secret-lifecycle-standard.md,259,259,rewrite,OPERATION-CREDENTIAL-028,,,
RULE-W7-005-175,SRC-W7-005,docs/W7-operate/04-credential-secret-lifecycle-standard.md,260,260,rewrite,IMPL-GRPC-CREDENTIAL-ENCRYPTED-CHANNEL,,,
RULE-W7-005-176,SRC-W7-005,docs/W7-operate/04-credential-secret-lifecycle-standard.md,260,260,merge,OPERATION-CREDENTIAL-007,,,
RULE-W7-005-177,SRC-W7-005,docs/W7-operate/04-credential-secret-lifecycle-standard.md,261,261,merge,OPERATION-CREDENTIAL-015,,,
RULE-W7-005-178,SRC-W7-005,docs/W7-operate/04-credential-secret-lifecycle-standard.md,265,265,merge,OPERATION-CREDENTIAL-013,,,
RULE-W7-005-179,SRC-W7-005,docs/W7-operate/04-credential-secret-lifecycle-standard.md,265,265,rewrite,TECH-152-VITE-SECRET-AUTH-BOUNDARY,,,
RULE-W7-005-180,SRC-W7-005,docs/W7-operate/04-credential-secret-lifecycle-standard.md,266,266,merge,IMPL-FRONTEND-PRIVATE-SERVICE-PROXY,,,
RULE-W7-005-181,SRC-W7-005,docs/W7-operate/04-credential-secret-lifecycle-standard.md,267,267,merge,OPERATION-CREDENTIAL-013,,,
RULE-W7-005-182,SRC-W7-005,docs/W7-operate/04-credential-secret-lifecycle-standard.md,268,268,merge,EXPERIENCE-WORKBENCH-PRESENTATION,,,
RULE-W7-005-183,SRC-W7-005,docs/W7-operate/04-credential-secret-lifecycle-standard.md,268,268,merge,EXPERIENCE-HIGH-RISK-CONFIRMATION,,,
RULE-W7-005-184,SRC-W7-005,docs/W7-operate/04-credential-secret-lifecycle-standard.md,272,272,rewrite,IMPL-AI-ARTIFACT-SECRET-BAN,,,
RULE-W7-005-185,SRC-W7-005,docs/W7-operate/04-credential-secret-lifecycle-standard.md,273,273,merge,OPERATION-CREDENTIAL-026,,,
RULE-W7-005-186,SRC-W7-005,docs/W7-operate/04-credential-secret-lifecycle-standard.md,274,274,merge,OPERATION-CREDENTIAL-007,,,
RULE-W7-005-187,SRC-W7-005,docs/W7-operate/04-credential-secret-lifecycle-standard.md,274,274,merge,OPERATION-CREDENTIAL-007,,,
RULE-W7-005-188,SRC-W7-005,docs/W7-operate/04-credential-secret-lifecycle-standard.md,274,274,merge,OPERATION-CREDENTIAL-007,,,
RULE-W7-005-189,SRC-W7-005,docs/W7-operate/04-credential-secret-lifecycle-standard.md,274,274,merge,OPERATION-CREDENTIAL-007,,,
RULE-W7-005-190,SRC-W7-005,docs/W7-operate/04-credential-secret-lifecycle-standard.md,274,274,merge,OPERATION-CREDENTIAL-007,,,
RULE-W7-005-191,SRC-W7-005,docs/W7-operate/04-credential-secret-lifecycle-standard.md,274,274,merge,OPERATION-CREDENTIAL-007,,,
RULE-W7-005-192,SRC-W7-005,docs/W7-operate/04-credential-secret-lifecycle-standard.md,274,274,merge,OPERATION-CREDENTIAL-007,,,
RULE-W7-005-193,SRC-W7-005,docs/W7-operate/04-credential-secret-lifecycle-standard.md,274,274,merge,OPERATION-CREDENTIAL-007,,,
RULE-W7-005-194,SRC-W7-005,docs/W7-operate/04-credential-secret-lifecycle-standard.md,275,275,rewrite,TECH-031-AI-PROMPT-ARTIFACT-S01,,,
RULE-W7-005-195,SRC-W7-005,docs/W7-operate/04-credential-secret-lifecycle-standard.md,281,281,rewrite,VERIFY-AI-EVAL-FIXTURE-W7-005-L281,,,
RULE-W7-005-196,SRC-W7-005,docs/W7-operate/04-credential-secret-lifecycle-standard.md,282,282,merge,OPERATION-CREDENTIAL-026,,,
RULE-W7-005-197,SRC-W7-005,docs/W7-operate/04-credential-secret-lifecycle-standard.md,286,286,merge,OPERATION-CREDENTIAL-017,,,
RULE-W7-005-198,SRC-W7-005,docs/W7-operate/04-credential-secret-lifecycle-standard.md,287,287,merge,RELEASE-SUPPLY-001,,,
RULE-W7-005-199,SRC-W7-005,docs/W7-operate/04-credential-secret-lifecycle-standard.md,288,288,rewrite,VERIFY-AI-EVAL-FIXTURE-W7-005-L288,,,
RULE-W7-005-200,SRC-W7-005,docs/W7-operate/04-credential-secret-lifecycle-standard.md,289,289,merge,OPERATION-CREDENTIAL-017,,,
RULE-W7-005-201,SRC-W7-005,docs/W7-operate/04-credential-secret-lifecycle-standard.md,290,290,merge,OPERATION-CREDENTIAL-017,,,
RULE-W7-005-202,SRC-W7-005,docs/W7-operate/04-credential-secret-lifecycle-standard.md,291,291,merge,OPERATION-CREDENTIAL-025,,,
RULE-W7-005-203,SRC-W7-005,docs/W7-operate/04-credential-secret-lifecycle-standard.md,295,295,merge,PLAN-CREDENTIAL-INVENTORY-FIRST-SCOPE,,,
RULE-W7-005-204,SRC-W7-005,docs/W7-operate/04-credential-secret-lifecycle-standard.md,296,296,rewrite,TECH-176-CREDENTIAL-ACCESS-POLICY-S01,,,
RULE-W7-005-205,SRC-W7-005,docs/W7-operate/04-credential-secret-lifecycle-standard.md,297,297,rewrite,PLAN-CREDENTIAL-ROTATION-FIRST-SCOPE,,,
RULE-W7-005-206,SRC-W7-005,docs/W7-operate/04-credential-secret-lifecycle-standard.md,298,298,merge,PLAN-CREDENTIAL-FIRST-LOW-RISK-RUN,,,
RULE-W7-005-207,SRC-W7-005,docs/W7-operate/04-credential-secret-lifecycle-standard.md,299,299,merge,PLAN-CREDENTIAL-EXPOSURE-FOLLOWUP,,,
RULE-W7-005-208,SRC-W7-005,docs/W7-operate/04-credential-secret-lifecycle-standard.md,300,300,rewrite,PLAN-CREDENTIAL-VERIFIER-HANDOFF,,,
RULE-W7-005-209,SRC-W7-005,docs/W7-operate/04-credential-secret-lifecycle-standard.md,300,300,rewrite,PLAN-CREDENTIAL-MONTHLY-FOCUS,,,
RULE-W7-005-210,SRC-W7-005,docs/W7-operate/04-credential-secret-lifecycle-standard.md,172,172,merge,OPERATION-CREDENTIAL-015,,,
RULE-W7-005-211,SRC-W7-005,docs/W7-operate/04-credential-secret-lifecycle-standard.md,172,172,rewrite,VERIFY-EVIDENCE-W7-005-L172,,,
RULE-W7-005-212,SRC-W7-005,docs/W7-operate/04-credential-secret-lifecycle-standard.md,261,261,merge,OPERATION-CREDENTIAL-015,,,
RULE-W7-005-213,SRC-W7-005,docs/W7-operate/04-credential-secret-lifecycle-standard.md,261,261,rewrite,VERIFY-EVIDENCE-W7-005-L261,,,
RULE-W7-005-214,SRC-W7-005,docs/W7-operate/04-credential-secret-lifecycle-standard.md,261,261,rewrite,TECH-100-KEY-ROTATION-OLD-VERSION-REVOCATION,,,
RULE-W7-005-215,SRC-W7-005,docs/W7-operate/04-credential-secret-lifecycle-standard.md,266,266,merge,IMPL-FRONTEND-PRIVATE-SERVICE-PROXY,,,
RULE-W7-005-216,SRC-W7-005,docs/W7-operate/04-credential-secret-lifecycle-standard.md,199,206,merge,OPERATION-CREDENTIAL-019,,,
RULE-W7-005-217,SRC-W7-005,docs/W7-operate/04-credential-secret-lifecycle-standard.md,210,210,merge,OPERATION-CREDENTIAL-021,,,
RULE-W7-005-218,SRC-W7-005,docs/W7-operate/04-credential-secret-lifecycle-standard.md,210,210,rewrite,TECH-178-CREDENTIAL-ROTATION-REVOCATION-S01,,,
RULE-W7-005-219,SRC-W7-005,docs/W7-operate/04-credential-secret-lifecycle-standard.md,295,295,merge,PLAN-CREDENTIAL-INVENTORY-FIRST-SCOPE,,,
RULE-W7-005-220,SRC-W7-005,docs/W7-operate/04-credential-secret-lifecycle-standard.md,298,298,merge,PLAN-CREDENTIAL-FIRST-LOW-RISK-RUN,,,
RULE-W7-005-221,SRC-W7-005,docs/W7-operate/04-credential-secret-lifecycle-standard.md,298,298,merge,PLAN-CREDENTIAL-FIRST-LOW-RISK-RUN,,,
RULE-W7-005-222,SRC-W7-005,docs/W7-operate/04-credential-secret-lifecycle-standard.md,299,299,merge,PLAN-CREDENTIAL-EXPOSURE-FOLLOWUP,,,
RULE-W7-005-223,SRC-W7-005,docs/W7-operate/04-credential-secret-lifecycle-standard.md,97,97,merge,OPERATION-CREDENTIAL-016,,,
RULE-W7-005-224,SRC-W7-005,docs/W7-operate/04-credential-secret-lifecycle-standard.md,296,296,merge,TECH-176-CREDENTIAL-ACCESS-POLICY-S01,,,
RULE-W7-005-225,SRC-W7-005,docs/W7-operate/04-credential-secret-lifecycle-standard.md,296,296,merge,TECH-176-CREDENTIAL-ACCESS-POLICY-S01,,,
RULE-W7-005-226,SRC-W7-005,docs/W7-operate/04-credential-secret-lifecycle-standard.md,258,258,merge,VERIFY-API-CONTRACT-ERROR-MODEL-FP-W7-005-L258,,,
RULE-W7-005-227,SRC-W7-005,docs/W7-operate/04-credential-secret-lifecycle-standard.md,258,258,merge,VERIFY-EVIDENCE-W7-005-L258,,,
RULE-W7-005-228,SRC-W7-005,docs/W7-operate/04-credential-secret-lifecycle-standard.md,42,42,merge,OPERATION-CREDENTIAL-022,,,
RULE-W7-005-229,SRC-W7-005,docs/W7-operate/04-credential-secret-lifecycle-standard.md,42,42,merge,EVALUATION-CREDENTIAL-001,,,
RULE-W7-005-230,SRC-W7-005,docs/W7-operate/04-credential-secret-lifecycle-standard.md,175,175,merge,OPERATION-CREDENTIAL-017,,,
RULE-W7-005-231,SRC-W7-005,docs/W7-operate/04-credential-secret-lifecycle-standard.md,175,175,rewrite,TECH-179-CREDENTIAL-SCOPE-EXPANSION-CHECKPOINT-S01,,,
RULE-W7-005-232,SRC-W7-005,docs/W7-operate/04-credential-secret-lifecycle-standard.md,175,175,merge,OPERATION-CREDENTIAL-017,,,
RULE-W7-005-233,SRC-W7-005,docs/W7-operate/04-credential-secret-lifecycle-standard.md,175,175,rewrite,VERIFY-CREDENTIAL-ROTATION-VALIDATION-EXCEPTION,,,
RULE-W7-005-234,SRC-W7-005,docs/W7-operate/04-credential-secret-lifecycle-standard.md,175,175,merge,OPERATION-CREDENTIAL-017,,,
RULE-W8-001-001,SRC-W8-001,docs/W8-learn/00-main.md,3,3,merge,EVALUATION-SCOPE-001,,,
RULE-W8-001-002,SRC-W8-001,docs/W8-learn/00-main.md,7,7,merge,EVALUATION-SCOPE-001,,,
RULE-W8-001-003,SRC-W8-001,docs/W8-learn/00-main.md,7,7,merge,EVALUATION-SCOPE-001,,,
RULE-W8-001-004,SRC-W8-001,docs/W8-learn/00-main.md,9,9,rewrite,IMPL-EVALUATION-DECISION-CONSUMPTION,,,
RULE-W8-001-005,SRC-W8-001,docs/W8-learn/00-main.md,11,11,merge,EVALUATION-DECISION-002,CATEGORY-OPERATIONS-001;ITEM-EVALUATION-001,,
RULE-W8-001-006,SRC-W8-001,docs/W8-learn/00-main.md,11,11,merge,EVALUATION-DECISION-002,ITEM-EVALUATION-001,,
RULE-W8-001-007,SRC-W8-001,docs/W8-learn/00-main.md,11,11,merge,TOPIC-LEARNING-REASSESSMENT,,,
RULE-W8-001-008,SRC-W8-001,docs/W8-learn/00-main.md,17,17,rewrite,EVALUATION-SIGNAL-002,,,
RULE-W8-001-009,SRC-W8-001,docs/W8-learn/00-main.md,18,18,rewrite,EVALUATION-AI-INCIDENT-001,,,
RULE-W8-001-010,SRC-W8-001,docs/W8-learn/00-main.md,19,19,merge,EVALUATION-AI-SCOPE-001,,,
RULE-W8-001-011,SRC-W8-001,docs/W8-learn/00-main.md,20,20,rewrite,EVALUATION-SIGNAL-003,,,
RULE-W8-001-012,SRC-W8-001,docs/W8-learn/00-main.md,24,24,merge,EVALUATION-ROUTE-002,,,
RULE-W8-001-013,SRC-W8-001,docs/W8-learn/00-main.md,25,25,merge,DEFINITION-PRODUCT-ROUTING,,,
RULE-W8-001-014,SRC-W8-001,docs/W8-learn/00-main.md,26,26,merge,EVALUATION-ROUTE-002,,,
RULE-W8-001-015,SRC-W8-001,docs/W8-learn/00-main.md,27,27,merge,EVALUATION-ROUTE-002,,,
RULE-W8-001-016,SRC-W8-001,docs/W8-learn/00-main.md,28,28,merge,IMPL-IMPLEMENTATION-FIX-RETURN,,,
RULE-W8-001-017,SRC-W8-001,docs/W8-learn/00-main.md,29,29,merge,EVALUATION-ROUTE-002,,,
RULE-W8-001-018,SRC-W8-001,docs/W8-learn/00-main.md,33,33,rewrite,EVALUATION-OUTPUT-001,,,
RULE-W8-001-019,SRC-W8-001,docs/W8-learn/00-main.md,35,35,rewrite,EVALUATION-SIGNAL-001,CATEGORY-OPERATIONS-001;ITEM-EVALUATION-001,,
RULE-W8-001-020,SRC-W8-001,docs/W8-learn/00-main.md,36,36,rewrite,VERIFY-EVIDENCE-W8-001-L036,,,
RULE-W8-001-021,SRC-W8-001,docs/W8-learn/00-main.md,37,37,merge,EVALUATION-DECISION-001,,,
RULE-W8-001-022,SRC-W8-001,docs/W8-learn/00-main.md,38,38,merge,EVALUATION-DECISION-002,CATEGORY-OPERATIONS-001;ITEM-EVALUATION-001,,
RULE-W8-001-023,SRC-W8-001,docs/W8-learn/00-main.md,38,38,merge,EVALUATION-DECISION-002,CATEGORY-OPERATIONS-001;ITEM-EVALUATION-001,,
RULE-W8-001-024,SRC-W8-001,docs/W8-learn/00-main.md,39,39,merge,EVALUATION-HUMAN-001,,,
RULE-W8-001-025,SRC-W8-001,docs/W8-learn/00-main.md,45,45,rewrite,VERIFY-AI-EVAL-FIXTURE-W8-001-L045,,,
RULE-W8-001-026,SRC-W8-001,docs/W8-learn/00-main.md,47,47,merge,EVALUATION-HUMAN-001,,,
RULE-W8-001-027,SRC-W8-001,docs/W8-learn/00-main.md,49,49,merge,EVALUATION-HUMAN-001,,,
RULE-W8-001-028,SRC-W8-001,docs/W8-learn/00-main.md,50,50,merge,EVALUATION-HUMAN-001,,,
RULE-W8-001-029,SRC-W8-001,docs/W8-learn/00-main.md,51,51,merge,EVALUATION-HUMAN-002,,,
RULE-W8-001-030,SRC-W8-001,docs/W8-learn/00-main.md,52,52,split,RELEASE-WATCH-003;RELEASE-WATCH-004,,,
RULE-W8-001-031,SRC-W8-001,docs/W8-learn/00-main.md,53,53,rewrite,EVALUATION-HUMAN-004,,,
RULE-W8-001-032,SRC-W8-001,docs/W8-learn/00-main.md,54,54,rewrite,VERIFY-AI-EVAL-FIXTURE-W8-001-L054,,,
RULE-W8-001-033,SRC-W8-001,docs/W8-learn/00-main.md,58,58,merge,EVALUATION-SCOPE-001,,,
RULE-W8-001-034,SRC-W8-001,docs/W8-learn/00-main.md,60,60,rewrite,EVALUATION-SUPPORT-SCOPE-001,,,
RULE-W8-001-035,SRC-W8-001,docs/W8-learn/00-main.md,61,61,merge,EVALUATION-AI-SCOPE-001,,,
RULE-W8-001-036,SRC-W8-001,docs/W8-learn/00-main.md,65,65,merge,TOPIC-LEARNING-REASSESSMENT,,,
RULE-W8-001-037,SRC-W8-001,docs/W8-learn/00-main.md,66,66,merge,DEFINITION-PRODUCT-ROUTING,,,
RULE-W8-001-038,SRC-W8-001,docs/W8-learn/00-main.md,67,67,merge,EVALUATION-ROUTE-002,,,
RULE-W8-001-039,SRC-W8-001,docs/W8-learn/00-main.md,68,68,merge,IMPL-AI-GAP-RETURN-BEHAVIOR-DESIGN,,,
RULE-W8-001-040,SRC-W8-001,docs/W8-learn/00-main.md,69,69,merge,EVALUATION-ROUTE-002,,,
RULE-W8-001-041,SRC-W8-001,docs/W8-learn/00-main.md,70,70,rewrite,VERIFY-EVIDENCE-W8-001-L070,,,
RULE-W8-001-042,SRC-W8-001,docs/W8-learn/00-main.md,71,71,merge,EVALUATION-ROUTE-002,,,
RULE-W8-001-043,SRC-W8-001,docs/W8-learn/00-main.md,72,72,merge,EVALUATION-ROUTE-002,,,
RULE-W8-001-044,SRC-W8-001,docs/W8-learn/00-main.md,73,73,rewrite,VERIFY-EVIDENCE-W8-001-L073,,,
RULE-W8-001-045,SRC-W8-001,docs/W8-learn/00-main.md,77,77,merge,EVALUATION-DECISION-001,,,
RULE-W8-001-046,SRC-W8-001,docs/W8-learn/00-main.md,79,79,merge,EVALUATION-DECISION-001,,,
RULE-W8-001-047,SRC-W8-001,docs/W8-learn/00-main.md,80,80,merge,EVALUATION-ROUTE-002,,,
RULE-W8-001-048,SRC-W8-001,docs/W8-learn/00-main.md,81,81,merge,EVALUATION-DECISION-001,,,
RULE-W8-001-049,SRC-W8-001,docs/W8-learn/00-main.md,82,82,merge,TOPIC-LEARNING-REASSESSMENT,,,
RULE-W8-001-050,SRC-W8-001,docs/W8-learn/00-main.md,83,83,rewrite,VERIFY-EVIDENCE-W8-001-L083,,,
RULE-W8-001-051,SRC-W8-001,docs/W8-learn/00-main.md,87,87,merge,VERIFY-WORKFLOW-SINGLE-MAIN-ENTRY,,,
RULE-W8-001-052,SRC-W8-001,docs/W8-learn/00-main.md,88,88,merge,VERIFY-WORKFLOW-SPECIALTY-TRIGGERED,,,
RULE-W8-001-053,SRC-W8-001,docs/W8-learn/00-main.md,89,89,merge,VERIFY-WORKFLOW-NAVIGATION-CONSISTENCY,,,
RULE-W8-001-054,SRC-W8-001,docs/W8-learn/00-main.md,90,90,merge,VERIFY-WORKFLOW-LEGACY-WRAPPER-ABSENCE,,,
RULE-W8-001-055,SRC-W8-001,docs/W8-learn/00-main.md,91,91,merge,VERIFY-WORKFLOW-INDEX-COMMAND,,,
RULE-W8-002-001,SRC-W8-002,docs/W8-learn/01-customer-support-trust-ops-standard.md,3,3,merge,OPERATION-SUPPORT-001,,,
RULE-W8-002-002,SRC-W8-002,docs/W8-learn/01-customer-support-trust-ops-standard.md,7,7,merge,OPERATION-SUPPORT-011,,,
RULE-W8-002-003,SRC-W8-002,docs/W8-learn/01-customer-support-trust-ops-standard.md,7,7,merge,OPERATION-SUPPORT-011,,,
RULE-W8-002-004,SRC-W8-002,docs/W8-learn/01-customer-support-trust-ops-standard.md,9,9,merge,OPERATION-SUPPORT-001,,,
RULE-W8-002-005,SRC-W8-002,docs/W8-learn/01-customer-support-trust-ops-standard.md,15,15,merge,OPERATION-SUPPORT-001,,,
RULE-W8-002-006,SRC-W8-002,docs/W8-learn/01-customer-support-trust-ops-standard.md,15,15,merge,OPERATION-SUPPORT-014,,,
RULE-W8-002-007,SRC-W8-002,docs/W8-learn/01-customer-support-trust-ops-standard.md,34,34,merge,IMPL-SUPPORT-SURFACE-APPLICABILITY,,,
RULE-W8-002-008,SRC-W8-002,docs/W8-learn/01-customer-support-trust-ops-standard.md,35,35,merge,OPERATION-SUPPORT-001,,,
RULE-W8-002-009,SRC-W8-002,docs/W8-learn/01-customer-support-trust-ops-standard.md,36,36,merge,IMPL-SUPPORT-SURFACE-APPLICABILITY,,,
RULE-W8-002-010,SRC-W8-002,docs/W8-learn/01-customer-support-trust-ops-standard.md,40,40,merge,OPERATION-SUPPORT-001,,,
RULE-W8-002-011,SRC-W8-002,docs/W8-learn/01-customer-support-trust-ops-standard.md,41,41,merge,OPERATION-SUPPORT-011,,,
RULE-W8-002-012,SRC-W8-002,docs/W8-learn/01-customer-support-trust-ops-standard.md,41,41,merge,OPERATION-SUPPORT-011,,,
RULE-W8-002-013,SRC-W8-002,docs/W8-learn/01-customer-support-trust-ops-standard.md,42,42,merge,OPERATION-SUPPORT-001,,,
RULE-W8-002-014,SRC-W8-002,docs/W8-learn/01-customer-support-trust-ops-standard.md,46,46,merge,OPERATION-SUPPORT-009,,,
RULE-W8-002-015,SRC-W8-002,docs/W8-learn/01-customer-support-trust-ops-standard.md,50,50,merge,OPERATION-SUPPORT-001,,,
RULE-W8-002-016,SRC-W8-002,docs/W8-learn/01-customer-support-trust-ops-standard.md,51,51,merge,OPERATION-SUPPORT-001,,,
RULE-W8-002-017,SRC-W8-002,docs/W8-learn/01-customer-support-trust-ops-standard.md,52,52,merge,OPERATION-SUPPORT-001,,,
RULE-W8-002-018,SRC-W8-002,docs/W8-learn/01-customer-support-trust-ops-standard.md,53,53,merge,OPERATION-SUPPORT-014,,,
RULE-W8-002-019,SRC-W8-002,docs/W8-learn/01-customer-support-trust-ops-standard.md,54,54,merge,OPERATION-SUPPORT-001,,,
RULE-W8-002-020,SRC-W8-002,docs/W8-learn/01-customer-support-trust-ops-standard.md,61,61,merge,OPERATION-SUPPORT-002,,,
RULE-W8-002-021,SRC-W8-002,docs/W8-learn/01-customer-support-trust-ops-standard.md,62,62,merge,OPERATION-SUPPORT-002,,,
RULE-W8-002-022,SRC-W8-002,docs/W8-learn/01-customer-support-trust-ops-standard.md,63,63,merge,OPERATION-SUPPORT-002,,,
RULE-W8-002-023,SRC-W8-002,docs/W8-learn/01-customer-support-trust-ops-standard.md,64,64,merge,OPERATION-SUPPORT-002,,,
RULE-W8-002-024,SRC-W8-002,docs/W8-learn/01-customer-support-trust-ops-standard.md,65,65,merge,OPERATION-SUPPORT-002,,,
RULE-W8-002-025,SRC-W8-002,docs/W8-learn/01-customer-support-trust-ops-standard.md,66,66,merge,OPERATION-SUPPORT-002,,,
RULE-W8-002-026,SRC-W8-002,docs/W8-learn/01-customer-support-trust-ops-standard.md,67,67,merge,OPERATION-SUPPORT-002,,,
RULE-W8-002-027,SRC-W8-002,docs/W8-learn/01-customer-support-trust-ops-standard.md,68,68,merge,OPERATION-SUPPORT-002,,,
RULE-W8-002-028,SRC-W8-002,docs/W8-learn/01-customer-support-trust-ops-standard.md,69,69,merge,OPERATION-SUPPORT-002,,,
RULE-W8-002-029,SRC-W8-002,docs/W8-learn/01-customer-support-trust-ops-standard.md,70,70,merge,OPERATION-SUPPORT-002,,,
RULE-W8-002-030,SRC-W8-002,docs/W8-learn/01-customer-support-trust-ops-standard.md,71,71,merge,OPERATION-SUPPORT-002,,,
RULE-W8-002-031,SRC-W8-002,docs/W8-learn/01-customer-support-trust-ops-standard.md,72,72,merge,OPERATION-SUPPORT-002,,,
RULE-W8-002-032,SRC-W8-002,docs/W8-learn/01-customer-support-trust-ops-standard.md,76,76,merge,OPERATION-SUPPORT-003,,,
RULE-W8-002-033,SRC-W8-002,docs/W8-learn/01-customer-support-trust-ops-standard.md,77,77,merge,OPERATION-SUPPORT-003,,,
RULE-W8-002-034,SRC-W8-002,docs/W8-learn/01-customer-support-trust-ops-standard.md,78,78,merge,OPERATION-SUPPORT-003,,,
RULE-W8-002-035,SRC-W8-002,docs/W8-learn/01-customer-support-trust-ops-standard.md,79,79,merge,OPERATION-SUPPORT-003,,,
RULE-W8-002-036,SRC-W8-002,docs/W8-learn/01-customer-support-trust-ops-standard.md,80,80,rewrite,IMPL-SUPPORT-AI-CONCERN-CATEGORY,,,
RULE-W8-002-037,SRC-W8-002,docs/W8-learn/01-customer-support-trust-ops-standard.md,81,81,merge,OPERATION-SUPPORT-003,,,
RULE-W8-002-038,SRC-W8-002,docs/W8-learn/01-customer-support-trust-ops-standard.md,82,82,merge,OPERATION-SUPPORT-003,,,
RULE-W8-002-039,SRC-W8-002,docs/W8-learn/01-customer-support-trust-ops-standard.md,86,86,merge,OPERATION-SUPPORT-004,,,
RULE-W8-002-040,SRC-W8-002,docs/W8-learn/01-customer-support-trust-ops-standard.md,87,87,merge,OPERATION-SUPPORT-004,,,
RULE-W8-002-041,SRC-W8-002,docs/W8-learn/01-customer-support-trust-ops-standard.md,88,88,merge,OPERATION-SUPPORT-004,,,
RULE-W8-002-042,SRC-W8-002,docs/W8-learn/01-customer-support-trust-ops-standard.md,89,89,merge,OPERATION-SUPPORT-004,,,
RULE-W8-002-043,SRC-W8-002,docs/W8-learn/01-customer-support-trust-ops-standard.md,90,90,merge,OPERATION-SUPPORT-004,,,
RULE-W8-002-044,SRC-W8-002,docs/W8-learn/01-customer-support-trust-ops-standard.md,91,91,merge,OPERATION-SUPPORT-004,,,
RULE-W8-002-045,SRC-W8-002,docs/W8-learn/01-customer-support-trust-ops-standard.md,97,97,merge,OPERATION-SUPPORT-005,,,
RULE-W8-002-046,SRC-W8-002,docs/W8-learn/01-customer-support-trust-ops-standard.md,98,98,merge,OPERATION-SUPPORT-005,,,
RULE-W8-002-047,SRC-W8-002,docs/W8-learn/01-customer-support-trust-ops-standard.md,99,99,merge,OPERATION-SUPPORT-005,,,
RULE-W8-002-048,SRC-W8-002,docs/W8-learn/01-customer-support-trust-ops-standard.md,100,100,merge,OPERATION-SUPPORT-005,,,
RULE-W8-002-049,SRC-W8-002,docs/W8-learn/01-customer-support-trust-ops-standard.md,101,101,merge,OPERATION-SUPPORT-005,,,
RULE-W8-002-050,SRC-W8-002,docs/W8-learn/01-customer-support-trust-ops-standard.md,102,102,merge,OPERATION-SUPPORT-005,,,
RULE-W8-002-051,SRC-W8-002,docs/W8-learn/01-customer-support-trust-ops-standard.md,103,103,merge,OPERATION-SUPPORT-011,,,
RULE-W8-002-052,SRC-W8-002,docs/W8-learn/01-customer-support-trust-ops-standard.md,104,104,merge,OPERATION-SUPPORT-010,,,
RULE-W8-002-053,SRC-W8-002,docs/W8-learn/01-customer-support-trust-ops-standard.md,105,105,merge,OPERATION-SUPPORT-005,,,
RULE-W8-002-054,SRC-W8-002,docs/W8-learn/01-customer-support-trust-ops-standard.md,106,106,merge,OPERATION-SUPPORT-011,,,
RULE-W8-002-055,SRC-W8-002,docs/W8-learn/01-customer-support-trust-ops-standard.md,107,107,merge,OPERATION-SUPPORT-012,,,
RULE-W8-002-056,SRC-W8-002,docs/W8-learn/01-customer-support-trust-ops-standard.md,108,108,merge,OPERATION-SUPPORT-005,,,
RULE-W8-002-057,SRC-W8-002,docs/W8-learn/01-customer-support-trust-ops-standard.md,112,112,merge,OPERATION-SUPPORT-006,,,
RULE-W8-002-058,SRC-W8-002,docs/W8-learn/01-customer-support-trust-ops-standard.md,113,113,merge,OPERATION-SUPPORT-006,,,
RULE-W8-002-059,SRC-W8-002,docs/W8-learn/01-customer-support-trust-ops-standard.md,114,114,merge,OPERATION-SUPPORT-007,,,
RULE-W8-002-060,SRC-W8-002,docs/W8-learn/01-customer-support-trust-ops-standard.md,115,115,merge,OPERATION-SUPPORT-010,,,
RULE-W8-002-061,SRC-W8-002,docs/W8-learn/01-customer-support-trust-ops-standard.md,116,116,merge,EVALUATION-SUPPORT-005,,,
RULE-W8-002-062,SRC-W8-002,docs/W8-learn/01-customer-support-trust-ops-standard.md,122,122,merge,OPERATION-SUPPORT-008,,,
RULE-W8-002-063,SRC-W8-002,docs/W8-learn/01-customer-support-trust-ops-standard.md,123,123,merge,OPERATION-SUPPORT-010,,,
RULE-W8-002-064,SRC-W8-002,docs/W8-learn/01-customer-support-trust-ops-standard.md,124,124,merge,OPERATION-SUPPORT-008,,,
RULE-W8-002-065,SRC-W8-002,docs/W8-learn/01-customer-support-trust-ops-standard.md,125,125,merge,OPERATION-SUPPORT-011,,,
RULE-W8-002-066,SRC-W8-002,docs/W8-learn/01-customer-support-trust-ops-standard.md,126,126,merge,OPERATION-SUPPORT-012,,,
RULE-W8-002-067,SRC-W8-002,docs/W8-learn/01-customer-support-trust-ops-standard.md,127,127,merge,OPERATION-SUPPORT-010,,,
RULE-W8-002-068,SRC-W8-002,docs/W8-learn/01-customer-support-trust-ops-standard.md,128,128,merge,OPERATION-SUPPORT-008,,,
RULE-W8-002-069,SRC-W8-002,docs/W8-learn/01-customer-support-trust-ops-standard.md,129,129,merge,OPERATION-SUPPORT-008,,,
RULE-W8-002-070,SRC-W8-002,docs/W8-learn/01-customer-support-trust-ops-standard.md,133,133,merge,OPERATION-SUPPORT-009,,,
RULE-W8-002-071,SRC-W8-002,docs/W8-learn/01-customer-support-trust-ops-standard.md,134,134,merge,OPERATION-SUPPORT-010,,,
RULE-W8-002-072,SRC-W8-002,docs/W8-learn/01-customer-support-trust-ops-standard.md,135,135,merge,OPERATION-SUPPORT-012,,,
RULE-W8-002-073,SRC-W8-002,docs/W8-learn/01-customer-support-trust-ops-standard.md,135,135,merge,OPERATION-SUPPORT-009,,,
RULE-W8-002-074,SRC-W8-002,docs/W8-learn/01-customer-support-trust-ops-standard.md,136,136,merge,OPERATION-SUPPORT-013,,,
RULE-W8-002-075,SRC-W8-002,docs/W8-learn/01-customer-support-trust-ops-standard.md,143,143,merge,EVALUATION-SUPPORT-001,,,
RULE-W8-002-076,SRC-W8-002,docs/W8-learn/01-customer-support-trust-ops-standard.md,143,143,merge,EVALUATION-SUPPORT-001,,,
RULE-W8-002-077,SRC-W8-002,docs/W8-learn/01-customer-support-trust-ops-standard.md,143,143,merge,EVALUATION-SUPPORT-001,,,
RULE-W8-002-078,SRC-W8-002,docs/W8-learn/01-customer-support-trust-ops-standard.md,143,143,merge,EVALUATION-SUPPORT-001,,,
RULE-W8-002-079,SRC-W8-002,docs/W8-learn/01-customer-support-trust-ops-standard.md,143,143,merge,EVALUATION-SUPPORT-001,,,
RULE-W8-002-080,SRC-W8-002,docs/W8-learn/01-customer-support-trust-ops-standard.md,143,143,merge,EVALUATION-SUPPORT-001,,,
RULE-W8-002-081,SRC-W8-002,docs/W8-learn/01-customer-support-trust-ops-standard.md,143,143,merge,EVALUATION-SUPPORT-001,,,
RULE-W8-002-082,SRC-W8-002,docs/W8-learn/01-customer-support-trust-ops-standard.md,143,143,merge,EVALUATION-SUPPORT-001,,,
RULE-W8-002-083,SRC-W8-002,docs/W8-learn/01-customer-support-trust-ops-standard.md,143,143,merge,EVALUATION-SUPPORT-001,,,
RULE-W8-002-084,SRC-W8-002,docs/W8-learn/01-customer-support-trust-ops-standard.md,143,143,merge,EVALUATION-SUPPORT-001,,,
RULE-W8-002-085,SRC-W8-002,docs/W8-learn/01-customer-support-trust-ops-standard.md,143,143,merge,EVALUATION-SUPPORT-001,,,
RULE-W8-002-086,SRC-W8-002,docs/W8-learn/01-customer-support-trust-ops-standard.md,148,148,merge,OPERATION-SUPPORT-014,,,
RULE-W8-002-087,SRC-W8-002,docs/W8-learn/01-customer-support-trust-ops-standard.md,149,149,merge,OPERATION-SUPPORT-013,,,
RULE-W8-002-088,SRC-W8-002,docs/W8-learn/01-customer-support-trust-ops-standard.md,150,150,merge,OPERATION-SUPPORT-014,,,
RULE-W8-002-089,SRC-W8-002,docs/W8-learn/01-customer-support-trust-ops-standard.md,156,156,merge,EVALUATION-SUPPORT-002,,,
RULE-W8-002-090,SRC-W8-002,docs/W8-learn/01-customer-support-trust-ops-standard.md,157,157,merge,EVALUATION-SUPPORT-002,,,
RULE-W8-002-091,SRC-W8-002,docs/W8-learn/01-customer-support-trust-ops-standard.md,158,158,merge,EVALUATION-SUPPORT-002,,,
RULE-W8-002-092,SRC-W8-002,docs/W8-learn/01-customer-support-trust-ops-standard.md,159,159,merge,EVALUATION-SUPPORT-002,,,
RULE-W8-002-093,SRC-W8-002,docs/W8-learn/01-customer-support-trust-ops-standard.md,160,160,merge,EVALUATION-SUPPORT-002,,,
RULE-W8-002-094,SRC-W8-002,docs/W8-learn/01-customer-support-trust-ops-standard.md,161,161,merge,EVALUATION-SUPPORT-002,,,
RULE-W8-002-095,SRC-W8-002,docs/W8-learn/01-customer-support-trust-ops-standard.md,162,162,merge,EVALUATION-SUPPORT-002,,,
RULE-W8-002-096,SRC-W8-002,docs/W8-learn/01-customer-support-trust-ops-standard.md,163,163,merge,EVALUATION-SUPPORT-002,,,
RULE-W8-002-097,SRC-W8-002,docs/W8-learn/01-customer-support-trust-ops-standard.md,167,167,merge,EVALUATION-SUPPORT-003,,,
RULE-W8-002-098,SRC-W8-002,docs/W8-learn/01-customer-support-trust-ops-standard.md,168,168,merge,EVALUATION-SUPPORT-003,,,
RULE-W8-002-099,SRC-W8-002,docs/W8-learn/01-customer-support-trust-ops-standard.md,169,169,rewrite,IMPL-SUPPORT-URGENT-REVIEW-TIMING,,,
RULE-W8-002-100,SRC-W8-002,docs/W8-learn/01-customer-support-trust-ops-standard.md,171,171,merge,EVALUATION-SUPPORT-004,,,
RULE-W8-002-101,SRC-W8-002,docs/W8-learn/01-customer-support-trust-ops-standard.md,171,171,merge,EVALUATION-SUPPORT-004,,,
RULE-W8-002-102,SRC-W8-002,docs/W8-learn/01-customer-support-trust-ops-standard.md,175,175,rewrite,TECH-101-API-CONTRACT-ERROR-MODEL-S01,,,
RULE-W8-002-103,SRC-W8-002,docs/W8-learn/01-customer-support-trust-ops-standard.md,176,176,rewrite,TECH-186-DATABASE-TABLE-SCHEMA-S01,,,
RULE-W8-002-104,SRC-W8-002,docs/W8-learn/01-customer-support-trust-ops-standard.md,176,176,rewrite,TECH-186-DATABASE-TABLE-SCHEMA-S02,,,
RULE-W8-002-105,SRC-W8-002,docs/W8-learn/01-customer-support-trust-ops-standard.md,176,176,rewrite,TECH-186-DATABASE-TABLE-SCHEMA-S03,,,
RULE-W8-002-106,SRC-W8-002,docs/W8-learn/01-customer-support-trust-ops-standard.md,176,176,rewrite,TECH-186-DATABASE-TABLE-SCHEMA-S04,,,
RULE-W8-002-107,SRC-W8-002,docs/W8-learn/01-customer-support-trust-ops-standard.md,176,176,rewrite,TECH-186-DATABASE-TABLE-SCHEMA-S05,,,
RULE-W8-002-108,SRC-W8-002,docs/W8-learn/01-customer-support-trust-ops-standard.md,177,177,rewrite,TECH-101-API-CONTRACT-ERROR-MODEL-S02,,,
RULE-W8-002-109,SRC-W8-002,docs/W8-learn/01-customer-support-trust-ops-standard.md,177,177,rewrite,TECH-101-API-CONTRACT-ERROR-MODEL-S03,,,
RULE-W8-002-110,SRC-W8-002,docs/W8-learn/01-customer-support-trust-ops-standard.md,177,177,rewrite,TECH-101-API-CONTRACT-ERROR-MODEL-S04,,,
RULE-W8-002-111,SRC-W8-002,docs/W8-learn/01-customer-support-trust-ops-standard.md,177,177,rewrite,TECH-101-API-CONTRACT-ERROR-MODEL-S05,,,
RULE-W8-002-112,SRC-W8-002,docs/W8-learn/01-customer-support-trust-ops-standard.md,177,177,rewrite,TECH-101-API-CONTRACT-ERROR-MODEL-S06,,,
RULE-W8-002-113,SRC-W8-002,docs/W8-learn/01-customer-support-trust-ops-standard.md,177,177,rewrite,TECH-101-API-CONTRACT-ERROR-MODEL-S07,,,
RULE-W8-002-114,SRC-W8-002,docs/W8-learn/01-customer-support-trust-ops-standard.md,177,177,rewrite,TECH-101-API-CONTRACT-ERROR-MODEL-S08,,,
RULE-W8-002-115,SRC-W8-002,docs/W8-learn/01-customer-support-trust-ops-standard.md,178,178,merge,OPERATION-SUPPORT-016,,,
RULE-W8-002-116,SRC-W8-002,docs/W8-learn/01-customer-support-trust-ops-standard.md,178,178,merge,OPERATION-SUPPORT-016,,,
RULE-W8-002-117,SRC-W8-002,docs/W8-learn/01-customer-support-trust-ops-standard.md,179,179,merge,OPERATION-SUPPORT-016,,,
RULE-W8-002-118,SRC-W8-002,docs/W8-learn/01-customer-support-trust-ops-standard.md,183,183,merge,EXPERIENCE-SUPPORT-INTAKE,,,
RULE-W8-002-119,SRC-W8-002,docs/W8-learn/01-customer-support-trust-ops-standard.md,184,184,merge,EXPERIENCE-SENSITIVE-SUPPORT-INPUT,,,
RULE-W8-002-120,SRC-W8-002,docs/W8-learn/01-customer-support-trust-ops-standard.md,185,185,merge,EXPERIENCE-SENSITIVE-SUPPORT-INPUT,,,
RULE-W8-002-121,SRC-W8-002,docs/W8-learn/01-customer-support-trust-ops-standard.md,186,186,rewrite,EXPERIENCE-STATUS-PAGE-PRESENTATION,,,
RULE-W8-002-122,SRC-W8-002,docs/W8-learn/01-customer-support-trust-ops-standard.md,190,190,merge,OPERATION-SUPPORT-013,,,
RULE-W8-002-123,SRC-W8-002,docs/W8-learn/01-customer-support-trust-ops-standard.md,190,190,merge,OPERATION-SUPPORT-013,,,
RULE-W8-002-124,SRC-W8-002,docs/W8-learn/01-customer-support-trust-ops-standard.md,190,190,merge,OPERATION-SUPPORT-013,,,
RULE-W8-002-125,SRC-W8-002,docs/W8-learn/01-customer-support-trust-ops-standard.md,190,190,merge,OPERATION-SUPPORT-013,,,
RULE-W8-002-126,SRC-W8-002,docs/W8-learn/01-customer-support-trust-ops-standard.md,190,190,merge,OPERATION-SUPPORT-013,,,
RULE-W8-002-127,SRC-W8-002,docs/W8-learn/01-customer-support-trust-ops-standard.md,191,191,merge,OPERATION-SUPPORT-013,,,
RULE-W8-002-128,SRC-W8-002,docs/W8-learn/01-customer-support-trust-ops-standard.md,192,192,merge,OPERATION-SUPPORT-014,,,
RULE-W8-002-129,SRC-W8-002,docs/W8-learn/01-customer-support-trust-ops-standard.md,193,193,rewrite,DEFINITION-SUPPORT-AI-AUTHORITY,,,
RULE-W8-002-130,SRC-W8-002,docs/W8-learn/01-customer-support-trust-ops-standard.md,194,194,rewrite,TECH-267-SECURITY-PRIVACY-S01,,,
RULE-W8-002-131,SRC-W8-002,docs/W8-learn/01-customer-support-trust-ops-standard.md,200,200,merge,OPERATION-SUPPORT-011,,,
RULE-W8-002-132,SRC-W8-002,docs/W8-learn/01-customer-support-trust-ops-standard.md,201,201,merge,OPERATION-SUPPORT-010,,,
RULE-W8-002-133,SRC-W8-002,docs/W8-learn/01-customer-support-trust-ops-standard.md,202,202,merge,OPERATION-SUPPORT-011,,,
RULE-W8-002-134,SRC-W8-002,docs/W8-learn/01-customer-support-trust-ops-standard.md,203,203,merge,OPERATION-SUPPORT-013,,,
RULE-W8-002-135,SRC-W8-002,docs/W8-learn/01-customer-support-trust-ops-standard.md,204,204,merge,OPERATION-ADMIN-011,,,
RULE-W8-002-136,SRC-W8-002,docs/W8-learn/01-customer-support-trust-ops-standard.md,205,205,merge,OPERATION-AVAILABILITY-001,,,
RULE-W8-002-137,SRC-W8-002,docs/W8-learn/01-customer-support-trust-ops-standard.md,206,206,rewrite,OPERATION-SUPPORT-017,,,
RULE-W8-002-138,SRC-W8-002,docs/W8-learn/01-customer-support-trust-ops-standard.md,183,183,merge,EXPERIENCE-SUPPORT-INTAKE,,,
RULE-W8-002-139,SRC-W8-002,docs/W8-learn/01-customer-support-trust-ops-standard.md,183,183,merge,EXPERIENCE-SUPPORT-INTAKE,,,
RULE-W8-002-140,SRC-W8-002,docs/W8-learn/01-customer-support-trust-ops-standard.md,183,183,merge,EXPERIENCE-SUPPORT-INTAKE,,,
RULE-W8-002-141,SRC-W8-002,docs/W8-learn/01-customer-support-trust-ops-standard.md,183,183,merge,EXPERIENCE-SUPPORT-INTAKE,,,
RULE-W8-002-142,SRC-W8-002,docs/W8-learn/01-customer-support-trust-ops-standard.md,192,192,merge,OPERATION-SUPPORT-014,,,
RULE-W8-002-143,SRC-W8-002,docs/W8-learn/01-customer-support-trust-ops-standard.md,192,192,merge,OPERATION-SUPPORT-014,,,
RULE-W8-002-144,SRC-W8-002,docs/W8-learn/01-customer-support-trust-ops-standard.md,192,192,merge,OPERATION-SUPPORT-014,,,
RULE-W8-002-145,SRC-W8-002,docs/W8-learn/01-customer-support-trust-ops-standard.md,114,114,merge,OPERATION-SUPPORT-007,,,
RULE-W8-002-146,SRC-W8-002,docs/W8-learn/01-customer-support-trust-ops-standard.md,114,114,merge,OPERATION-SUPPORT-007,,,
RULE-W8-002-147,SRC-W8-002,docs/W8-learn/01-customer-support-trust-ops-standard.md,114,114,merge,OPERATION-SUPPORT-007,,,
RULE-W8-002-148,SRC-W8-002,docs/W8-learn/01-customer-support-trust-ops-standard.md,114,114,merge,OPERATION-SUPPORT-007,,,
RULE-W8-002-149,SRC-W8-002,docs/W8-learn/01-customer-support-trust-ops-standard.md,114,114,merge,OPERATION-SUPPORT-007,,,
RULE-W8-002-150,SRC-W8-002,docs/W8-learn/01-customer-support-trust-ops-standard.md,114,114,merge,OPERATION-SUPPORT-007,,,
RULE-W8-002-151,SRC-W8-002,docs/W8-learn/01-customer-support-trust-ops-standard.md,116,116,merge,EVALUATION-SUPPORT-005,,,
RULE-W8-002-152,SRC-W8-002,docs/W8-learn/01-customer-support-trust-ops-standard.md,116,116,merge,EVALUATION-SUPPORT-005,,,
RULE-W8-002-153,SRC-W8-002,docs/W8-learn/01-customer-support-trust-ops-standard.md,116,116,merge,EVALUATION-SUPPORT-005,,,
RULE-W8-002-154,SRC-W8-002,docs/W8-learn/01-customer-support-trust-ops-standard.md,136,136,merge,OPERATION-SUPPORT-013,,,
RULE-W8-002-155,SRC-W8-002,docs/W8-learn/01-customer-support-trust-ops-standard.md,136,136,merge,OPERATION-SUPPORT-013,,,
RULE-W8-002-156,SRC-W8-002,docs/W8-learn/01-customer-support-trust-ops-standard.md,148,148,merge,OPERATION-SUPPORT-014,,,
RULE-W8-002-157,SRC-W8-002,docs/W8-learn/01-customer-support-trust-ops-standard.md,149,149,merge,OPERATION-SUPPORT-013,,,
RULE-W8-002-158,SRC-W8-002,docs/W8-learn/01-customer-support-trust-ops-standard.md,175,175,rewrite,IMPL-SUPPORT-SERVER-TENANT-CHECK,,,
RULE-W8-002-159,SRC-W8-002,docs/W8-learn/01-customer-support-trust-ops-standard.md,149,149,rewrite,EVALUATION-AI-FEEDBACK-002,,,
RULE-W8-003-001,SRC-W8-003,docs/W8-learn/02-ai-quality-regression-incident-standard.md,3,3,merge,EVALUATION-AI-SCOPE-001,,,
RULE-W8-003-002,SRC-W8-003,docs/W8-learn/02-ai-quality-regression-incident-standard.md,7,7,merge,EVALUATION-AI-SCOPE-001,,,
RULE-W8-003-003,SRC-W8-003,docs/W8-learn/02-ai-quality-regression-incident-standard.md,7,7,merge,EVALUATION-AI-SCOPE-001,,,
RULE-W8-003-004,SRC-W8-003,docs/W8-learn/02-ai-quality-regression-incident-standard.md,9,9,merge,EVALUATION-AI-SCOPE-001,,,
RULE-W8-003-005,SRC-W8-003,docs/W8-learn/02-ai-quality-regression-incident-standard.md,15,15,rewrite,VERIFY-AI-EVAL-FIXTURE-W8-003-L015,,,
RULE-W8-003-006,SRC-W8-003,docs/W8-learn/02-ai-quality-regression-incident-standard.md,15,15,rewrite,EVALUATION-AI-RUNBOOK-001,,,
RULE-W8-003-007,SRC-W8-003,docs/W8-learn/02-ai-quality-regression-incident-standard.md,34,34,rewrite,IMPL-AI-CAPABILITY-SCOPE,,,
RULE-W8-003-008,SRC-W8-003,docs/W8-learn/02-ai-quality-regression-incident-standard.md,35,35,rewrite,VERIFY-AI-EVAL-FIXTURE-W8-003-L035,,,
RULE-W8-003-009,SRC-W8-003,docs/W8-learn/02-ai-quality-regression-incident-standard.md,36,36,rewrite,VERIFY-AI-EVAL-FIXTURE-W8-003-L036,,,
RULE-W8-003-010,SRC-W8-003,docs/W8-learn/02-ai-quality-regression-incident-standard.md,40,40,merge,VERIFY-EVIDENCE-W8-003-L040,,,
RULE-W8-003-011,SRC-W8-003,docs/W8-learn/02-ai-quality-regression-incident-standard.md,40,40,merge,VERIFY-EVIDENCE-W8-003-L040,,,
RULE-W8-003-012,SRC-W8-003,docs/W8-learn/02-ai-quality-regression-incident-standard.md,41,41,merge,VERIFY-AI-EVAL-FIXTURE-W8-003-L041,,,
RULE-W8-003-013,SRC-W8-003,docs/W8-learn/02-ai-quality-regression-incident-standard.md,41,41,merge,VERIFY-AI-EVAL-FIXTURE-W8-003-L041,,,
RULE-W8-003-014,SRC-W8-003,docs/W8-learn/02-ai-quality-regression-incident-standard.md,42,42,rewrite,EVALUATION-AI-SCOPE-002,,,
RULE-W8-003-015,SRC-W8-003,docs/W8-learn/02-ai-quality-regression-incident-standard.md,42,42,rewrite,TECH-220-LIVE-INCIDENT-RESPONSE-S01,,,
RULE-W8-003-016,SRC-W8-003,docs/W8-learn/02-ai-quality-regression-incident-standard.md,43,43,merge,EVALUATION-AI-SCOPE-006,,,
RULE-W8-003-017,SRC-W8-003,docs/W8-learn/02-ai-quality-regression-incident-standard.md,43,43,merge,EVALUATION-AI-SCOPE-006,,,
RULE-W8-003-018,SRC-W8-003,docs/W8-learn/02-ai-quality-regression-incident-standard.md,47,47,rewrite,IMPL-AI-CAPABILITY-FILENAME-CONSISTENCY,,,
RULE-W8-003-019,SRC-W8-003,docs/W8-learn/02-ai-quality-regression-incident-standard.md,51,51,merge,EVALUATION-AI-SIGNAL-001,,,
RULE-W8-003-020,SRC-W8-003,docs/W8-learn/02-ai-quality-regression-incident-standard.md,52,52,merge,OPERATION-AI-QUALITY-001,,,
RULE-W8-003-021,SRC-W8-003,docs/W8-learn/02-ai-quality-regression-incident-standard.md,53,53,merge,OPERATION-AI-QUALITY-006,,,
RULE-W8-003-022,SRC-W8-003,docs/W8-learn/02-ai-quality-regression-incident-standard.md,54,54,merge,OPERATION-AI-QUALITY-008,,,
RULE-W8-003-023,SRC-W8-003,docs/W8-learn/02-ai-quality-regression-incident-standard.md,55,55,merge,EVALUATION-AI-REVIEW-001,,,
RULE-W8-003-024,SRC-W8-003,docs/W8-learn/02-ai-quality-regression-incident-standard.md,62,62,merge,EVALUATION-AI-SIGNAL-001,,,
RULE-W8-003-025,SRC-W8-003,docs/W8-learn/02-ai-quality-regression-incident-standard.md,63,63,merge,EVALUATION-AI-SIGNAL-001,,,
RULE-W8-003-026,SRC-W8-003,docs/W8-learn/02-ai-quality-regression-incident-standard.md,64,64,merge,EVALUATION-AI-SIGNAL-001,,,
RULE-W8-003-027,SRC-W8-003,docs/W8-learn/02-ai-quality-regression-incident-standard.md,65,65,merge,EVALUATION-AI-SIGNAL-001,,,
RULE-W8-003-028,SRC-W8-003,docs/W8-learn/02-ai-quality-regression-incident-standard.md,66,66,merge,EVALUATION-AI-SIGNAL-001,,,
RULE-W8-003-029,SRC-W8-003,docs/W8-learn/02-ai-quality-regression-incident-standard.md,67,67,merge,EVALUATION-AI-SIGNAL-001,,,
RULE-W8-003-030,SRC-W8-003,docs/W8-learn/02-ai-quality-regression-incident-standard.md,68,68,merge,EVALUATION-AI-SIGNAL-001,,,
RULE-W8-003-031,SRC-W8-003,docs/W8-learn/02-ai-quality-regression-incident-standard.md,69,69,merge,EVALUATION-AI-SIGNAL-001,,,
RULE-W8-003-032,SRC-W8-003,docs/W8-learn/02-ai-quality-regression-incident-standard.md,70,70,merge,EVALUATION-AI-SIGNAL-001,,,
RULE-W8-003-033,SRC-W8-003,docs/W8-learn/02-ai-quality-regression-incident-standard.md,71,71,merge,EVALUATION-AI-SIGNAL-001,,,
RULE-W8-003-034,SRC-W8-003,docs/W8-learn/02-ai-quality-regression-incident-standard.md,72,72,merge,EVALUATION-AI-SIGNAL-001,,,
RULE-W8-003-035,SRC-W8-003,docs/W8-learn/02-ai-quality-regression-incident-standard.md,73,73,merge,EVALUATION-AI-SIGNAL-001,,,
RULE-W8-003-036,SRC-W8-003,docs/W8-learn/02-ai-quality-regression-incident-standard.md,74,74,merge,EVALUATION-AI-SIGNAL-001,,,
RULE-W8-003-037,SRC-W8-003,docs/W8-learn/02-ai-quality-regression-incident-standard.md,75,75,merge,EVALUATION-AI-SIGNAL-001,,,
RULE-W8-003-038,SRC-W8-003,docs/W8-learn/02-ai-quality-regression-incident-standard.md,76,76,merge,EVALUATION-AI-SIGNAL-001,,,
RULE-W8-003-039,SRC-W8-003,docs/W8-learn/02-ai-quality-regression-incident-standard.md,80,80,rewrite,EVALUATION-AI-SIGNAL-002,,,
RULE-W8-003-040,SRC-W8-003,docs/W8-learn/02-ai-quality-regression-incident-standard.md,81,81,merge,EVALUATION-AI-SIGNAL-003,,,
RULE-W8-003-041,SRC-W8-003,docs/W8-learn/02-ai-quality-regression-incident-standard.md,82,82,merge,EVALUATION-AI-SIGNAL-003,,,
RULE-W8-003-042,SRC-W8-003,docs/W8-learn/02-ai-quality-regression-incident-standard.md,83,83,rewrite,EVALUATION-AI-SIGNAL-004,,,
RULE-W8-003-043,SRC-W8-003,docs/W8-learn/02-ai-quality-regression-incident-standard.md,84,84,merge,EVALUATION-AI-SIGNAL-005,,,
RULE-W8-003-044,SRC-W8-003,docs/W8-learn/02-ai-quality-regression-incident-standard.md,84,84,merge,EVALUATION-AI-SIGNAL-005,,,
RULE-W8-003-045,SRC-W8-003,docs/W8-learn/02-ai-quality-regression-incident-standard.md,91,91,merge,OPERATION-AI-QUALITY-001,,,
RULE-W8-003-046,SRC-W8-003,docs/W8-learn/02-ai-quality-regression-incident-standard.md,93,93,merge,OPERATION-AI-QUALITY-001,,,
RULE-W8-003-047,SRC-W8-003,docs/W8-learn/02-ai-quality-regression-incident-standard.md,95,95,merge,OPERATION-AI-QUALITY-001,,,
RULE-W8-003-048,SRC-W8-003,docs/W8-learn/02-ai-quality-regression-incident-standard.md,97,97,merge,OPERATION-AI-QUALITY-001,,,
RULE-W8-003-049,SRC-W8-003,docs/W8-learn/02-ai-quality-regression-incident-standard.md,99,99,merge,OPERATION-AI-QUALITY-001,,,
RULE-W8-003-050,SRC-W8-003,docs/W8-learn/02-ai-quality-regression-incident-standard.md,101,101,merge,OPERATION-AI-QUALITY-001,,,
RULE-W8-003-051,SRC-W8-003,docs/W8-learn/02-ai-quality-regression-incident-standard.md,103,103,merge,OPERATION-AI-QUALITY-001,,,
RULE-W8-003-052,SRC-W8-003,docs/W8-learn/02-ai-quality-regression-incident-standard.md,105,105,merge,OPERATION-AI-QUALITY-001,,,
RULE-W8-003-053,SRC-W8-003,docs/W8-learn/02-ai-quality-regression-incident-standard.md,107,107,merge,OPERATION-AI-QUALITY-001,,,
RULE-W8-003-054,SRC-W8-003,docs/W8-learn/02-ai-quality-regression-incident-standard.md,109,109,merge,OPERATION-AI-QUALITY-001,,,
RULE-W8-003-055,SRC-W8-003,docs/W8-learn/02-ai-quality-regression-incident-standard.md,111,111,merge,OPERATION-AI-QUALITY-001,,,
RULE-W8-003-056,SRC-W8-003,docs/W8-learn/02-ai-quality-regression-incident-standard.md,113,113,merge,OPERATION-AI-QUALITY-001,,,
RULE-W8-003-057,SRC-W8-003,docs/W8-learn/02-ai-quality-regression-incident-standard.md,115,115,merge,OPERATION-AI-QUALITY-001,,,
RULE-W8-003-058,SRC-W8-003,docs/W8-learn/02-ai-quality-regression-incident-standard.md,120,120,merge,OPERATION-AI-QUALITY-001,,,
RULE-W8-003-059,SRC-W8-003,docs/W8-learn/02-ai-quality-regression-incident-standard.md,121,121,merge,OPERATION-AI-QUALITY-001,,,
RULE-W8-003-060,SRC-W8-003,docs/W8-learn/02-ai-quality-regression-incident-standard.md,122,122,merge,OPERATION-AI-QUALITY-001,,,
RULE-W8-003-061,SRC-W8-003,docs/W8-learn/02-ai-quality-regression-incident-standard.md,126,126,merge,OPERATION-AI-QUALITY-003,,,
RULE-W8-003-062,SRC-W8-003,docs/W8-learn/02-ai-quality-regression-incident-standard.md,127,127,merge,OPERATION-AI-QUALITY-004,,,
RULE-W8-003-063,SRC-W8-003,docs/W8-learn/02-ai-quality-regression-incident-standard.md,128,128,merge,OPERATION-AI-QUALITY-003,,,
RULE-W8-003-064,SRC-W8-003,docs/W8-learn/02-ai-quality-regression-incident-standard.md,128,128,merge,OPERATION-AI-QUALITY-003,,,
RULE-W8-003-065,SRC-W8-003,docs/W8-learn/02-ai-quality-regression-incident-standard.md,129,129,rewrite,OPERATION-AI-QUALITY-005,,,
RULE-W8-003-066,SRC-W8-003,docs/W8-learn/02-ai-quality-regression-incident-standard.md,130,130,rewrite,VERIFY-AI-QUALITY-EVAL-FOLLOWUP,,,
RULE-W8-003-067,SRC-W8-003,docs/W8-learn/02-ai-quality-regression-incident-standard.md,137,137,merge,OPERATION-AI-QUALITY-006,,,
RULE-W8-003-068,SRC-W8-003,docs/W8-learn/02-ai-quality-regression-incident-standard.md,139,139,merge,OPERATION-AI-QUALITY-006,,,
RULE-W8-003-069,SRC-W8-003,docs/W8-learn/02-ai-quality-regression-incident-standard.md,141,141,merge,OPERATION-AI-QUALITY-006,,,
RULE-W8-003-070,SRC-W8-003,docs/W8-learn/02-ai-quality-regression-incident-standard.md,143,143,merge,OPERATION-AI-QUALITY-006,,,
RULE-W8-003-071,SRC-W8-003,docs/W8-learn/02-ai-quality-regression-incident-standard.md,145,145,merge,OPERATION-AI-QUALITY-006,,,
RULE-W8-003-072,SRC-W8-003,docs/W8-learn/02-ai-quality-regression-incident-standard.md,147,147,merge,OPERATION-AI-QUALITY-006,,,
RULE-W8-003-073,SRC-W8-003,docs/W8-learn/02-ai-quality-regression-incident-standard.md,149,149,merge,OPERATION-AI-QUALITY-006,,,
RULE-W8-003-074,SRC-W8-003,docs/W8-learn/02-ai-quality-regression-incident-standard.md,151,151,merge,OPERATION-AI-QUALITY-006,,,
RULE-W8-003-075,SRC-W8-003,docs/W8-learn/02-ai-quality-regression-incident-standard.md,153,153,merge,OPERATION-AI-QUALITY-006,,,
RULE-W8-003-076,SRC-W8-003,docs/W8-learn/02-ai-quality-regression-incident-standard.md,155,155,merge,OPERATION-AI-QUALITY-006,,,
RULE-W8-003-077,SRC-W8-003,docs/W8-learn/02-ai-quality-regression-incident-standard.md,157,157,merge,OPERATION-AI-QUALITY-006,,,
RULE-W8-003-078,SRC-W8-003,docs/W8-learn/02-ai-quality-regression-incident-standard.md,159,159,merge,OPERATION-AI-QUALITY-006,,,
RULE-W8-003-079,SRC-W8-003,docs/W8-learn/02-ai-quality-regression-incident-standard.md,161,161,merge,OPERATION-AI-QUALITY-006,,,
RULE-W8-003-080,SRC-W8-003,docs/W8-learn/02-ai-quality-regression-incident-standard.md,166,166,merge,OPERATION-AI-QUALITY-007,,,
RULE-W8-003-081,SRC-W8-003,docs/W8-learn/02-ai-quality-regression-incident-standard.md,167,167,merge,OPERATION-AI-QUALITY-007,,,
RULE-W8-003-082,SRC-W8-003,docs/W8-learn/02-ai-quality-regression-incident-standard.md,167,167,merge,OPERATION-AI-QUALITY-007,,,
RULE-W8-003-083,SRC-W8-003,docs/W8-learn/02-ai-quality-regression-incident-standard.md,168,168,merge,OPERATION-AI-QUALITY-007,,,
RULE-W8-003-084,SRC-W8-003,docs/W8-learn/02-ai-quality-regression-incident-standard.md,168,168,merge,OPERATION-AI-QUALITY-007,,,
RULE-W8-003-085,SRC-W8-003,docs/W8-learn/02-ai-quality-regression-incident-standard.md,169,169,merge,OPERATION-AI-QUALITY-007,,,
RULE-W8-003-086,SRC-W8-003,docs/W8-learn/02-ai-quality-regression-incident-standard.md,175,175,merge,OPERATION-AI-QUALITY-008,,,
RULE-W8-003-087,SRC-W8-003,docs/W8-learn/02-ai-quality-regression-incident-standard.md,176,176,merge,OPERATION-AI-QUALITY-008,,,
RULE-W8-003-088,SRC-W8-003,docs/W8-learn/02-ai-quality-regression-incident-standard.md,177,177,merge,OPERATION-AI-QUALITY-008,,,
RULE-W8-003-089,SRC-W8-003,docs/W8-learn/02-ai-quality-regression-incident-standard.md,178,178,merge,OPERATION-AI-QUALITY-008,,,
RULE-W8-003-090,SRC-W8-003,docs/W8-learn/02-ai-quality-regression-incident-standard.md,179,179,merge,OPERATION-AI-QUALITY-008,,,
RULE-W8-003-091,SRC-W8-003,docs/W8-learn/02-ai-quality-regression-incident-standard.md,180,180,merge,OPERATION-AI-QUALITY-008,,,
RULE-W8-003-092,SRC-W8-003,docs/W8-learn/02-ai-quality-regression-incident-standard.md,181,181,merge,OPERATION-AI-QUALITY-008,,,
RULE-W8-003-093,SRC-W8-003,docs/W8-learn/02-ai-quality-regression-incident-standard.md,185,185,merge,OPERATION-AI-QUALITY-008,,,
RULE-W8-003-094,SRC-W8-003,docs/W8-learn/02-ai-quality-regression-incident-standard.md,186,186,merge,OPERATION-AI-QUALITY-008,,,
RULE-W8-003-095,SRC-W8-003,docs/W8-learn/02-ai-quality-regression-incident-standard.md,187,187,merge,OPERATION-AI-QUALITY-008,,,
RULE-W8-003-096,SRC-W8-003,docs/W8-learn/02-ai-quality-regression-incident-standard.md,188,188,merge,OPERATION-AI-QUALITY-008,,,
RULE-W8-003-097,SRC-W8-003,docs/W8-learn/02-ai-quality-regression-incident-standard.md,189,189,merge,OPERATION-AI-QUALITY-008,,,
RULE-W8-003-098,SRC-W8-003,docs/W8-learn/02-ai-quality-regression-incident-standard.md,190,190,merge,OPERATION-AI-QUALITY-008,,,
RULE-W8-003-099,SRC-W8-003,docs/W8-learn/02-ai-quality-regression-incident-standard.md,191,191,merge,OPERATION-AI-QUALITY-008,,,
RULE-W8-003-100,SRC-W8-003,docs/W8-learn/02-ai-quality-regression-incident-standard.md,192,192,merge,OPERATION-AI-QUALITY-008,,,
RULE-W8-003-101,SRC-W8-003,docs/W8-learn/02-ai-quality-regression-incident-standard.md,193,193,merge,OPERATION-AI-QUALITY-008,,,
RULE-W8-003-102,SRC-W8-003,docs/W8-learn/02-ai-quality-regression-incident-standard.md,194,194,merge,OPERATION-AI-QUALITY-008,,,
RULE-W8-003-103,SRC-W8-003,docs/W8-learn/02-ai-quality-regression-incident-standard.md,195,195,merge,OPERATION-AI-QUALITY-008,,,
RULE-W8-003-104,SRC-W8-003,docs/W8-learn/02-ai-quality-regression-incident-standard.md,196,196,merge,OPERATION-AI-QUALITY-008,,,
RULE-W8-003-105,SRC-W8-003,docs/W8-learn/02-ai-quality-regression-incident-standard.md,197,197,merge,OPERATION-AI-QUALITY-008,,,
RULE-W8-003-106,SRC-W8-003,docs/W8-learn/02-ai-quality-regression-incident-standard.md,201,201,merge,OPERATION-AI-QUALITY-008,,,
RULE-W8-003-107,SRC-W8-003,docs/W8-learn/02-ai-quality-regression-incident-standard.md,202,202,merge,OPERATION-AI-QUALITY-009,,,
RULE-W8-003-108,SRC-W8-003,docs/W8-learn/02-ai-quality-regression-incident-standard.md,202,202,merge,OPERATION-AI-QUALITY-009,,,
RULE-W8-003-109,SRC-W8-003,docs/W8-learn/02-ai-quality-regression-incident-standard.md,202,202,merge,OPERATION-AI-QUALITY-009,,,
RULE-W8-003-110,SRC-W8-003,docs/W8-learn/02-ai-quality-regression-incident-standard.md,202,202,merge,OPERATION-AI-QUALITY-009,,,
RULE-W8-003-111,SRC-W8-003,docs/W8-learn/02-ai-quality-regression-incident-standard.md,202,202,merge,OPERATION-AI-QUALITY-009,,,
RULE-W8-003-112,SRC-W8-003,docs/W8-learn/02-ai-quality-regression-incident-standard.md,203,203,merge,OPERATION-AI-QUALITY-009,,,
RULE-W8-003-113,SRC-W8-003,docs/W8-learn/02-ai-quality-regression-incident-standard.md,210,210,merge,EVALUATION-AI-REVIEW-001,,,
RULE-W8-003-114,SRC-W8-003,docs/W8-learn/02-ai-quality-regression-incident-standard.md,212,212,merge,EVALUATION-AI-REVIEW-001,,,
RULE-W8-003-115,SRC-W8-003,docs/W8-learn/02-ai-quality-regression-incident-standard.md,214,214,merge,EVALUATION-AI-REVIEW-001,,,
RULE-W8-003-116,SRC-W8-003,docs/W8-learn/02-ai-quality-regression-incident-standard.md,216,216,merge,EVALUATION-AI-REVIEW-001,,,
RULE-W8-003-117,SRC-W8-003,docs/W8-learn/02-ai-quality-regression-incident-standard.md,218,218,merge,EVALUATION-AI-REVIEW-001,,,
RULE-W8-003-118,SRC-W8-003,docs/W8-learn/02-ai-quality-regression-incident-standard.md,220,220,merge,EVALUATION-AI-REVIEW-001,,,
RULE-W8-003-119,SRC-W8-003,docs/W8-learn/02-ai-quality-regression-incident-standard.md,222,222,merge,EVALUATION-AI-REVIEW-001,,,
RULE-W8-003-120,SRC-W8-003,docs/W8-learn/02-ai-quality-regression-incident-standard.md,224,224,merge,EVALUATION-AI-REVIEW-001,,,
RULE-W8-003-121,SRC-W8-003,docs/W8-learn/02-ai-quality-regression-incident-standard.md,226,226,merge,EVALUATION-AI-REVIEW-001,,,
RULE-W8-003-122,SRC-W8-003,docs/W8-learn/02-ai-quality-regression-incident-standard.md,228,228,merge,EVALUATION-AI-REVIEW-001,,,
RULE-W8-003-123,SRC-W8-003,docs/W8-learn/02-ai-quality-regression-incident-standard.md,230,230,merge,EVALUATION-AI-REVIEW-001,,,
RULE-W8-003-124,SRC-W8-003,docs/W8-learn/02-ai-quality-regression-incident-standard.md,235,235,merge,EVALUATION-AI-REVIEW-002,,,
RULE-W8-003-125,SRC-W8-003,docs/W8-learn/02-ai-quality-regression-incident-standard.md,235,235,merge,EVALUATION-AI-REVIEW-002,,,
RULE-W8-003-126,SRC-W8-003,docs/W8-learn/02-ai-quality-regression-incident-standard.md,236,236,merge,EVALUATION-AI-REVIEW-003,,,
RULE-W8-003-127,SRC-W8-003,docs/W8-learn/02-ai-quality-regression-incident-standard.md,237,237,merge,EVALUATION-AI-REVIEW-003,,,
RULE-W8-003-128,SRC-W8-003,docs/W8-learn/02-ai-quality-regression-incident-standard.md,237,237,merge,EVALUATION-AI-REVIEW-003,,,
RULE-W8-003-129,SRC-W8-003,docs/W8-learn/02-ai-quality-regression-incident-standard.md,241,241,merge,IMPL-AI-QUALITY-USECASE,,,
RULE-W8-003-130,SRC-W8-003,docs/W8-learn/02-ai-quality-regression-incident-standard.md,242,242,rewrite,TECH-102-AI-QUALITY-ERROR-CATEGORIES,,,
RULE-W8-003-131,SRC-W8-003,docs/W8-learn/02-ai-quality-regression-incident-standard.md,243,243,rewrite,TECH-037-AI-QUALITY-TELEMETRY-CONTRACT-S01,,,
RULE-W8-003-132,SRC-W8-003,docs/W8-learn/02-ai-quality-regression-incident-standard.md,243,243,merge,TECH-037-AI-QUALITY-TELEMETRY-CONTRACT-S01,,,
RULE-W8-003-133,SRC-W8-003,docs/W8-learn/02-ai-quality-regression-incident-standard.md,243,243,merge,TECH-037-AI-QUALITY-TELEMETRY-CONTRACT-S01,,,
RULE-W8-003-134,SRC-W8-003,docs/W8-learn/02-ai-quality-regression-incident-standard.md,243,243,merge,TECH-037-AI-QUALITY-TELEMETRY-CONTRACT-S01,,,
RULE-W8-003-135,SRC-W8-003,docs/W8-learn/02-ai-quality-regression-incident-standard.md,243,243,merge,TECH-037-AI-QUALITY-TELEMETRY-CONTRACT-S01,,,
RULE-W8-003-136,SRC-W8-003,docs/W8-learn/02-ai-quality-regression-incident-standard.md,243,243,merge,TECH-037-AI-QUALITY-TELEMETRY-CONTRACT-S01,,,
RULE-W8-003-137,SRC-W8-003,docs/W8-learn/02-ai-quality-regression-incident-standard.md,243,243,merge,TECH-037-AI-QUALITY-TELEMETRY-CONTRACT-S01,,,
RULE-W8-003-138,SRC-W8-003,docs/W8-learn/02-ai-quality-regression-incident-standard.md,243,243,merge,TECH-037-AI-QUALITY-TELEMETRY-CONTRACT-S01,,,
RULE-W8-003-139,SRC-W8-003,docs/W8-learn/02-ai-quality-regression-incident-standard.md,243,243,merge,TECH-037-AI-QUALITY-TELEMETRY-CONTRACT-S01,,,
RULE-W8-003-140,SRC-W8-003,docs/W8-learn/02-ai-quality-regression-incident-standard.md,244,244,rewrite,TECH-187-DATABASE-TABLE-SCHEMA-S01,,,
RULE-W8-003-141,SRC-W8-003,docs/W8-learn/02-ai-quality-regression-incident-standard.md,244,244,rewrite,EVALUATION-AI-STORAGE-001,,,
RULE-W8-003-142,SRC-W8-003,docs/W8-learn/02-ai-quality-regression-incident-standard.md,245,245,rewrite,EVALUATION-AI-ROLLBACK-001,,,
RULE-W8-003-143,SRC-W8-003,docs/W8-learn/02-ai-quality-regression-incident-standard.md,249,249,merge,EXPERIENCE-AI-DEGRADATION,,,
RULE-W8-003-144,SRC-W8-003,docs/W8-learn/02-ai-quality-regression-incident-standard.md,250,250,rewrite,EXPERIENCE-INTERNAL-ERROR-CONFIDENTIALITY,,,
RULE-W8-003-145,SRC-W8-003,docs/W8-learn/02-ai-quality-regression-incident-standard.md,251,251,rewrite,EXPERIENCE-SUPPORT-TRACEABILITY,,,
RULE-W8-003-146,SRC-W8-003,docs/W8-learn/02-ai-quality-regression-incident-standard.md,251,251,merge,EXPERIENCE-SENSITIVE-SUPPORT-INPUT,,,
RULE-W8-003-147,SRC-W8-003,docs/W8-learn/02-ai-quality-regression-incident-standard.md,252,252,merge,EXPERIENCE-AI-INCIDENT-NOTICE,,,
RULE-W8-003-148,SRC-W8-003,docs/W8-learn/02-ai-quality-regression-incident-standard.md,256,256,merge,VERIFY-AI-EVAL-FIXTURE-W8-003-L256,,,
RULE-W8-003-149,SRC-W8-003,docs/W8-learn/02-ai-quality-regression-incident-standard.md,256,256,merge,VERIFY-AI-EVAL-FIXTURE-W8-003-L256,,,
RULE-W8-003-150,SRC-W8-003,docs/W8-learn/02-ai-quality-regression-incident-standard.md,256,256,merge,VERIFY-AI-EVAL-FIXTURE-W8-003-L256,,,
RULE-W8-003-151,SRC-W8-003,docs/W8-learn/02-ai-quality-regression-incident-standard.md,257,257,merge,VERIFY-RAG-QUALITY-REGRESSION-CHECKS,,,
RULE-W8-003-152,SRC-W8-003,docs/W8-learn/02-ai-quality-regression-incident-standard.md,257,257,merge,VERIFY-RAG-QUALITY-REGRESSION-CHECKS,,,
RULE-W8-003-153,SRC-W8-003,docs/W8-learn/02-ai-quality-regression-incident-standard.md,257,257,merge,VERIFY-RAG-QUALITY-REGRESSION-CHECKS,,,
RULE-W8-003-154,SRC-W8-003,docs/W8-learn/02-ai-quality-regression-incident-standard.md,257,257,merge,VERIFY-RAG-QUALITY-REGRESSION-CHECKS,,,
RULE-W8-003-155,SRC-W8-003,docs/W8-learn/02-ai-quality-regression-incident-standard.md,257,257,merge,VERIFY-RAG-QUALITY-REGRESSION-CHECKS,,,
RULE-W8-003-156,SRC-W8-003,docs/W8-learn/02-ai-quality-regression-incident-standard.md,257,257,merge,VERIFY-RAG-QUALITY-REGRESSION-CHECKS,,,
RULE-W8-003-157,SRC-W8-003,docs/W8-learn/02-ai-quality-regression-incident-standard.md,258,258,merge,VERIFY-AGENT-QUALITY-REGRESSION-CHECKS,,,
RULE-W8-003-158,SRC-W8-003,docs/W8-learn/02-ai-quality-regression-incident-standard.md,258,258,merge,VERIFY-AGENT-QUALITY-REGRESSION-CHECKS,,,
RULE-W8-003-159,SRC-W8-003,docs/W8-learn/02-ai-quality-regression-incident-standard.md,258,258,merge,VERIFY-AGENT-QUALITY-REGRESSION-CHECKS,,,
RULE-W8-003-160,SRC-W8-003,docs/W8-learn/02-ai-quality-regression-incident-standard.md,258,258,merge,VERIFY-AGENT-QUALITY-REGRESSION-CHECKS,,,
RULE-W8-003-161,SRC-W8-003,docs/W8-learn/02-ai-quality-regression-incident-standard.md,258,258,merge,VERIFY-AGENT-QUALITY-REGRESSION-CHECKS,,,
RULE-W8-003-162,SRC-W8-003,docs/W8-learn/02-ai-quality-regression-incident-standard.md,258,258,merge,VERIFY-AGENT-QUALITY-REGRESSION-CHECKS,,,
RULE-W8-003-163,SRC-W8-003,docs/W8-learn/02-ai-quality-regression-incident-standard.md,258,258,merge,VERIFY-AGENT-QUALITY-REGRESSION-CHECKS,,,
RULE-W8-003-164,SRC-W8-003,docs/W8-learn/02-ai-quality-regression-incident-standard.md,259,259,rewrite,VERIFY-LIVE-INCIDENT-RESPONSE-FP-W8-003-L259,,,
RULE-W8-003-165,SRC-W8-003,docs/W8-learn/02-ai-quality-regression-incident-standard.md,265,265,rewrite,VERIFY-AI-EVAL-FIXTURE-W8-003-L265,,,
RULE-W8-003-166,SRC-W8-003,docs/W8-learn/02-ai-quality-regression-incident-standard.md,269,269,merge,EVALUATION-HUMAN-003,,,
RULE-W8-003-167,SRC-W8-003,docs/W8-learn/02-ai-quality-regression-incident-standard.md,270,270,split,RELEASE-WATCH-003;RELEASE-WATCH-004,,,
RULE-W8-003-168,SRC-W8-003,docs/W8-learn/02-ai-quality-regression-incident-standard.md,271,271,merge,EVALUATION-HUMAN-002,,,
RULE-W8-003-169,SRC-W8-003,docs/W8-learn/02-ai-quality-regression-incident-standard.md,272,272,rewrite,VERIFY-AI-EVAL-FIXTURE-W8-003-L272,,,
RULE-W8-003-170,SRC-W8-003,docs/W8-learn/02-ai-quality-regression-incident-standard.md,273,273,rewrite,VERIFY-LIVE-INCIDENT-RESPONSE-FP-W8-003-L273,,,
RULE-W8-003-171,SRC-W8-003,docs/W8-learn/02-ai-quality-regression-incident-standard.md,274,274,rewrite,VERIFY-AI-EVAL-FIXTURE-W8-003-L274,,,
RULE-W8-003-172,SRC-W8-003,docs/W8-learn/02-ai-quality-regression-incident-standard.md,183,183,merge,OPERATION-AI-QUALITY-008,,,
RULE-W8-003-173,SRC-W8-003,docs/W8-learn/02-ai-quality-regression-incident-standard.md,127,127,merge,OPERATION-AI-QUALITY-004,,,
RULE-W8-003-174,SRC-W8-003,docs/W8-learn/02-ai-quality-regression-incident-standard.md,127,127,merge,OPERATION-AI-QUALITY-004,,,
RULE-W8-003-175,SRC-W8-003,docs/W8-learn/02-ai-quality-regression-incident-standard.md,127,127,merge,OPERATION-AI-QUALITY-004,,,
RULE-W8-003-176,SRC-W8-003,docs/W8-learn/02-ai-quality-regression-incident-standard.md,127,127,merge,OPERATION-AI-QUALITY-004,,,
RULE-W8-003-177,SRC-W8-003,docs/W8-learn/02-ai-quality-regression-incident-standard.md,127,127,merge,OPERATION-AI-QUALITY-004,,,
RULE-W8-003-178,SRC-W8-003,docs/W8-learn/02-ai-quality-regression-incident-standard.md,127,127,merge,OPERATION-AI-QUALITY-004,,,
RULE-W8-003-179,SRC-W8-003,docs/W8-learn/02-ai-quality-regression-incident-standard.md,127,127,merge,OPERATION-AI-QUALITY-004,,,
RULE-W8-003-180,SRC-W8-003,docs/W8-learn/02-ai-quality-regression-incident-standard.md,127,127,merge,OPERATION-AI-QUALITY-004,,,
RULE-W8-003-181,SRC-W8-003,docs/W8-learn/02-ai-quality-regression-incident-standard.md,126,126,merge,OPERATION-AI-QUALITY-003,,,
RULE-W8-003-182,SRC-W8-003,docs/W8-learn/02-ai-quality-regression-incident-standard.md,126,126,merge,OPERATION-AI-QUALITY-003,,,
RULE-W8-003-183,SRC-W8-003,docs/W8-learn/02-ai-quality-regression-incident-standard.md,241,241,merge,IMPL-AI-QUALITY-USECASE,,,
RULE-W8-003-184,SRC-W8-003,docs/W8-learn/02-ai-quality-regression-incident-standard.md,241,241,merge,IMPL-AI-QUALITY-USECASE,,,
RULE-W8-003-185,SRC-W8-003,docs/W8-learn/02-ai-quality-regression-incident-standard.md,241,241,merge,IMPL-AI-QUALITY-USECASE,,,
RULE-W8-003-186,SRC-W8-003,docs/W8-learn/02-ai-quality-regression-incident-standard.md,252,252,merge,EXPERIENCE-AI-INCIDENT-NOTICE,,,
RULE-W8-003-187,SRC-W8-003,docs/W8-learn/02-ai-quality-regression-incident-standard.md,252,252,merge,EXPERIENCE-AI-INCIDENT-NOTICE,,,
RULE-W8-003-188,SRC-W8-003,docs/W8-learn/02-ai-quality-regression-incident-standard.md,201,201,rewrite,TECH-220-LIVE-INCIDENT-RESPONSE-S02,,,
RULE-W8-003-189,SRC-W8-003,docs/W8-learn/02-ai-quality-regression-incident-standard.md,120,120,merge,OPERATION-AI-QUALITY-002,,,
RULE-W8-003-190,SRC-W8-003,docs/W8-learn/02-ai-quality-regression-incident-standard.md,120,120,merge,OPERATION-AI-QUALITY-002,,,
RULE-W8-003-191,SRC-W8-003,docs/W8-learn/02-ai-quality-regression-incident-standard.md,120,120,merge,OPERATION-AI-QUALITY-002,,,
RULE-W8-003-192,SRC-W8-003,docs/W8-learn/02-ai-quality-regression-incident-standard.md,121,121,merge,OPERATION-AI-QUALITY-002,,,
RULE-W8-003-193,SRC-W8-003,docs/W8-learn/02-ai-quality-regression-incident-standard.md,121,121,merge,OPERATION-AI-QUALITY-002,,,
RULE-W8-003-194,SRC-W8-003,docs/W8-learn/02-ai-quality-regression-incident-standard.md,122,122,merge,OPERATION-AI-QUALITY-002,,,
RULE-W8-003-195,SRC-W8-003,docs/W8-learn/02-ai-quality-regression-incident-standard.md,122,122,merge,OPERATION-AI-QUALITY-002,,,
RULE-W8-003-196,SRC-W8-003,docs/W8-learn/02-ai-quality-regression-incident-standard.md,122,122,rewrite,VERIFY-AI-QUALITY-REGRESSION-CASE,,,
RULE-W9-001-001,SRC-W9-001,docs/W9-maintain/00-main.md,3,3,merge,EVALUATION-SCOPE-002,,,
RULE-W9-001-002,SRC-W9-001,docs/W9-maintain/00-main.md,7,7,merge,EVALUATION-SCOPE-002,,,
RULE-W9-001-003,SRC-W9-001,docs/W9-maintain/00-main.md,7,7,merge,EVALUATION-SCOPE-002,,,
RULE-W9-001-004,SRC-W9-001,docs/W9-maintain/00-main.md,11,11,merge,EVALUATION-SCOPE-002,,,
RULE-W9-001-005,SRC-W9-001,docs/W9-maintain/00-main.md,11,11,merge,EVALUATION-SCOPE-002,,,
RULE-W9-001-006,SRC-W9-001,docs/W9-maintain/00-main.md,11,11,merge,PLAN-RECOVERABLE-CONTEXT-CONTENTS,,,
RULE-W9-001-007,SRC-W9-001,docs/W9-maintain/00-main.md,17,17,merge,EVALUATION-KNOWLEDGE-SCOPE-004,,,
RULE-W9-001-008,SRC-W9-001,docs/W9-maintain/00-main.md,18,18,merge,EVALUATION-MAINT-SCOPE-005,,,
RULE-W9-001-009,SRC-W9-001,docs/W9-maintain/00-main.md,19,19,merge,EVALUATION-EVIDENCE-001,,,
RULE-W9-001-010,SRC-W9-001,docs/W9-maintain/00-main.md,20,20,merge,EVALUATION-OSS-001,,,
RULE-W9-001-011,SRC-W9-001,docs/W9-maintain/00-main.md,21,21,rewrite,IMPL-MAINTENANCE-EVIDENCE-CLOSEOUT,,,
RULE-W9-001-012,SRC-W9-001,docs/W9-maintain/00-main.md,25,25,merge,EVALUATION-ROUTE-003,,,
RULE-W9-001-013,SRC-W9-001,docs/W9-maintain/00-main.md,26,26,merge,IMPL-MAINTENANCE-WORK-ROUTING,,,
RULE-W9-001-014,SRC-W9-001,docs/W9-maintain/00-main.md,27,27,merge,EVALUATION-ROUTE-003,,,
RULE-W9-001-015,SRC-W9-001,docs/W9-maintain/00-main.md,28,28,merge,EVALUATION-ROUTE-003,,,
RULE-W9-001-016,SRC-W9-001,docs/W9-maintain/00-main.md,29,29,merge,IMPL-MAINTENANCE-WORK-ROUTING,,,
RULE-W9-001-017,SRC-W9-001,docs/W9-maintain/00-main.md,33,33,merge,EVALUATION-OUTPUT-002,,,
RULE-W9-001-018,SRC-W9-001,docs/W9-maintain/00-main.md,35,35,merge,EVALUATION-OUTPUT-002,,,
RULE-W9-001-019,SRC-W9-001,docs/W9-maintain/00-main.md,36,36,merge,PLAN-RECOVERABLE-CONTEXT-CONTENTS,,,
RULE-W9-001-020,SRC-W9-001,docs/W9-maintain/00-main.md,37,37,rewrite,IMPL-MAINTENANCE-FACTS,,,
RULE-W9-001-021,SRC-W9-001,docs/W9-maintain/00-main.md,38,38,rewrite,IMPL-MAINTENANCE-EVIDENCE-INDEX,,,
RULE-W9-001-022,SRC-W9-001,docs/W9-maintain/00-main.md,39,39,merge,EVALUATION-OSS-001,,,
RULE-W9-001-023,SRC-W9-001,docs/W9-maintain/00-main.md,45,45,merge,EVALUATION-HUMAN-008,,,
RULE-W9-001-024,SRC-W9-001,docs/W9-maintain/00-main.md,47,47,merge,EVALUATION-HUMAN-005,,,
RULE-W9-001-025,SRC-W9-001,docs/W9-maintain/00-main.md,49,49,merge,EVALUATION-HUMAN-007,,,
RULE-W9-001-026,SRC-W9-001,docs/W9-maintain/00-main.md,50,50,rewrite,VERIFY-EVIDENCE-W9-001-L050,,,
RULE-W9-001-027,SRC-W9-001,docs/W9-maintain/00-main.md,51,51,rewrite,VERIFY-EVIDENCE-W9-001-L051,,,
RULE-W9-001-028,SRC-W9-001,docs/W9-maintain/00-main.md,52,52,rewrite,VERIFY-EVIDENCE-W9-001-L052,,,
RULE-W9-001-029,SRC-W9-001,docs/W9-maintain/00-main.md,53,53,merge,EVALUATION-HUMAN-005,,,
RULE-W9-001-030,SRC-W9-001,docs/W9-maintain/00-main.md,54,54,merge,EVALUATION-HUMAN-005,,,
RULE-W9-001-031,SRC-W9-001,docs/W9-maintain/00-main.md,58,58,merge,EVALUATION-SCOPE-002,,,
RULE-W9-001-032,SRC-W9-001,docs/W9-maintain/00-main.md,60,60,merge,EVALUATION-KNOWLEDGE-SCOPE-004,,,
RULE-W9-001-033,SRC-W9-001,docs/W9-maintain/00-main.md,61,61,merge,IMPL-DEPENDENCY-SPECIALTY-ROUTE,,,
RULE-W9-001-034,SRC-W9-001,docs/W9-maintain/00-main.md,63,63,merge,EVALUATION-SCOPE-002,,,
RULE-W9-001-035,SRC-W9-001,docs/W9-maintain/00-main.md,65,65,rewrite,VERIFY-EVIDENCE-W9-001-L065,,,
RULE-W9-001-036,SRC-W9-001,docs/W9-maintain/00-main.md,65,65,merge,EVALUATION-EVIDENCE-001,,,
RULE-W9-001-037,SRC-W9-001,docs/W9-maintain/00-main.md,66,66,merge,EVALUATION-OSS-001,,,
RULE-W9-001-038,SRC-W9-001,docs/W9-maintain/00-main.md,66,66,merge,RELEASE-PIPELINE-002,,,
RULE-W9-001-039,SRC-W9-001,docs/W9-maintain/00-main.md,70,70,merge,EVALUATION-ROUTE-003,,,
RULE-W9-001-040,SRC-W9-001,docs/W9-maintain/00-main.md,71,71,merge,EVALUATION-ROUTE-003,,,
RULE-W9-001-041,SRC-W9-001,docs/W9-maintain/00-main.md,72,72,rewrite,VERIFY-EVIDENCE-W9-001-L072,,,
RULE-W9-001-042,SRC-W9-001,docs/W9-maintain/00-main.md,73,73,merge,IMPL-AI-GAP-RETURN-BEHAVIOR-DESIGN,,,
RULE-W9-001-043,SRC-W9-001,docs/W9-maintain/00-main.md,74,74,merge,IMPL-DEPENDENCY-SPECIALTY-ROUTE,,,
RULE-W9-001-044,SRC-W9-001,docs/W9-maintain/00-main.md,75,75,rewrite,VERIFY-EVIDENCE-W9-001-L075,,,
RULE-W9-001-045,SRC-W9-001,docs/W9-maintain/00-main.md,76,76,rewrite,VERIFY-EVIDENCE-W9-001-L076,,,
RULE-W9-001-046,SRC-W9-001,docs/W9-maintain/00-main.md,77,77,merge,EVALUATION-ROUTE-003,,,
RULE-W9-001-048,SRC-W9-001,docs/W9-maintain/00-main.md,83,83,merge,EVALUATION-W9-EXIT-001,,,
RULE-W9-001-049,SRC-W9-001,docs/W9-maintain/00-main.md,84,84,merge,EVALUATION-W9-EXIT-001,,,
RULE-W9-001-050,SRC-W9-001,docs/W9-maintain/00-main.md,85,85,rewrite,IMPL-MAINTENANCE-NEXT-REVIEW-QUESTION,,,
RULE-W9-001-051,SRC-W9-001,docs/W9-maintain/00-main.md,86,86,merge,EVALUATION-W9-EXIT-001,,,
RULE-W9-001-052,SRC-W9-001,docs/W9-maintain/00-main.md,90,90,merge,EVALUATION-W9-EXIT-002,,,
RULE-W9-001-053,SRC-W9-001,docs/W9-maintain/00-main.md,91,91,merge,EVALUATION-W9-EXIT-002,,,
RULE-W9-001-054,SRC-W9-001,docs/W9-maintain/00-main.md,92,92,merge,EVALUATION-W9-EXIT-002,,,
RULE-W9-001-055,SRC-W9-001,docs/W9-maintain/00-main.md,93,93,merge,EVALUATION-W9-EXIT-002,,,
RULE-W9-001-056,SRC-W9-001,docs/W9-maintain/00-main.md,94,94,merge,EVALUATION-W9-EXIT-002,,,
RULE-W9-001-057,SRC-W9-001,docs/W9-maintain/00-main.md,98,98,merge,VERIFY-WORKFLOW-SINGLE-MAIN-ENTRY,,,
RULE-W9-001-058,SRC-W9-001,docs/W9-maintain/00-main.md,99,99,merge,VERIFY-WORKFLOW-SPECIALTY-TRIGGERED,,,
RULE-W9-001-059,SRC-W9-001,docs/W9-maintain/00-main.md,100,100,merge,VERIFY-WORKFLOW-NAVIGATION-CONSISTENCY,,,
RULE-W9-001-060,SRC-W9-001,docs/W9-maintain/00-main.md,101,101,merge,VERIFY-WORKFLOW-LEGACY-WRAPPER-ABSENCE,,,
RULE-W9-001-061,SRC-W9-001,docs/W9-maintain/00-main.md,102,102,merge,VERIFY-WORKFLOW-INDEX-COMMAND,,,
RULE-W9-002-001,SRC-W9-002,docs/W9-maintain/01-knowledge-context-recovery-standard.md,3,3,merge,EVALUATION-KNOWLEDGE-SCOPE-004,,,
RULE-W9-002-002,SRC-W9-002,docs/W9-maintain/01-knowledge-context-recovery-standard.md,7,7,merge,EVALUATION-KNOWLEDGE-SCOPE-004,,,
RULE-W9-002-003,SRC-W9-002,docs/W9-maintain/01-knowledge-context-recovery-standard.md,7,7,merge,EVALUATION-KNOWLEDGE-SCOPE-004,,,
RULE-W9-002-004,SRC-W9-002,docs/W9-maintain/01-knowledge-context-recovery-standard.md,9,9,merge,EVALUATION-KNOWLEDGE-SCOPE-004,,,
RULE-W9-002-005,SRC-W9-002,docs/W9-maintain/01-knowledge-context-recovery-standard.md,15,15,merge,EVALUATION-KNOWLEDGE-QUALITY-001,,,
RULE-W9-002-006,SRC-W9-002,docs/W9-maintain/01-knowledge-context-recovery-standard.md,15,15,merge,EVALUATION-KNOWLEDGE-QUALITY-001,,,
RULE-W9-002-007,SRC-W9-002,docs/W9-maintain/01-knowledge-context-recovery-standard.md,33,33,merge,EVALUATION-KNOWLEDGE-SCOPE-004,,,
RULE-W9-002-008,SRC-W9-002,docs/W9-maintain/01-knowledge-context-recovery-standard.md,34,34,merge,PLAN-CODEX-HANDOFF-FIRST-READS,,,
RULE-W9-002-009,SRC-W9-002,docs/W9-maintain/01-knowledge-context-recovery-standard.md,35,35,merge,EVALUATION-KNOWLEDGE-SCOPE-004,,,
RULE-W9-002-010,SRC-W9-002,docs/W9-maintain/01-knowledge-context-recovery-standard.md,36,36,merge,EVALUATION-KNOWLEDGE-SCOPE-004,,,
RULE-W9-002-011,SRC-W9-002,docs/W9-maintain/01-knowledge-context-recovery-standard.md,40,40,merge,EVALUATION-KNOWLEDGE-SCOPE-007,,,
RULE-W9-002-012,SRC-W9-002,docs/W9-maintain/01-knowledge-context-recovery-standard.md,41,41,merge,EVALUATION-KNOWLEDGE-SCOPE-007,,,
RULE-W9-002-013,SRC-W9-002,docs/W9-maintain/01-knowledge-context-recovery-standard.md,42,42,merge,EVALUATION-KNOWLEDGE-SCOPE-007,,,
RULE-W9-002-014,SRC-W9-002,docs/W9-maintain/01-knowledge-context-recovery-standard.md,50,50,merge,EVALUATION-GOV-MAP-001,,,
RULE-W9-002-015,SRC-W9-002,docs/W9-maintain/01-knowledge-context-recovery-standard.md,51,51,merge,EVALUATION-GOV-MAP-001,,,
RULE-W9-002-016,SRC-W9-002,docs/W9-maintain/01-knowledge-context-recovery-standard.md,52,52,merge,EVALUATION-GOV-MAP-001,,,
RULE-W9-002-017,SRC-W9-002,docs/W9-maintain/01-knowledge-context-recovery-standard.md,53,53,merge,EVALUATION-GOV-MAP-001,,,
RULE-W9-002-018,SRC-W9-002,docs/W9-maintain/01-knowledge-context-recovery-standard.md,56,56,merge,EVALUATION-GOV-MAP-002,,,
RULE-W9-002-019,SRC-W9-002,docs/W9-maintain/01-knowledge-context-recovery-standard.md,56,56,merge,EVALUATION-GOV-MAP-002,,,
RULE-W9-002-020,SRC-W9-002,docs/W9-maintain/01-knowledge-context-recovery-standard.md,56,56,merge,EVALUATION-GOV-MAP-002,,,
RULE-W9-002-021,SRC-W9-002,docs/W9-maintain/01-knowledge-context-recovery-standard.md,56,56,merge,EVALUATION-GOV-MAP-002,,,
RULE-W9-002-022,SRC-W9-002,docs/W9-maintain/01-knowledge-context-recovery-standard.md,56,56,merge,EVALUATION-GOV-MAP-002,,,
RULE-W9-002-023,SRC-W9-002,docs/W9-maintain/01-knowledge-context-recovery-standard.md,56,56,merge,EVALUATION-GOV-MAP-002,,,
RULE-W9-002-024,SRC-W9-002,docs/W9-maintain/01-knowledge-context-recovery-standard.md,56,56,merge,EVALUATION-GOV-MAP-002,,,
RULE-W9-002-025,SRC-W9-002,docs/W9-maintain/01-knowledge-context-recovery-standard.md,56,56,merge,EVALUATION-GOV-MAP-002,,,
RULE-W9-002-026,SRC-W9-002,docs/W9-maintain/01-knowledge-context-recovery-standard.md,56,56,merge,EVALUATION-GOV-MAP-002,,,
RULE-W9-002-027,SRC-W9-002,docs/W9-maintain/01-knowledge-context-recovery-standard.md,56,56,merge,EVALUATION-GOV-MAP-002,,,
RULE-W9-002-028,SRC-W9-002,docs/W9-maintain/01-knowledge-context-recovery-standard.md,56,56,merge,EVALUATION-GOV-MAP-002,,,
RULE-W9-002-029,SRC-W9-002,docs/W9-maintain/01-knowledge-context-recovery-standard.md,58,58,rewrite,IMPL-CONSISTENT-TARGET-FILENAME,,,
RULE-W9-002-030,SRC-W9-002,docs/W9-maintain/01-knowledge-context-recovery-standard.md,62,62,merge,EVALUATION-KNOWLEDGE-ENTRY-001,,,
RULE-W9-002-031,SRC-W9-002,docs/W9-maintain/01-knowledge-context-recovery-standard.md,63,63,merge,EVALUATION-KNOWLEDGE-ENTRY-001,,,
RULE-W9-002-032,SRC-W9-002,docs/W9-maintain/01-knowledge-context-recovery-standard.md,64,64,merge,EVALUATION-KNOWLEDGE-ENTRY-001,,,
RULE-W9-002-033,SRC-W9-002,docs/W9-maintain/01-knowledge-context-recovery-standard.md,65,65,merge,EVALUATION-KNOWLEDGE-ENTRY-001,,,
RULE-W9-002-034,SRC-W9-002,docs/W9-maintain/01-knowledge-context-recovery-standard.md,66,66,merge,EVALUATION-KNOWLEDGE-ENTRY-001,,,
RULE-W9-002-035,SRC-W9-002,docs/W9-maintain/01-knowledge-context-recovery-standard.md,73,73,merge,EVALUATION-DOCSMAP-001,,,
RULE-W9-002-036,SRC-W9-002,docs/W9-maintain/01-knowledge-context-recovery-standard.md,74,74,merge,EVALUATION-DOCSMAP-001,,,
RULE-W9-002-037,SRC-W9-002,docs/W9-maintain/01-knowledge-context-recovery-standard.md,75,75,merge,EVALUATION-DOCSMAP-001,,,
RULE-W9-002-038,SRC-W9-002,docs/W9-maintain/01-knowledge-context-recovery-standard.md,76,76,merge,EVALUATION-DOCSMAP-001,,,
RULE-W9-002-039,SRC-W9-002,docs/W9-maintain/01-knowledge-context-recovery-standard.md,77,77,merge,EVALUATION-DOCSMAP-001,,,
RULE-W9-002-040,SRC-W9-002,docs/W9-maintain/01-knowledge-context-recovery-standard.md,78,78,merge,EVALUATION-DOCSMAP-001,,,
RULE-W9-002-041,SRC-W9-002,docs/W9-maintain/01-knowledge-context-recovery-standard.md,79,79,merge,EVALUATION-DOCSMAP-001,,,
RULE-W9-002-042,SRC-W9-002,docs/W9-maintain/01-knowledge-context-recovery-standard.md,80,80,merge,EVALUATION-DOCSMAP-001,,,
RULE-W9-002-043,SRC-W9-002,docs/W9-maintain/01-knowledge-context-recovery-standard.md,81,81,merge,EVALUATION-DOCSMAP-001,,,
RULE-W9-002-044,SRC-W9-002,docs/W9-maintain/01-knowledge-context-recovery-standard.md,82,82,merge,EVALUATION-DOCSMAP-001,,,
RULE-W9-002-045,SRC-W9-002,docs/W9-maintain/01-knowledge-context-recovery-standard.md,83,83,merge,EVALUATION-DOCSMAP-001,,,
RULE-W9-002-046,SRC-W9-002,docs/W9-maintain/01-knowledge-context-recovery-standard.md,84,84,merge,EVALUATION-DOCSMAP-001,,,
RULE-W9-002-047,SRC-W9-002,docs/W9-maintain/01-knowledge-context-recovery-standard.md,85,85,merge,EVALUATION-DOCSMAP-001,,,
RULE-W9-002-048,SRC-W9-002,docs/W9-maintain/01-knowledge-context-recovery-standard.md,89,89,merge,EVALUATION-DOCSMAP-002,,,
RULE-W9-002-049,SRC-W9-002,docs/W9-maintain/01-knowledge-context-recovery-standard.md,90,90,merge,EVALUATION-DOCSMAP-002,,,
RULE-W9-002-050,SRC-W9-002,docs/W9-maintain/01-knowledge-context-recovery-standard.md,91,91,merge,EVALUATION-DOCSMAP-002,,,
RULE-W9-002-051,SRC-W9-002,docs/W9-maintain/01-knowledge-context-recovery-standard.md,92,92,merge,EVALUATION-DOCSMAP-002,,,
RULE-W9-002-052,SRC-W9-002,docs/W9-maintain/01-knowledge-context-recovery-standard.md,93,93,merge,EVALUATION-DOCSMAP-002,,,
RULE-W9-002-053,SRC-W9-002,docs/W9-maintain/01-knowledge-context-recovery-standard.md,94,94,merge,EVALUATION-DOCSMAP-002,,,
RULE-W9-002-054,SRC-W9-002,docs/W9-maintain/01-knowledge-context-recovery-standard.md,95,95,merge,EVALUATION-DOCSMAP-002,,,
RULE-W9-002-055,SRC-W9-002,docs/W9-maintain/01-knowledge-context-recovery-standard.md,101,101,merge,EVALUATION-CONTEXT-001,,,
RULE-W9-002-056,SRC-W9-002,docs/W9-maintain/01-knowledge-context-recovery-standard.md,102,102,merge,EVALUATION-CONTEXT-001,,,
RULE-W9-002-057,SRC-W9-002,docs/W9-maintain/01-knowledge-context-recovery-standard.md,103,103,merge,EVALUATION-CONTEXT-001,,,
RULE-W9-002-058,SRC-W9-002,docs/W9-maintain/01-knowledge-context-recovery-standard.md,104,104,merge,EVALUATION-CONTEXT-001,,,
RULE-W9-002-059,SRC-W9-002,docs/W9-maintain/01-knowledge-context-recovery-standard.md,105,105,merge,EVALUATION-CONTEXT-001,,,
RULE-W9-002-060,SRC-W9-002,docs/W9-maintain/01-knowledge-context-recovery-standard.md,106,106,merge,EVALUATION-CONTEXT-001,,,
RULE-W9-002-061,SRC-W9-002,docs/W9-maintain/01-knowledge-context-recovery-standard.md,107,107,merge,EVALUATION-CONTEXT-001,,,
RULE-W9-002-062,SRC-W9-002,docs/W9-maintain/01-knowledge-context-recovery-standard.md,108,108,merge,EVALUATION-CONTEXT-001,,,
RULE-W9-002-063,SRC-W9-002,docs/W9-maintain/01-knowledge-context-recovery-standard.md,109,109,rewrite,PLAN-CONTEXT-PACK-OPEN-DECISIONS,,,
RULE-W9-002-064,SRC-W9-002,docs/W9-maintain/01-knowledge-context-recovery-standard.md,110,110,merge,EVALUATION-CONTEXT-001,,,
RULE-W9-002-065,SRC-W9-002,docs/W9-maintain/01-knowledge-context-recovery-standard.md,112,112,merge,EVALUATION-CONTEXT-002,,,
RULE-W9-002-066,SRC-W9-002,docs/W9-maintain/01-knowledge-context-recovery-standard.md,112,112,merge,EVALUATION-CONTEXT-002,,,
RULE-W9-002-067,SRC-W9-002,docs/W9-maintain/01-knowledge-context-recovery-standard.md,118,118,merge,EVALUATION-GLOSSARY-001,,,
RULE-W9-002-068,SRC-W9-002,docs/W9-maintain/01-knowledge-context-recovery-standard.md,119,119,merge,EVALUATION-GLOSSARY-001,,,
RULE-W9-002-069,SRC-W9-002,docs/W9-maintain/01-knowledge-context-recovery-standard.md,120,120,merge,EVALUATION-GLOSSARY-001,,,
RULE-W9-002-070,SRC-W9-002,docs/W9-maintain/01-knowledge-context-recovery-standard.md,121,121,merge,EVALUATION-GLOSSARY-001,,,
RULE-W9-002-071,SRC-W9-002,docs/W9-maintain/01-knowledge-context-recovery-standard.md,122,122,merge,EVALUATION-GLOSSARY-001,,,
RULE-W9-002-072,SRC-W9-002,docs/W9-maintain/01-knowledge-context-recovery-standard.md,123,123,merge,EVALUATION-GLOSSARY-001,,,
RULE-W9-002-073,SRC-W9-002,docs/W9-maintain/01-knowledge-context-recovery-standard.md,131,131,merge,EVALUATION-HOWTO-001,,,
RULE-W9-002-074,SRC-W9-002,docs/W9-maintain/01-knowledge-context-recovery-standard.md,132,132,merge,EVALUATION-HOWTO-001,,,
RULE-W9-002-075,SRC-W9-002,docs/W9-maintain/01-knowledge-context-recovery-standard.md,133,133,merge,EVALUATION-HOWTO-001,,,
RULE-W9-002-076,SRC-W9-002,docs/W9-maintain/01-knowledge-context-recovery-standard.md,134,134,merge,EVALUATION-HOWTO-001,,,
RULE-W9-002-077,SRC-W9-002,docs/W9-maintain/01-knowledge-context-recovery-standard.md,135,135,merge,EVALUATION-HOWTO-001,,,
RULE-W9-002-078,SRC-W9-002,docs/W9-maintain/01-knowledge-context-recovery-standard.md,136,136,merge,EVALUATION-HOWTO-001,,,
RULE-W9-002-079,SRC-W9-002,docs/W9-maintain/01-knowledge-context-recovery-standard.md,137,137,merge,EVALUATION-HOWTO-001,,,
RULE-W9-002-080,SRC-W9-002,docs/W9-maintain/01-knowledge-context-recovery-standard.md,138,138,merge,EVALUATION-HOWTO-001,,,
RULE-W9-002-081,SRC-W9-002,docs/W9-maintain/01-knowledge-context-recovery-standard.md,140,140,merge,IMPL-HOWTO-EXECUTABLE-STYLE,,,
RULE-W9-002-082,SRC-W9-002,docs/W9-maintain/01-knowledge-context-recovery-standard.md,140,140,merge,IMPL-HOWTO-EXECUTABLE-STYLE,,,
RULE-W9-002-083,SRC-W9-002,docs/W9-maintain/01-knowledge-context-recovery-standard.md,150,150,merge,EVALUATION-FRESHNESS-001,,,
RULE-W9-002-084,SRC-W9-002,docs/W9-maintain/01-knowledge-context-recovery-standard.md,154,154,merge,EVALUATION-DIATAXIS-001,,,
RULE-W9-002-085,SRC-W9-002,docs/W9-maintain/01-knowledge-context-recovery-standard.md,156,156,merge,EVALUATION-DIATAXIS-001,,,
RULE-W9-002-086,SRC-W9-002,docs/W9-maintain/01-knowledge-context-recovery-standard.md,157,157,merge,EVALUATION-DIATAXIS-001,,,
RULE-W9-002-087,SRC-W9-002,docs/W9-maintain/01-knowledge-context-recovery-standard.md,158,158,merge,EVALUATION-DIATAXIS-001,,,
RULE-W9-002-088,SRC-W9-002,docs/W9-maintain/01-knowledge-context-recovery-standard.md,159,159,merge,EVALUATION-DIATAXIS-001,,,
RULE-W9-002-089,SRC-W9-002,docs/W9-maintain/01-knowledge-context-recovery-standard.md,163,163,merge,PLAN-CODEX-HANDOFF-FIRST-READS,,,
RULE-W9-002-090,SRC-W9-002,docs/W9-maintain/01-knowledge-context-recovery-standard.md,165,165,merge,EVALUATION-RECOVERY-001,,,
RULE-W9-002-091,SRC-W9-002,docs/W9-maintain/01-knowledge-context-recovery-standard.md,166,166,merge,PLAN-CODEX-HANDOFF-FIRST-READS,,,
RULE-W9-002-092,SRC-W9-002,docs/W9-maintain/01-knowledge-context-recovery-standard.md,167,167,merge,EVALUATION-RECOVERY-001,,,
RULE-W9-002-093,SRC-W9-002,docs/W9-maintain/01-knowledge-context-recovery-standard.md,168,168,merge,EVALUATION-RECOVERY-001,,,
RULE-W9-002-094,SRC-W9-002,docs/W9-maintain/01-knowledge-context-recovery-standard.md,169,169,merge,EVALUATION-RECOVERY-001,,,
RULE-W9-002-095,SRC-W9-002,docs/W9-maintain/01-knowledge-context-recovery-standard.md,171,171,merge,EVALUATION-CONTEXT-003,,,
RULE-W9-002-096,SRC-W9-002,docs/W9-maintain/01-knowledge-context-recovery-standard.md,175,175,merge,EVALUATION-DOCS-STYLE-001,,,
RULE-W9-002-097,SRC-W9-002,docs/W9-maintain/01-knowledge-context-recovery-standard.md,175,175,merge,EVALUATION-DOCS-STYLE-001,,,
RULE-W9-002-098,SRC-W9-002,docs/W9-maintain/01-knowledge-context-recovery-standard.md,176,176,rewrite,IMPL-DOCUMENT-ACTION-STYLE,,,
RULE-W9-002-099,SRC-W9-002,docs/W9-maintain/01-knowledge-context-recovery-standard.md,177,177,merge,EVALUATION-DOCS-STYLE-001,,,
RULE-W9-002-100,SRC-W9-002,docs/W9-maintain/01-knowledge-context-recovery-standard.md,178,178,merge,EVALUATION-DOCS-STYLE-001,,,
RULE-W9-002-101,SRC-W9-002,docs/W9-maintain/01-knowledge-context-recovery-standard.md,178,178,merge,EVALUATION-DOCS-STYLE-001,,,
RULE-W9-002-102,SRC-W9-002,docs/W9-maintain/01-knowledge-context-recovery-standard.md,179,179,rewrite,EVALUATION-DOCS-SECURITY-001,,,
RULE-W9-002-103,SRC-W9-002,docs/W9-maintain/01-knowledge-context-recovery-standard.md,180,180,rewrite,EVALUATION-DOCS-SYNC-001,,,
RULE-W9-002-104,SRC-W9-002,docs/W9-maintain/01-knowledge-context-recovery-standard.md,186,186,merge,EVALUATION-HUMAN-007,,,
RULE-W9-002-105,SRC-W9-002,docs/W9-maintain/01-knowledge-context-recovery-standard.md,187,187,merge,EVALUATION-HUMAN-007,,,
RULE-W9-002-106,SRC-W9-002,docs/W9-maintain/01-knowledge-context-recovery-standard.md,188,188,merge,EVALUATION-HUMAN-007,,,
RULE-W9-002-107,SRC-W9-002,docs/W9-maintain/01-knowledge-context-recovery-standard.md,189,189,rewrite,VERIFY-CONTEXT-PACK-HANDOFF-READINESS,,,
RULE-W9-002-108,SRC-W9-002,docs/W9-maintain/01-knowledge-context-recovery-standard.md,190,190,merge,EVALUATION-HUMAN-007,,,
RULE-W9-002-109,SRC-W9-002,docs/W9-maintain/01-knowledge-context-recovery-standard.md,91,91,merge,EVALUATION-DOCSMAP-002,,,
RULE-W9-002-110,SRC-W9-002,docs/W9-maintain/01-knowledge-context-recovery-standard.md,91,91,merge,EVALUATION-DOCSMAP-002,,,
RULE-W9-002-111,SRC-W9-002,docs/W9-maintain/01-knowledge-context-recovery-standard.md,91,91,merge,EVALUATION-DOCSMAP-002,,,
RULE-W9-002-112,SRC-W9-002,docs/W9-maintain/01-knowledge-context-recovery-standard.md,91,91,merge,EVALUATION-DOCSMAP-002,,,
RULE-W9-002-113,SRC-W9-002,docs/W9-maintain/01-knowledge-context-recovery-standard.md,91,91,merge,EVALUATION-DOCSMAP-002,,,
RULE-W9-002-114,SRC-W9-002,docs/W9-maintain/01-knowledge-context-recovery-standard.md,91,91,merge,EVALUATION-DOCSMAP-002,,,
RULE-W9-002-115,SRC-W9-002,docs/W9-maintain/01-knowledge-context-recovery-standard.md,91,91,merge,EVALUATION-DOCSMAP-002,,,
RULE-W9-002-116,SRC-W9-002,docs/W9-maintain/01-knowledge-context-recovery-standard.md,91,91,merge,EVALUATION-DOCSMAP-002,,,
RULE-W9-002-117,SRC-W9-002,docs/W9-maintain/01-knowledge-context-recovery-standard.md,56,56,merge,EVALUATION-GOV-MAP-001,,,
RULE-W9-002-118,SRC-W9-002,docs/W9-maintain/01-knowledge-context-recovery-standard.md,56,56,merge,EVALUATION-GOV-MAP-001,,,
RULE-W9-002-119,SRC-W9-002,docs/W9-maintain/01-knowledge-context-recovery-standard.md,56,56,merge,EVALUATION-GOV-MAP-001,,,
RULE-W9-002-120,SRC-W9-002,docs/W9-maintain/01-knowledge-context-recovery-standard.md,171,171,merge,EVALUATION-CONTEXT-003,,,
RULE-W9-002-121,SRC-W9-002,docs/W9-maintain/01-knowledge-context-recovery-standard.md,171,171,merge,EVALUATION-CONTEXT-003,,,
RULE-W9-002-122,SRC-W9-002,docs/W9-maintain/01-knowledge-context-recovery-standard.md,171,171,merge,EVALUATION-CONTEXT-003,,,
RULE-W9-002-123,SRC-W9-002,docs/W9-maintain/01-knowledge-context-recovery-standard.md,166,166,merge,PLAN-CODEX-HANDOFF-FIRST-READS,,,
RULE-W9-002-124,SRC-W9-002,docs/W9-maintain/01-knowledge-context-recovery-standard.md,166,166,merge,PLAN-CODEX-HANDOFF-FIRST-READS,,,
RULE-W9-003-001,SRC-W9-003,docs/W9-maintain/02-maintenance-dependency-debt-standard.md,3,3,merge,EVALUATION-MAINT-SCOPE-005,,,
RULE-W9-003-002,SRC-W9-003,docs/W9-maintain/02-maintenance-dependency-debt-standard.md,7,7,merge,EVALUATION-MAINT-SCOPE-005,,,
RULE-W9-003-003,SRC-W9-003,docs/W9-maintain/02-maintenance-dependency-debt-standard.md,7,7,merge,EVALUATION-MAINT-SCOPE-005,,,
RULE-W9-003-004,SRC-W9-003,docs/W9-maintain/02-maintenance-dependency-debt-standard.md,9,9,merge,EVALUATION-MAINT-SCOPE-005,,,
RULE-W9-003-005,SRC-W9-003,docs/W9-maintain/02-maintenance-dependency-debt-standard.md,15,15,rewrite,IMPL-MAINTENANCE-NO-CHASE-NO-FREEZE,,,
RULE-W9-003-006,SRC-W9-003,docs/W9-maintain/02-maintenance-dependency-debt-standard.md,37,37,merge,IMPL-MAINTENANCE-STACK-SCOPE,,,
RULE-W9-003-007,SRC-W9-003,docs/W9-maintain/02-maintenance-dependency-debt-standard.md,38,38,merge,IMPL-MAINTENANCE-STACK-SCOPE,,,
RULE-W9-003-008,SRC-W9-003,docs/W9-maintain/02-maintenance-dependency-debt-standard.md,39,39,merge,EVALUATION-MAINT-SCOPE-005,,,
RULE-W9-003-009,SRC-W9-003,docs/W9-maintain/02-maintenance-dependency-debt-standard.md,40,40,merge,EVALUATION-MAINT-SCOPE-005,,,
RULE-W9-003-010,SRC-W9-003,docs/W9-maintain/02-maintenance-dependency-debt-standard.md,41,41,rewrite,VERIFY-AI-EVAL-FIXTURE-W9-003-L041,,,
RULE-W9-003-011,SRC-W9-003,docs/W9-maintain/02-maintenance-dependency-debt-standard.md,45,45,merge,EVALUATION-SCOPE-007,,,
RULE-W9-003-012,SRC-W9-003,docs/W9-maintain/02-maintenance-dependency-debt-standard.md,46,46,merge,EVALUATION-SCOPE-007,,,
RULE-W9-003-013,SRC-W9-003,docs/W9-maintain/02-maintenance-dependency-debt-standard.md,47,47,rewrite,IMPL-SMALL-PATCH-EXCLUSION,,,
RULE-W9-003-014,SRC-W9-003,docs/W9-maintain/02-maintenance-dependency-debt-standard.md,51,51,merge,EVALUATION-MAINT-SCOPE-005,,,
RULE-W9-003-015,SRC-W9-003,docs/W9-maintain/02-maintenance-dependency-debt-standard.md,55,55,merge,EVALUATION-DEPENDENCY-001,,,
RULE-W9-003-016,SRC-W9-003,docs/W9-maintain/02-maintenance-dependency-debt-standard.md,56,56,merge,EVALUATION-UPDATE-001,,,
RULE-W9-003-017,SRC-W9-003,docs/W9-maintain/02-maintenance-dependency-debt-standard.md,57,57,merge,EVALUATION-MAINT-SCOPE-005,,,
RULE-W9-003-018,SRC-W9-003,docs/W9-maintain/02-maintenance-dependency-debt-standard.md,58,58,merge,EVALUATION-DEBT-001,,,
RULE-W9-003-019,SRC-W9-003,docs/W9-maintain/02-maintenance-dependency-debt-standard.md,59,59,merge,EVALUATION-MAINT-SCOPE-005,,,
RULE-W9-003-020,SRC-W9-003,docs/W9-maintain/02-maintenance-dependency-debt-standard.md,66,66,merge,EVALUATION-DEPENDENCY-001,,,
RULE-W9-003-021,SRC-W9-003,docs/W9-maintain/02-maintenance-dependency-debt-standard.md,67,67,merge,EVALUATION-DEPENDENCY-001,,,
RULE-W9-003-022,SRC-W9-003,docs/W9-maintain/02-maintenance-dependency-debt-standard.md,68,68,merge,EVALUATION-DEPENDENCY-001,,,
RULE-W9-003-023,SRC-W9-003,docs/W9-maintain/02-maintenance-dependency-debt-standard.md,69,69,merge,EVALUATION-DEPENDENCY-001,,,
RULE-W9-003-024,SRC-W9-003,docs/W9-maintain/02-maintenance-dependency-debt-standard.md,70,70,merge,EVALUATION-DEPENDENCY-001,,,
RULE-W9-003-025,SRC-W9-003,docs/W9-maintain/02-maintenance-dependency-debt-standard.md,71,71,merge,EVALUATION-DEPENDENCY-001,,,
RULE-W9-003-026,SRC-W9-003,docs/W9-maintain/02-maintenance-dependency-debt-standard.md,72,72,merge,EVALUATION-DEPENDENCY-001,,,
RULE-W9-003-027,SRC-W9-003,docs/W9-maintain/02-maintenance-dependency-debt-standard.md,73,73,merge,EVALUATION-DEPENDENCY-001,,,
RULE-W9-003-028,SRC-W9-003,docs/W9-maintain/02-maintenance-dependency-debt-standard.md,74,74,merge,EVALUATION-DEPENDENCY-001,,,
RULE-W9-003-029,SRC-W9-003,docs/W9-maintain/02-maintenance-dependency-debt-standard.md,75,75,merge,EVALUATION-DEPENDENCY-001,,,
RULE-W9-003-030,SRC-W9-003,docs/W9-maintain/02-maintenance-dependency-debt-standard.md,76,76,merge,EVALUATION-DEPENDENCY-001,,,
RULE-W9-003-031,SRC-W9-003,docs/W9-maintain/02-maintenance-dependency-debt-standard.md,77,77,merge,EVALUATION-DEPENDENCY-001,,,
RULE-W9-003-032,SRC-W9-003,docs/W9-maintain/02-maintenance-dependency-debt-standard.md,78,78,merge,EVALUATION-DEPENDENCY-001,,,
RULE-W9-003-033,SRC-W9-003,docs/W9-maintain/02-maintenance-dependency-debt-standard.md,79,79,merge,EVALUATION-DEPENDENCY-001,,,
RULE-W9-003-034,SRC-W9-003,docs/W9-maintain/02-maintenance-dependency-debt-standard.md,83,83,merge,EVALUATION-DEPENDENCY-002,,,
RULE-W9-003-035,SRC-W9-003,docs/W9-maintain/02-maintenance-dependency-debt-standard.md,84,84,merge,EVALUATION-DEPENDENCY-002,,,
RULE-W9-003-036,SRC-W9-003,docs/W9-maintain/02-maintenance-dependency-debt-standard.md,85,85,merge,EVALUATION-DEPENDENCY-002,,,
RULE-W9-003-037,SRC-W9-003,docs/W9-maintain/02-maintenance-dependency-debt-standard.md,86,86,merge,EVALUATION-DEPENDENCY-002,,,
RULE-W9-003-038,SRC-W9-003,docs/W9-maintain/02-maintenance-dependency-debt-standard.md,87,87,merge,EVALUATION-DEPENDENCY-002,,,
RULE-W9-003-039,SRC-W9-003,docs/W9-maintain/02-maintenance-dependency-debt-standard.md,88,88,merge,EVALUATION-DEPENDENCY-002,,,
RULE-W9-003-040,SRC-W9-003,docs/W9-maintain/02-maintenance-dependency-debt-standard.md,89,89,merge,EVALUATION-DEPENDENCY-002,,,
RULE-W9-003-041,SRC-W9-003,docs/W9-maintain/02-maintenance-dependency-debt-standard.md,90,90,merge,EVALUATION-DEPENDENCY-002,,,
RULE-W9-003-042,SRC-W9-003,docs/W9-maintain/02-maintenance-dependency-debt-standard.md,92,92,merge,EVALUATION-DEPENDENCY-003,,,
RULE-W9-003-043,SRC-W9-003,docs/W9-maintain/02-maintenance-dependency-debt-standard.md,92,92,merge,EVALUATION-DEPENDENCY-003,,,
RULE-W9-003-044,SRC-W9-003,docs/W9-maintain/02-maintenance-dependency-debt-standard.md,92,92,merge,EVALUATION-DEPENDENCY-003,,,
RULE-W9-003-045,SRC-W9-003,docs/W9-maintain/02-maintenance-dependency-debt-standard.md,92,92,merge,EVALUATION-DEPENDENCY-003,,,
RULE-W9-003-046,SRC-W9-003,docs/W9-maintain/02-maintenance-dependency-debt-standard.md,92,92,merge,EVALUATION-DEPENDENCY-003,,,
RULE-W9-003-047,SRC-W9-003,docs/W9-maintain/02-maintenance-dependency-debt-standard.md,92,92,merge,EVALUATION-DEPENDENCY-003,,,
RULE-W9-003-048,SRC-W9-003,docs/W9-maintain/02-maintenance-dependency-debt-standard.md,92,92,merge,EVALUATION-DEPENDENCY-003,,,
RULE-W9-003-049,SRC-W9-003,docs/W9-maintain/02-maintenance-dependency-debt-standard.md,92,92,merge,EVALUATION-DEPENDENCY-003,,,
RULE-W9-003-050,SRC-W9-003,docs/W9-maintain/02-maintenance-dependency-debt-standard.md,92,92,merge,EVALUATION-DEPENDENCY-003,,,
RULE-W9-003-051,SRC-W9-003,docs/W9-maintain/02-maintenance-dependency-debt-standard.md,92,92,merge,EVALUATION-DEPENDENCY-003,,,
RULE-W9-003-052,SRC-W9-003,docs/W9-maintain/02-maintenance-dependency-debt-standard.md,92,92,merge,EVALUATION-DEPENDENCY-003,,,
RULE-W9-003-053,SRC-W9-003,docs/W9-maintain/02-maintenance-dependency-debt-standard.md,92,92,merge,EVALUATION-DEPENDENCY-003,,,
RULE-W9-003-054,SRC-W9-003,docs/W9-maintain/02-maintenance-dependency-debt-standard.md,92,92,merge,EVALUATION-DEPENDENCY-003,,,
RULE-W9-003-055,SRC-W9-003,docs/W9-maintain/02-maintenance-dependency-debt-standard.md,98,98,merge,EVALUATION-UPDATE-001,,,
RULE-W9-003-056,SRC-W9-003,docs/W9-maintain/02-maintenance-dependency-debt-standard.md,99,99,merge,EVALUATION-UPDATE-001,,,
RULE-W9-003-057,SRC-W9-003,docs/W9-maintain/02-maintenance-dependency-debt-standard.md,100,100,merge,EVALUATION-UPDATE-001,,,
RULE-W9-003-058,SRC-W9-003,docs/W9-maintain/02-maintenance-dependency-debt-standard.md,101,101,merge,EVALUATION-UPDATE-001,,,
RULE-W9-003-059,SRC-W9-003,docs/W9-maintain/02-maintenance-dependency-debt-standard.md,102,102,merge,EVALUATION-UPDATE-001,,,
RULE-W9-003-060,SRC-W9-003,docs/W9-maintain/02-maintenance-dependency-debt-standard.md,103,103,merge,EVALUATION-UPDATE-001,,,
RULE-W9-003-061,SRC-W9-003,docs/W9-maintain/02-maintenance-dependency-debt-standard.md,104,104,merge,EVALUATION-UPDATE-001,,,
RULE-W9-003-062,SRC-W9-003,docs/W9-maintain/02-maintenance-dependency-debt-standard.md,105,105,merge,EVALUATION-UPDATE-001,,,
RULE-W9-003-063,SRC-W9-003,docs/W9-maintain/02-maintenance-dependency-debt-standard.md,109,109,merge,EVALUATION-UPDATE-002,,,
RULE-W9-003-064,SRC-W9-003,docs/W9-maintain/02-maintenance-dependency-debt-standard.md,109,109,merge,EVALUATION-UPDATE-002,,,
RULE-W9-003-065,SRC-W9-003,docs/W9-maintain/02-maintenance-dependency-debt-standard.md,110,110,merge,EVALUATION-UPDATE-002,,,
RULE-W9-003-066,SRC-W9-003,docs/W9-maintain/02-maintenance-dependency-debt-standard.md,111,111,rewrite,PLAN-MAJOR-UPGRADE-SEPARATE-CHANGE,,,
RULE-W9-003-067,SRC-W9-003,docs/W9-maintain/02-maintenance-dependency-debt-standard.md,112,112,merge,VERIFY-AI-EVAL-FIXTURE-W9-003-L112,,,
RULE-W9-003-068,SRC-W9-003,docs/W9-maintain/02-maintenance-dependency-debt-standard.md,118,118,merge,EVALUATION-UPGRADE-001,,,
RULE-W9-003-069,SRC-W9-003,docs/W9-maintain/02-maintenance-dependency-debt-standard.md,119,119,merge,EVALUATION-UPGRADE-001,,,
RULE-W9-003-070,SRC-W9-003,docs/W9-maintain/02-maintenance-dependency-debt-standard.md,120,120,merge,EVALUATION-UPGRADE-001,,,
RULE-W9-003-071,SRC-W9-003,docs/W9-maintain/02-maintenance-dependency-debt-standard.md,121,121,merge,EVALUATION-UPGRADE-001,,,
RULE-W9-003-072,SRC-W9-003,docs/W9-maintain/02-maintenance-dependency-debt-standard.md,122,122,merge,EVALUATION-UPGRADE-001,,,
RULE-W9-003-073,SRC-W9-003,docs/W9-maintain/02-maintenance-dependency-debt-standard.md,123,123,rewrite,VERIFY-AI-EVAL-FIXTURE-W9-003-L123,,,
RULE-W9-003-074,SRC-W9-003,docs/W9-maintain/02-maintenance-dependency-debt-standard.md,124,124,merge,EVALUATION-UPGRADE-001,,,
RULE-W9-003-075,SRC-W9-003,docs/W9-maintain/02-maintenance-dependency-debt-standard.md,125,125,merge,EVALUATION-UPGRADE-001,,,
RULE-W9-003-076,SRC-W9-003,docs/W9-maintain/02-maintenance-dependency-debt-standard.md,126,126,merge,EVALUATION-UPGRADE-001,,,
RULE-W9-003-077,SRC-W9-003,docs/W9-maintain/02-maintenance-dependency-debt-standard.md,128,128,merge,EVALUATION-UPGRADE-002,,,
RULE-W9-003-078,SRC-W9-003,docs/W9-maintain/02-maintenance-dependency-debt-standard.md,128,128,merge,EVALUATION-UPGRADE-002,,,
RULE-W9-003-079,SRC-W9-003,docs/W9-maintain/02-maintenance-dependency-debt-standard.md,135,135,merge,EVALUATION-DEBT-001,,,
RULE-W9-003-080,SRC-W9-003,docs/W9-maintain/02-maintenance-dependency-debt-standard.md,135,135,merge,EVALUATION-DEBT-001,,,
RULE-W9-003-081,SRC-W9-003,docs/W9-maintain/02-maintenance-dependency-debt-standard.md,135,135,merge,EVALUATION-DEBT-001,,,
RULE-W9-003-082,SRC-W9-003,docs/W9-maintain/02-maintenance-dependency-debt-standard.md,135,135,merge,EVALUATION-DEBT-001,,,
RULE-W9-003-083,SRC-W9-003,docs/W9-maintain/02-maintenance-dependency-debt-standard.md,135,135,merge,EVALUATION-DEBT-001,,,
RULE-W9-003-084,SRC-W9-003,docs/W9-maintain/02-maintenance-dependency-debt-standard.md,135,135,merge,EVALUATION-DEBT-001,,,
RULE-W9-003-085,SRC-W9-003,docs/W9-maintain/02-maintenance-dependency-debt-standard.md,135,135,merge,EVALUATION-DEBT-001,,,
RULE-W9-003-086,SRC-W9-003,docs/W9-maintain/02-maintenance-dependency-debt-standard.md,135,135,merge,EVALUATION-DEBT-001,,,
RULE-W9-003-087,SRC-W9-003,docs/W9-maintain/02-maintenance-dependency-debt-standard.md,135,135,merge,EVALUATION-DEBT-001,,,
RULE-W9-003-088,SRC-W9-003,docs/W9-maintain/02-maintenance-dependency-debt-standard.md,135,135,merge,EVALUATION-DEBT-001,,,
RULE-W9-003-089,SRC-W9-003,docs/W9-maintain/02-maintenance-dependency-debt-standard.md,135,135,merge,EVALUATION-DEBT-001,,,
RULE-W9-003-090,SRC-W9-003,docs/W9-maintain/02-maintenance-dependency-debt-standard.md,135,135,merge,EVALUATION-DEBT-001,,,
RULE-W9-003-091,SRC-W9-003,docs/W9-maintain/02-maintenance-dependency-debt-standard.md,135,135,merge,EVALUATION-DEBT-001,,,
RULE-W9-003-092,SRC-W9-003,docs/W9-maintain/02-maintenance-dependency-debt-standard.md,135,135,merge,EVALUATION-DEBT-001,,,
RULE-W9-003-093,SRC-W9-003,docs/W9-maintain/02-maintenance-dependency-debt-standard.md,138,138,merge,EVALUATION-DEBT-002,,,
RULE-W9-003-094,SRC-W9-003,docs/W9-maintain/02-maintenance-dependency-debt-standard.md,138,138,merge,EVALUATION-DEBT-002,,,
RULE-W9-003-095,SRC-W9-003,docs/W9-maintain/02-maintenance-dependency-debt-standard.md,138,138,merge,EVALUATION-DEBT-002,,,
RULE-W9-003-096,SRC-W9-003,docs/W9-maintain/02-maintenance-dependency-debt-standard.md,138,138,merge,EVALUATION-DEBT-002,,,
RULE-W9-003-097,SRC-W9-003,docs/W9-maintain/02-maintenance-dependency-debt-standard.md,138,138,merge,EVALUATION-DEBT-002,,,
RULE-W9-003-098,SRC-W9-003,docs/W9-maintain/02-maintenance-dependency-debt-standard.md,138,138,merge,EVALUATION-DEBT-002,,,
RULE-W9-003-099,SRC-W9-003,docs/W9-maintain/02-maintenance-dependency-debt-standard.md,142,142,merge,EVALUATION-DEBT-003,,,
RULE-W9-003-100,SRC-W9-003,docs/W9-maintain/02-maintenance-dependency-debt-standard.md,143,143,merge,EVALUATION-DEBT-003,,,
RULE-W9-003-101,SRC-W9-003,docs/W9-maintain/02-maintenance-dependency-debt-standard.md,143,143,merge,EVALUATION-DEBT-003,,,
RULE-W9-003-102,SRC-W9-003,docs/W9-maintain/02-maintenance-dependency-debt-standard.md,143,143,merge,EVALUATION-DEBT-003,,,
RULE-W9-003-103,SRC-W9-003,docs/W9-maintain/02-maintenance-dependency-debt-standard.md,143,143,merge,EVALUATION-DEBT-003,,,
RULE-W9-003-104,SRC-W9-003,docs/W9-maintain/02-maintenance-dependency-debt-standard.md,143,143,merge,EVALUATION-DEBT-003,,,
RULE-W9-003-105,SRC-W9-003,docs/W9-maintain/02-maintenance-dependency-debt-standard.md,143,143,merge,EVALUATION-DEBT-003,,,
RULE-W9-003-106,SRC-W9-003,docs/W9-maintain/02-maintenance-dependency-debt-standard.md,143,143,merge,EVALUATION-DEBT-003,,,
RULE-W9-003-107,SRC-W9-003,docs/W9-maintain/02-maintenance-dependency-debt-standard.md,143,143,merge,EVALUATION-DEBT-003,,,
RULE-W9-003-108,SRC-W9-003,docs/W9-maintain/02-maintenance-dependency-debt-standard.md,144,144,rewrite,IMPL-DEBT-REGISTER-SCOPE,,,
RULE-W9-003-109,SRC-W9-003,docs/W9-maintain/02-maintenance-dependency-debt-standard.md,144,144,merge,EVALUATION-DEBT-003,,,
RULE-W9-003-110,SRC-W9-003,docs/W9-maintain/02-maintenance-dependency-debt-standard.md,150,150,merge,EVALUATION-DEPRECATION-001,,,
RULE-W9-003-111,SRC-W9-003,docs/W9-maintain/02-maintenance-dependency-debt-standard.md,151,151,merge,EVALUATION-DEPRECATION-001,,,
RULE-W9-003-112,SRC-W9-003,docs/W9-maintain/02-maintenance-dependency-debt-standard.md,152,152,merge,EVALUATION-DEPRECATION-001,,,
RULE-W9-003-113,SRC-W9-003,docs/W9-maintain/02-maintenance-dependency-debt-standard.md,153,153,merge,EVALUATION-DEPRECATION-001,,,
RULE-W9-003-114,SRC-W9-003,docs/W9-maintain/02-maintenance-dependency-debt-standard.md,154,154,merge,EVALUATION-DEPRECATION-001,,,
RULE-W9-003-115,SRC-W9-003,docs/W9-maintain/02-maintenance-dependency-debt-standard.md,155,155,merge,EVALUATION-DEPRECATION-001,,,
RULE-W9-003-116,SRC-W9-003,docs/W9-maintain/02-maintenance-dependency-debt-standard.md,156,156,merge,EVALUATION-DEPRECATION-001,,,
RULE-W9-003-117,SRC-W9-003,docs/W9-maintain/02-maintenance-dependency-debt-standard.md,157,157,merge,EVALUATION-DEPRECATION-001,,,
RULE-W9-003-118,SRC-W9-003,docs/W9-maintain/02-maintenance-dependency-debt-standard.md,158,158,merge,EVALUATION-DEPRECATION-001,,,
RULE-W9-003-119,SRC-W9-003,docs/W9-maintain/02-maintenance-dependency-debt-standard.md,160,160,merge,EVALUATION-DEPRECATION-002,,,
RULE-W9-003-120,SRC-W9-003,docs/W9-maintain/02-maintenance-dependency-debt-standard.md,160,160,merge,EVALUATION-DEPRECATION-002,,,
RULE-W9-003-121,SRC-W9-003,docs/W9-maintain/02-maintenance-dependency-debt-standard.md,160,160,merge,EVALUATION-DEPRECATION-002,,,
RULE-W9-003-122,SRC-W9-003,docs/W9-maintain/02-maintenance-dependency-debt-standard.md,160,160,merge,EVALUATION-DEPRECATION-002,,,
RULE-W9-003-123,SRC-W9-003,docs/W9-maintain/02-maintenance-dependency-debt-standard.md,160,160,merge,EVALUATION-DEPRECATION-002,,,
RULE-W9-003-124,SRC-W9-003,docs/W9-maintain/02-maintenance-dependency-debt-standard.md,160,160,merge,EVALUATION-DEPRECATION-002,,,
RULE-W9-003-125,SRC-W9-003,docs/W9-maintain/02-maintenance-dependency-debt-standard.md,160,160,merge,EVALUATION-DEPRECATION-002,,,
RULE-W9-003-126,SRC-W9-003,docs/W9-maintain/02-maintenance-dependency-debt-standard.md,160,160,merge,EVALUATION-DEPRECATION-002,,,
RULE-W9-003-127,SRC-W9-003,docs/W9-maintain/02-maintenance-dependency-debt-standard.md,160,160,merge,EVALUATION-DEPRECATION-002,,,
RULE-W9-003-128,SRC-W9-003,docs/W9-maintain/02-maintenance-dependency-debt-standard.md,160,160,merge,EVALUATION-DEPRECATION-002,,,
RULE-W9-003-129,SRC-W9-003,docs/W9-maintain/02-maintenance-dependency-debt-standard.md,164,164,merge,IMPL-GO-MODULE-MANIFESTS,,,
RULE-W9-003-130,SRC-W9-003,docs/W9-maintain/02-maintenance-dependency-debt-standard.md,164,164,merge,IMPL-GO-MODULE-MANIFESTS,,,
RULE-W9-003-131,SRC-W9-003,docs/W9-maintain/02-maintenance-dependency-debt-standard.md,164,164,rewrite,VERIFY-EVIDENCE-W9-003-L164,,,
RULE-W9-003-132,SRC-W9-003,docs/W9-maintain/02-maintenance-dependency-debt-standard.md,165,165,rewrite,IMPL-GO-VULNERABILITY-SCAN,,,
RULE-W9-003-133,SRC-W9-003,docs/W9-maintain/02-maintenance-dependency-debt-standard.md,165,165,merge,EVALUATION-UPGRADE-003,,,
RULE-W9-003-134,SRC-W9-003,docs/W9-maintain/02-maintenance-dependency-debt-standard.md,166,166,merge,EVALUATION-UPGRADE-004,,,
RULE-W9-003-135,SRC-W9-003,docs/W9-maintain/02-maintenance-dependency-debt-standard.md,167,167,rewrite,IMPL-GO-DEPENDENCY-UPGRADE-REGEN,,,
RULE-W9-003-136,SRC-W9-003,docs/W9-maintain/02-maintenance-dependency-debt-standard.md,167,167,merge,IMPL-GO-DEPENDENCY-UPGRADE-CHECKS,,,
RULE-W9-003-137,SRC-W9-003,docs/W9-maintain/02-maintenance-dependency-debt-standard.md,167,167,merge,IMPL-GO-DEPENDENCY-UPGRADE-CHECKS,,,
RULE-W9-003-138,SRC-W9-003,docs/W9-maintain/02-maintenance-dependency-debt-standard.md,167,167,merge,IMPL-GO-DEPENDENCY-UPGRADE-CHECKS,,,
RULE-W9-003-139,SRC-W9-003,docs/W9-maintain/02-maintenance-dependency-debt-standard.md,168,168,rewrite,IMPL-BREAKING-PROTO-SEPARATE-ROUTE,,,
RULE-W9-003-140,SRC-W9-003,docs/W9-maintain/02-maintenance-dependency-debt-standard.md,168,168,merge,EVALUATION-UPGRADE-003,,,
RULE-W9-003-141,SRC-W9-003,docs/W9-maintain/02-maintenance-dependency-debt-standard.md,169,169,merge,EVALUATION-UPGRADE-003,,,
RULE-W9-003-142,SRC-W9-003,docs/W9-maintain/02-maintenance-dependency-debt-standard.md,173,173,merge,EVALUATION-UPGRADE-005,,,
RULE-W9-003-143,SRC-W9-003,docs/W9-maintain/02-maintenance-dependency-debt-standard.md,173,173,rewrite,IMPL-NPM-CI-COMMAND,,,
RULE-W9-003-144,SRC-W9-003,docs/W9-maintain/02-maintenance-dependency-debt-standard.md,174,174,merge,EVALUATION-UPGRADE-005,,,
RULE-W9-003-145,SRC-W9-003,docs/W9-maintain/02-maintenance-dependency-debt-standard.md,174,174,merge,EVALUATION-UPGRADE-005,,,
RULE-W9-003-146,SRC-W9-003,docs/W9-maintain/02-maintenance-dependency-debt-standard.md,175,175,rewrite,IMPL-FRONTEND-MAJOR-UPGRADE-GUIDE,,,
RULE-W9-003-147,SRC-W9-003,docs/W9-maintain/02-maintenance-dependency-debt-standard.md,176,176,merge,VERIFY-BUILD-TYPECHECK-FP-W9-003-L176,,,
RULE-W9-003-148,SRC-W9-003,docs/W9-maintain/02-maintenance-dependency-debt-standard.md,176,176,merge,VERIFY-EVIDENCE-W9-003-L176,,,
RULE-W9-003-149,SRC-W9-003,docs/W9-maintain/02-maintenance-dependency-debt-standard.md,176,176,merge,VERIFY-BUILD-TYPECHECK-FP-W9-003-L176,,,
RULE-W9-003-150,SRC-W9-003,docs/W9-maintain/02-maintenance-dependency-debt-standard.md,176,176,merge,VERIFY-EVIDENCE-W9-003-L176,,,
RULE-W9-003-151,SRC-W9-003,docs/W9-maintain/02-maintenance-dependency-debt-standard.md,176,176,merge,VERIFY-EVIDENCE-W9-003-L176,,,
RULE-W9-003-152,SRC-W9-003,docs/W9-maintain/02-maintenance-dependency-debt-standard.md,176,176,merge,VERIFY-EVIDENCE-W9-003-L176,,,
RULE-W9-003-153,SRC-W9-003,docs/W9-maintain/02-maintenance-dependency-debt-standard.md,177,177,rewrite,IMPL-UI-THEME-SEPARATE-FROM-UPGRADE,,,
RULE-W9-003-154,SRC-W9-003,docs/W9-maintain/02-maintenance-dependency-debt-standard.md,181,181,merge,EVALUATION-AI-UPGRADE-001,,,
RULE-W9-003-155,SRC-W9-003,docs/W9-maintain/02-maintenance-dependency-debt-standard.md,181,181,merge,EVALUATION-AI-UPGRADE-001,,,
RULE-W9-003-156,SRC-W9-003,docs/W9-maintain/02-maintenance-dependency-debt-standard.md,181,181,merge,EVALUATION-AI-UPGRADE-001,,,
RULE-W9-003-157,SRC-W9-003,docs/W9-maintain/02-maintenance-dependency-debt-standard.md,181,181,merge,EVALUATION-AI-UPGRADE-001,,,
RULE-W9-003-158,SRC-W9-003,docs/W9-maintain/02-maintenance-dependency-debt-standard.md,181,181,merge,EVALUATION-AI-UPGRADE-001,,,
RULE-W9-003-159,SRC-W9-003,docs/W9-maintain/02-maintenance-dependency-debt-standard.md,181,181,merge,EVALUATION-AI-UPGRADE-001,,,
RULE-W9-003-160,SRC-W9-003,docs/W9-maintain/02-maintenance-dependency-debt-standard.md,182,182,rewrite,VERIFY-AI-EVAL-FIXTURE-W9-003-L182,,,
RULE-W9-003-161,SRC-W9-003,docs/W9-maintain/02-maintenance-dependency-debt-standard.md,182,182,merge,EVALUATION-AI-UPGRADE-002,,,
RULE-W9-003-162,SRC-W9-003,docs/W9-maintain/02-maintenance-dependency-debt-standard.md,182,182,merge,EVALUATION-AI-UPGRADE-002,,,
RULE-W9-003-163,SRC-W9-003,docs/W9-maintain/02-maintenance-dependency-debt-standard.md,182,182,merge,EVALUATION-AI-UPGRADE-002,,,
RULE-W9-003-164,SRC-W9-003,docs/W9-maintain/02-maintenance-dependency-debt-standard.md,183,183,merge,VERIFY-AI-UPGRADE-COMPARISON,,,
RULE-W9-003-165,SRC-W9-003,docs/W9-maintain/02-maintenance-dependency-debt-standard.md,183,183,merge,VERIFY-AI-UPGRADE-COMPARISON,,,
RULE-W9-003-166,SRC-W9-003,docs/W9-maintain/02-maintenance-dependency-debt-standard.md,183,183,merge,VERIFY-AI-UPGRADE-COMPARISON,,,
RULE-W9-003-167,SRC-W9-003,docs/W9-maintain/02-maintenance-dependency-debt-standard.md,183,183,merge,VERIFY-AI-UPGRADE-COMPARISON,,,
RULE-W9-003-168,SRC-W9-003,docs/W9-maintain/02-maintenance-dependency-debt-standard.md,183,183,merge,VERIFY-AI-UPGRADE-COMPARISON,,,
RULE-W9-003-169,SRC-W9-003,docs/W9-maintain/02-maintenance-dependency-debt-standard.md,183,183,merge,VERIFY-AI-UPGRADE-COMPARISON,,,
RULE-W9-003-170,SRC-W9-003,docs/W9-maintain/02-maintenance-dependency-debt-standard.md,184,184,merge,EVALUATION-AI-UPGRADE-003,,,
RULE-W9-003-171,SRC-W9-003,docs/W9-maintain/02-maintenance-dependency-debt-standard.md,184,184,merge,EVALUATION-AI-UPGRADE-003,,,
RULE-W9-003-172,SRC-W9-003,docs/W9-maintain/02-maintenance-dependency-debt-standard.md,185,185,merge,VERIFY-AI-DEPRECATION-DEPENDENCY-CHECK,,,
RULE-W9-003-173,SRC-W9-003,docs/W9-maintain/02-maintenance-dependency-debt-standard.md,189,189,rewrite,IMPL-DEPENDABOT-ECOSYSTEM-GROUPING,,,
RULE-W9-003-174,SRC-W9-003,docs/W9-maintain/02-maintenance-dependency-debt-standard.md,190,190,merge,EVALUATION-UPDATE-002,,,
RULE-W9-003-175,SRC-W9-003,docs/W9-maintain/02-maintenance-dependency-debt-standard.md,190,190,merge,EVALUATION-UPDATE-002,,,
RULE-W9-003-176,SRC-W9-003,docs/W9-maintain/02-maintenance-dependency-debt-standard.md,191,191,merge,VERIFY-EVIDENCE-W9-003-L191,,,
RULE-W9-003-177,SRC-W9-003,docs/W9-maintain/02-maintenance-dependency-debt-standard.md,191,191,merge,VERIFY-EVIDENCE-W9-003-L191,,,
RULE-W9-003-178,SRC-W9-003,docs/W9-maintain/02-maintenance-dependency-debt-standard.md,191,191,merge,VERIFY-EVIDENCE-W9-003-L191,,,
RULE-W9-003-179,SRC-W9-003,docs/W9-maintain/02-maintenance-dependency-debt-standard.md,191,191,rewrite,VERIFY-AI-EVAL-FIXTURE-W9-003-L191,,,
RULE-W9-003-180,SRC-W9-003,docs/W9-maintain/02-maintenance-dependency-debt-standard.md,191,191,rewrite,VERIFY-AUTOMATED-DEPENDENCY-PR-GATE,,,
RULE-W9-003-181,SRC-W9-003,docs/W9-maintain/02-maintenance-dependency-debt-standard.md,192,192,rewrite,IMPL-DEPENDENCY-PR-CONCURRENCY-LIMIT,,,
RULE-W9-003-182,SRC-W9-003,docs/W9-maintain/02-maintenance-dependency-debt-standard.md,193,193,merge,EVALUATION-UPDATE-003,,,
RULE-W9-003-183,SRC-W9-003,docs/W9-maintain/02-maintenance-dependency-debt-standard.md,193,193,merge,EVALUATION-UPDATE-003,,,
RULE-W9-003-184,SRC-W9-003,docs/W9-maintain/02-maintenance-dependency-debt-standard.md,199,199,merge,EVALUATION-HUMAN-005,,,
RULE-W9-003-185,SRC-W9-003,docs/W9-maintain/02-maintenance-dependency-debt-standard.md,200,200,rewrite,EVALUATION-HUMAN-006,,,
RULE-W9-003-186,SRC-W9-003,docs/W9-maintain/02-maintenance-dependency-debt-standard.md,201,201,merge,EVALUATION-HUMAN-005,,,
RULE-W9-003-187,SRC-W9-003,docs/W9-maintain/02-maintenance-dependency-debt-standard.md,202,202,rewrite,VERIFY-AI-EVAL-FIXTURE-W9-003-L202,,,
RULE-W9-003-188,SRC-W9-003,docs/W9-maintain/02-maintenance-dependency-debt-standard.md,203,203,rewrite,EVALUATION-DEPRECATION-004,,,
RULE-W9-003-189,SRC-W9-003,docs/W9-maintain/02-maintenance-dependency-debt-standard.md,204,204,rewrite,EVALUATION-DEBT-004,,,
RULE-W9-003-190,SRC-W9-003,docs/W9-maintain/02-maintenance-dependency-debt-standard.md,112,112,merge,VERIFY-AI-EVAL-FIXTURE-W9-003-L112,,,
RULE-W9-003-191,SRC-W9-003,docs/W9-maintain/02-maintenance-dependency-debt-standard.md,112,112,merge,VERIFY-AI-EVAL-FIXTURE-W9-003-L112,,,
RULE-W9-003-192,SRC-W9-003,docs/W9-maintain/02-maintenance-dependency-debt-standard.md,112,112,merge,VERIFY-AI-EVAL-FIXTURE-W9-003-L112,,,
RULE-W9-003-193,SRC-W9-003,docs/W9-maintain/02-maintenance-dependency-debt-standard.md,166,166,merge,EVALUATION-UPGRADE-004,,,
RULE-W9-003-194,SRC-W9-003,docs/W9-maintain/02-maintenance-dependency-debt-standard.md,166,166,merge,EVALUATION-UPGRADE-004,,,
RULE-W9-003-195,SRC-W9-003,docs/W9-maintain/02-maintenance-dependency-debt-standard.md,138,138,merge,EVALUATION-DEBT-002,,,
RULE-W9-003-196,SRC-W9-003,docs/W9-maintain/02-maintenance-dependency-debt-standard.md,185,185,merge,VERIFY-AI-DEPRECATION-DEPENDENCY-CHECK,,,
RULE-W9-003-197,SRC-W9-003,docs/W9-maintain/02-maintenance-dependency-debt-standard.md,185,185,merge,VERIFY-AI-DEPRECATION-DEPENDENCY-CHECK,,,
