segment_id,source_id,source_start_line,source_end_line,segment_kind,atomic_rule_ids,disposition,notes
SEG-W0-001-001,SRC-W0-001,1,4,rule-bearing,RULE-W0-059,extracted,"标题用于定位；line 3 的最小内核优先级形成真实规则"
SEG-W0-001-002,SRC-W0-001,5,10,rule-bearing,RULE-W0-001|RULE-W0-002|RULE-W0-003|RULE-W0-004,extracted,"用途说明提供触发边界；将四个不得单独触发的判断拆开"
SEG-W0-001-003,SRC-W0-001,11,20,rule-bearing,RULE-W0-005|RULE-W0-006|RULE-W0-007|RULE-W0-008|RULE-W0-009,extracted,"五个可选触发条件逐条提取"
SEG-W0-001-004,SRC-W0-001,21,27,rule-bearing,RULE-W0-010|RULE-W0-011|RULE-W0-012|RULE-W0-013,extracted,"四个通常排除条件逐条提取"
SEG-W0-001-005,SRC-W0-001,28,31,rule-bearing,RULE-W0-014,extracted,"最小记录的载体要求形成一条规则"
SEG-W0-001-006,SRC-W0-001,32,46,rule-bearing,RULE-W0-060|RULE-W0-061|RULE-W0-062|RULE-W0-063|RULE-W0-064|RULE-W0-065|RULE-W0-066|RULE-W0-067|RULE-W0-068|RULE-W0-069|RULE-W0-070|RULE-W0-071,extracted,"最小 intake 记录的十二个字段逐项原子化；代码围栏仅承载字段块"
SEG-W0-001-007,SRC-W0-001,47,48,rule-bearing,RULE-W0-015,extracted,"单一记录足够时不拆分工件"
SEG-W0-001-008,SRC-W0-001,49,59,rule-bearing,RULE-W0-016|RULE-W0-017|RULE-W0-018|RULE-W0-019|RULE-W0-020|RULE-W0-021|RULE-W0-022|RULE-W0-023|RULE-W0-024|RULE-W0-025|RULE-W0-026|RULE-W0-027|RULE-W0-028|RULE-W0-029|RULE-W0-030|RULE-W0-031,extracted,"判断顺序与评分边界按独立动作拆分"
SEG-W0-001-009,SRC-W0-001,60,69,rule-bearing,RULE-W0-032|RULE-W0-033|RULE-W0-034|RULE-W0-035|RULE-W0-036|RULE-W0-037|RULE-W0-038|RULE-W0-039|RULE-W0-040,extracted,"人工决策与 AI 允许/禁止边界逐条提取"
SEG-W0-001-010,SRC-W0-001,70,81,rule-bearing,RULE-W0-041|RULE-W0-042|RULE-W0-043|RULE-W0-044|RULE-W0-045|RULE-W0-046|RULE-W0-047|RULE-W0-048,extracted,"扩展触发与目录非验收边界逐条提取"
SEG-W0-001-011,SRC-W0-001,82,92,rule-bearing,RULE-W0-049|RULE-W0-050|RULE-W0-051|RULE-W0-052|RULE-W0-053|RULE-W0-054|RULE-W0-055|RULE-W0-056|RULE-W0-057|RULE-W0-058,extracted,"完成证据与五个删除条件逐条提取"
SEG-W1-001-001,SRC-W1-001,1,4,rule-bearing,RULE-W1-202,extracted,"标题用于定位；line 3 的最小内核优先级形成真实规则"
SEG-W1-001-002,SRC-W1-001,5,10,rule-bearing,RULE-W1-001|RULE-W1-002|RULE-W1-003|RULE-W1-004|RULE-W1-005,extracted,"W1 职责边界拆为五条不替代规则"
SEG-W1-001-003,SRC-W1-001,11,22,rule-bearing,RULE-W1-006|RULE-W1-007|RULE-W1-008|RULE-W1-009|RULE-W1-010|RULE-W1-011|RULE-W1-012|RULE-W1-013|RULE-W1-014|RULE-W1-015|RULE-W1-016|RULE-W1-017,extracted,"核心问题与超过一天实现前置门禁拆分"
SEG-W1-001-004,SRC-W1-001,23,30,rule-bearing,RULE-W1-018|RULE-W1-019|RULE-W1-020,extracted,"三个适用对象逐条提取"
SEG-W1-001-005,SRC-W1-001,31,36,rule-bearing,RULE-W1-021|RULE-W1-022|RULE-W1-023|RULE-W1-024,extracted,"不适用对象与事故前后路由提取"
SEG-W1-001-006,SRC-W1-001,37,40,rule-bearing,RULE-W1-025,extracted,"同一 capability 标识贯穿工件"
SEG-W1-001-007,SRC-W1-001,41,49,navigation,,excluded,"目录代码块仅说明建议工件布局；具体最小要求在后续规则段提取"
SEG-W1-001-008,SRC-W1-001,50,57,rule-bearing,RULE-W1-204|RULE-W1-205|RULE-W1-206|RULE-W1-207|RULE-W1-208|RULE-W1-209|RULE-W1-210|RULE-W1-211|RULE-W1-212|RULE-W1-213|RULE-W1-214|RULE-W1-215|RULE-W1-216|RULE-W1-217|RULE-W1-028|RULE-W1-029|RULE-W1-218|RULE-W1-219|RULE-W1-220|RULE-W1-221|RULE-W1-222|RULE-W1-223|RULE-W1-224|RULE-W1-031|RULE-W1-032,extracted,"product bet、metrics 与 experiment 字段逐项原子化，并保留反馈和学习决策边界"
SEG-W1-001-009,SRC-W1-001,58,70,rule-bearing,RULE-W1-033|RULE-W1-034|RULE-W1-035|RULE-W1-036|RULE-W1-037|RULE-W1-038|RULE-W1-039,extracted,"默认自动事项与六个人工判断点提取"
SEG-W1-001-010,SRC-W1-001,71,73,navigation,,excluded,"触发型专项标题及 analytics 文档链接用于导航；不重复形成规则"
SEG-W1-001-011,SRC-W1-001,74,74,rule-bearing,RULE-W1-040,extracted,"细化发现时不得另开重复专项"
SEG-W1-001-012,SRC-W1-001,75,80,navigation,,excluded,"跨 W 阶段和专项文件链接用于导航；具体来源后续独立 review"
SEG-W1-001-013,SRC-W1-001,81,88,rule-bearing,RULE-W1-041|RULE-W1-042|RULE-W1-043|RULE-W1-044|RULE-W1-045|RULE-W1-046|RULE-W1-047|RULE-W1-048,extracted,"六类出口及追溯证据拆分"
SEG-W1-002-001,SRC-W1-002,1,4,rule-bearing,RULE-W1-203,extracted,"标题用于定位；line 3 的最小内核优先级形成真实规则"
SEG-W1-002-002,SRC-W1-002,5,10,rule-bearing,RULE-W1-049|RULE-W1-050,extracted,"专项触发与返回主入口条件提取"
SEG-W1-002-003,SRC-W1-002,11,16,rule-bearing,RULE-W1-051|RULE-W1-052|RULE-W1-053,extracted,"采集最小化、tracking plan 与发布决策门禁拆分"
SEG-W1-002-004,SRC-W1-002,17,31,context,,excluded,"列举书籍、标准和官方文档作为规则依据；属于参考与理由，不单独形成规范判断"
SEG-W1-002-005,SRC-W1-002,32,41,rule-bearing,RULE-W1-054|RULE-W1-055|RULE-W1-056|RULE-W1-057|RULE-W1-058,extracted,"五类适用对象逐条提取"
SEG-W1-002-006,SRC-W1-002,42,48,rule-bearing,RULE-W1-059|RULE-W1-060|RULE-W1-061|RULE-W1-062,extracted,"四类不适用对象及所有权路由提取"
SEG-W1-002-007,SRC-W1-002,49,51,rule-bearing,RULE-W1-063,extracted,"同一 target 文件名约束提取"
SEG-W1-002-008,SRC-W1-002,52,61,navigation,,excluded,"目录代码块展示五类工件路径；各工件要求在后续段落提取"
SEG-W1-002-009,SRC-W1-002,62,77,rule-bearing,RULE-W1-064|RULE-W1-225|RULE-W1-226|RULE-W1-227|RULE-W1-066|RULE-W1-067|RULE-W1-228|RULE-W1-229|RULE-W1-230|RULE-W1-231|RULE-W1-232|RULE-W1-233|RULE-W1-234|RULE-W1-235|RULE-W1-069|RULE-W1-236|RULE-W1-237|RULE-W1-238|RULE-W1-239|RULE-W1-240|RULE-W1-071|RULE-W1-072|RULE-W1-073|RULE-W1-074|RULE-W1-075,extracted,"tracking plan 目的保留；复合字段组按 target、事件字段与 schema policy 逐项原子化"
SEG-W1-002-010,SRC-W1-002,78,86,rule-bearing,RULE-W1-076|RULE-W1-077|RULE-W1-078|RULE-W1-079|RULE-W1-080|RULE-W1-081|RULE-W1-082|RULE-W1-083,extracted,"事件命名、属性、来源与用途边界拆分"
SEG-W1-002-011,SRC-W1-002,87,102,rule-bearing,RULE-W1-084|RULE-W1-241|RULE-W1-242|RULE-W1-086|RULE-W1-087|RULE-W1-088|RULE-W1-089|RULE-W1-243|RULE-W1-244|RULE-W1-245|RULE-W1-246|RULE-W1-247|RULE-W1-248|RULE-W1-249|RULE-W1-091|RULE-W1-092|RULE-W1-093|RULE-W1-094|RULE-W1-095,extracted,"metrics map 目的保留；target/owner 与 metric definition 字段逐项原子化"
SEG-W1-002-012,SRC-W1-002,103,110,rule-bearing,RULE-W1-096|RULE-W1-097|RULE-W1-098|RULE-W1-250|RULE-W1-251|RULE-W1-252|RULE-W1-253|RULE-W1-254|RULE-W1-255|RULE-W1-256|RULE-W1-100|RULE-W1-101|RULE-W1-102,extracted,"主指标、依赖、七个适用 guardrail、归因与 dashboard 边界提取"
SEG-W1-002-013,SRC-W1-002,111,134,rule-bearing,RULE-W1-103|RULE-W1-257|RULE-W1-258|RULE-W1-105|RULE-W1-106|RULE-W1-107|RULE-W1-108|RULE-W1-109|RULE-W1-110|RULE-W1-111|RULE-W1-112|RULE-W1-113|RULE-W1-114|RULE-W1-115|RULE-W1-116|RULE-W1-117|RULE-W1-118|RULE-W1-119|RULE-W1-120|RULE-W1-121|RULE-W1-122,extracted,"experiment 目的保留；target 与 owner 分开，其他字段保持独立"
SEG-W1-002-014,SRC-W1-002,135,143,rule-bearing,RULE-W1-123|RULE-W1-124|RULE-W1-125|RULE-W1-126|RULE-W1-127|RULE-W1-128|RULE-W1-259|RULE-W1-260|RULE-W1-261|RULE-W1-262|RULE-W1-263|RULE-W1-130|RULE-W1-131|RULE-W1-132,extracted,"实验方法、assignment、exposure、五项可信度检查与停止门禁拆分"
SEG-W1-002-015,SRC-W1-002,144,161,rule-bearing,RULE-W1-133|RULE-W1-134|RULE-W1-135|RULE-W1-136|RULE-W1-137|RULE-W1-138|RULE-W1-139|RULE-W1-140|RULE-W1-141|RULE-W1-142|RULE-W1-143|RULE-W1-144|RULE-W1-145|RULE-W1-146,extracted,"privacy review 完整性和章节要求提取"
SEG-W1-002-016,SRC-W1-002,162,168,rule-bearing,RULE-W1-147|RULE-W1-148|RULE-W1-149|RULE-W1-264|RULE-W1-265|RULE-W1-266|RULE-W1-151|RULE-W1-152,extracted,"敏感数据、第三方、标识用途/保留/删除与保留门禁拆分"
SEG-W1-002-017,SRC-W1-002,169,185,rule-bearing,RULE-W1-153|RULE-W1-154|RULE-W1-155|RULE-W1-156|RULE-W1-157|RULE-W1-158|RULE-W1-159|RULE-W1-160|RULE-W1-161|RULE-W1-162|RULE-W1-163|RULE-W1-164|RULE-W1-165,extracted,"data quality review 完整性和章节要求提取"
SEG-W1-002-018,SRC-W1-002,186,191,rule-bearing,RULE-W1-166|RULE-W1-167|RULE-W1-168|RULE-W1-169,extracted,"复查频率、变更触发与高影响决策时效门禁提取"
SEG-W1-002-019,SRC-W1-002,192,200,rule-bearing,RULE-W1-170|RULE-W1-171|RULE-W1-267|RULE-W1-268|RULE-W1-269|RULE-W1-270|RULE-W1-271|RULE-W1-272|RULE-W1-273|RULE-W1-274|RULE-W1-275|RULE-W1-276|RULE-W1-277|RULE-W1-173|RULE-W1-174|RULE-W1-278|RULE-W1-279|RULE-W1-280|RULE-W1-281|RULE-W1-282|RULE-W1-176|RULE-W1-283|RULE-W1-284|RULE-W1-285|RULE-W1-286|RULE-W1-287|RULE-W1-178,extracted,"后端事件 envelope、sqlc 状态、provider 控制逐项原子化，并保留边界与降级规则"
SEG-W1-002-020,SRC-W1-002,201,209,rule-bearing,RULE-W1-179|RULE-W1-180|RULE-W1-181|RULE-W1-182|RULE-W1-183|RULE-W1-184|RULE-W1-185|RULE-W1-288|RULE-W1-289|RULE-W1-187|RULE-W1-290|RULE-W1-291|RULE-W1-292|RULE-W1-293|RULE-W1-294,extracted,"前端 client、配置、自动采集、敏感属性、UX 属性与事件关联逐项拆分"
SEG-W1-002-021,SRC-W1-002,210,216,rule-bearing,RULE-W1-295|RULE-W1-296|RULE-W1-297|RULE-W1-298|RULE-W1-299|RULE-W1-300|RULE-W1-301|RULE-W1-302|RULE-W1-303|RULE-W1-304|RULE-W1-190|RULE-W1-191|RULE-W1-192|RULE-W1-193|RULE-W1-194,extracted,"十个 AI 产品事件字段逐项原子化，并保留数据、质量与人工决策门禁"
SEG-W1-002-022,SRC-W1-002,217,229,rule-bearing,RULE-W1-195|RULE-W1-196|RULE-W1-197|RULE-W1-198|RULE-W1-199|RULE-W1-200|RULE-W1-201,extracted,"六个人工判断点与自动检查责任边界提取"
SEG-W2-001-001,SRC-W2-001,1,4,rule-bearing,RULE-W2-251,extracted,"标题用于定位；line 3 的最小内核优先级形成真实规则"
SEG-W2-001-002,SRC-W2-001,5,10,rule-bearing,RULE-W2-001|RULE-W2-002|RULE-W2-003|RULE-W2-004,extracted,"W2 职责与实现前边界拆分"
SEG-W2-001-003,SRC-W2-001,11,22,rule-bearing,RULE-W2-005|RULE-W2-006|RULE-W2-007|RULE-W2-008|RULE-W2-009|RULE-W2-010|RULE-W2-011|RULE-W2-012|RULE-W2-013|RULE-W2-014|RULE-W2-015|RULE-W2-016|RULE-W2-017,extracted,"触发、核心问题与三类实现门禁拆分"
SEG-W2-001-004,SRC-W2-001,23,30,rule-bearing,RULE-W2-018|RULE-W2-019|RULE-W2-020,extracted,"三类适用对象提取"
SEG-W2-001-005,SRC-W2-001,31,36,rule-bearing,RULE-W2-021|RULE-W2-022|RULE-W2-023,extracted,"三个不适用对象与阶段路由提取"
SEG-W2-001-006,SRC-W2-001,37,48,navigation,,excluded,"OpenSpec 目录代码块说明结构；具体文件最低要求在后续段落提取"
SEG-W2-001-007,SRC-W2-001,49,55,rule-bearing,RULE-W2-024|RULE-W2-025|RULE-W2-026|RULE-W2-027,extracted,"四个 OpenSpec 最小文件要求提取"
SEG-W2-001-008,SRC-W2-001,56,67,rule-bearing,RULE-W2-028|RULE-W2-029|RULE-W2-030|RULE-W2-031|RULE-W2-032|RULE-W2-033|RULE-W2-034|RULE-W2-035|RULE-W2-036,extracted,"九类按需专项工件逐条提取"
SEG-W2-001-009,SRC-W2-001,68,80,rule-bearing,RULE-W2-037|RULE-W2-038|RULE-W2-039|RULE-W2-040|RULE-W2-041|RULE-W2-042|RULE-W2-043,extracted,"默认自动事项与六个人工判断点提取"
SEG-W2-001-010,SRC-W2-001,81,88,navigation,,excluded,"触发型专项文件链接用于导航；各专项来源独立 review"
SEG-W2-001-011,SRC-W2-001,89,97,rule-bearing,RULE-W2-044|RULE-W2-045|RULE-W2-046|RULE-W2-047|RULE-W2-048|RULE-W2-049|RULE-W2-050,extracted,"七类阶段出口逐条提取"
SEG-W2-002-001,SRC-W2-002,1,3,rule-bearing,RULE-W2-252,extracted,"标题用于定位；line 3 的最小内核优先级形成真实规则"
SEG-W2-002-002,SRC-W2-002,4,9,rule-bearing,RULE-W2-051|RULE-W2-052,extracted,"专项触发与返回主入口条件提取"
SEG-W2-002-003,SRC-W2-002,10,15,rule-bearing,RULE-W2-053|RULE-W2-054,extracted,"复杂度原则与架构决策证据要求拆分"
SEG-W2-002-004,SRC-W2-002,16,30,context,,excluded,"列举架构理论与官方文档作为依据；属于参考与理由，不形成独立规范判断"
SEG-W2-002-005,SRC-W2-002,31,39,rule-bearing,RULE-W2-055|RULE-W2-056|RULE-W2-057|RULE-W2-058,extracted,"四类适用对象逐条提取"
SEG-W2-002-006,SRC-W2-002,40,45,rule-bearing,RULE-W2-059|RULE-W2-060|RULE-W2-061,extracted,"三类不适用对象逐条提取"
SEG-W2-002-007,SRC-W2-002,46,57,rule-bearing,RULE-W2-256|RULE-W2-257|RULE-W2-258|RULE-W2-259|RULE-W2-260,extracted,"target 命名与四个最小架构工件路径逐项提取"
SEG-W2-002-008,SRC-W2-002,58,71,rule-bearing,RULE-W2-310|RULE-W2-311|RULE-W2-312|RULE-W2-313|RULE-W2-314|RULE-W2-315|RULE-W2-316|RULE-W2-063,extracted,"ADR 七个字段逐项原子化，并保留显著决策触发范围"
SEG-W2-002-009,SRC-W2-002,72,99,rule-bearing,RULE-W2-064|RULE-W2-317|RULE-W2-318|RULE-W2-319|RULE-W2-320|RULE-W2-321|RULE-W2-322|RULE-W2-323|RULE-W2-324|RULE-W2-325|RULE-W2-326|RULE-W2-327|RULE-W2-328|RULE-W2-329|RULE-W2-330|RULE-W2-331|RULE-W2-332|RULE-W2-333|RULE-W2-334|RULE-W2-335|RULE-W2-336|RULE-W2-337|RULE-W2-338|RULE-W2-339,extracted,"boundary 工件目的保留；boundary 与 module 字段逐项原子化"
SEG-W2-002-010,SRC-W2-002,100,115,rule-bearing,RULE-W2-066|RULE-W2-340|RULE-W2-341|RULE-W2-342|RULE-W2-343|RULE-W2-344|RULE-W2-345|RULE-W2-346|RULE-W2-347|RULE-W2-348|RULE-W2-067|RULE-W2-068|RULE-W2-069,extracted,"module map 目的保留；九个章节与架构图层级规则独立提取"
SEG-W2-002-011,SRC-W2-002,116,133,rule-bearing,RULE-W2-070|RULE-W2-349|RULE-W2-350|RULE-W2-351|RULE-W2-352|RULE-W2-353|RULE-W2-354|RULE-W2-355|RULE-W2-356|RULE-W2-357|RULE-W2-358,extracted,"dependency rules 目的保留；工件和单条规则字段逐项原子化"
SEG-W2-002-012,SRC-W2-002,134,135,example,,excluded,"依赖方向示例用于说明规则写法；不作为独立要求重复提取"
SEG-W2-002-013,SRC-W2-002,136,152,rule-bearing,RULE-W2-261|RULE-W2-262|RULE-W2-263|RULE-W2-264|RULE-W2-265|RULE-W2-266|RULE-W2-267|RULE-W2-268|RULE-W2-269|RULE-W2-270,extracted,"Go/Kratos 十个默认目录路径逐项提取"
SEG-W2-002-014,SRC-W2-002,153,165,rule-bearing,RULE-W2-072|RULE-W2-073|RULE-W2-074|RULE-W2-075|RULE-W2-076|RULE-W2-077|RULE-W2-078|RULE-W2-079|RULE-W2-080|RULE-W2-081|RULE-W2-082|RULE-W2-083|RULE-W2-084|RULE-W2-085,extracted,"Go 分层与服务拆分默认边界逐条提取"
SEG-W2-002-015,SRC-W2-002,166,181,rule-bearing,RULE-W2-271|RULE-W2-272|RULE-W2-273|RULE-W2-274|RULE-W2-275|RULE-W2-276|RULE-W2-277|RULE-W2-278|RULE-W2-279,extracted,"Vite 九个默认目录路径逐项提取"
SEG-W2-002-016,SRC-W2-002,182,190,rule-bearing,RULE-W2-086|RULE-W2-087|RULE-W2-088|RULE-W2-089|RULE-W2-090|RULE-W2-091|RULE-W2-092,extracted,"Vite feature/shared/design system 边界拆分"
SEG-W2-002-017,SRC-W2-002,191,198,rule-bearing,RULE-W2-093|RULE-W2-094|RULE-W2-095|RULE-W2-359|RULE-W2-360|RULE-W2-361|RULE-W2-362|RULE-W2-363|RULE-W2-364|RULE-W2-365|RULE-W2-097|RULE-W2-098|RULE-W2-099|RULE-W2-100,extracted,"AI workflow 编排、tool port 七字段、依赖与高风险输出边界拆分"
SEG-W2-002-018,SRC-W2-002,199,210,rule-bearing,RULE-W2-101|RULE-W2-102|RULE-W2-103|RULE-W2-104|RULE-W2-105|RULE-W2-106,extracted,"五个人工架构判断点与自动工件责任提取"
SEG-W2-002-019,SRC-W2-002,211,219,rule-bearing,RULE-W2-107|RULE-W2-108|RULE-W2-109|RULE-W2-110|RULE-W2-111|RULE-W2-112|RULE-W2-113,extracted,"六组默认取舍及死代码规则拆分"
SEG-W2-003-001,SRC-W2-003,1,3,rule-bearing,RULE-W2-253,extracted,"标题用于定位；line 3 的最小内核优先级形成真实规则"
SEG-W2-003-002,SRC-W2-003,4,9,rule-bearing,RULE-W2-114|RULE-W2-115,extracted,"专项触发与返回主入口条件提取"
SEG-W2-003-003,SRC-W2-003,10,15,rule-bearing,RULE-W2-116|RULE-W2-117|RULE-W2-118,extracted,"稳定优先、additive 与高风险变化边界拆分"
SEG-W2-003-004,SRC-W2-003,16,29,context,,excluded,"列举契约理论、标准和官方文档作为依据；属于参考与理由"
SEG-W2-003-005,SRC-W2-003,30,41,rule-bearing,RULE-W2-119|RULE-W2-120|RULE-W2-121|RULE-W2-122|RULE-W2-123|RULE-W2-124|RULE-W2-125,extracted,"七类契约适用对象逐条提取"
SEG-W2-003-006,SRC-W2-003,42,47,rule-bearing,RULE-W2-126|RULE-W2-127|RULE-W2-128,extracted,"三个不适用对象逐条提取"
SEG-W2-003-007,SRC-W2-003,48,61,rule-bearing,RULE-W2-280|RULE-W2-281|RULE-W2-282|RULE-W2-283|RULE-W2-284|RULE-W2-285|RULE-W2-286,extracted,"target 命名与六个最小契约工件路径逐项提取"
SEG-W2-003-008,SRC-W2-003,62,63,rule-bearing,RULE-W2-129,extracted,"AI schema 条件创建规则提取"
SEG-W2-003-009,SRC-W2-003,64,93,rule-bearing,RULE-W2-366|RULE-W2-367|RULE-W2-368|RULE-W2-369|RULE-W2-370|RULE-W2-371|RULE-W2-372|RULE-W2-373|RULE-W2-374|RULE-W2-375|RULE-W2-376|RULE-W2-377|RULE-W2-378|RULE-W2-379|RULE-W2-380|RULE-W2-381|RULE-W2-382|RULE-W2-383|RULE-W2-384|RULE-W2-385|RULE-W2-132|RULE-W2-133,extracted,"surface map 十一字段、surface 九字段与 stable 门禁逐项提取"
SEG-W2-003-010,SRC-W2-003,94,112,rule-bearing,RULE-W2-386|RULE-W2-387|RULE-W2-388|RULE-W2-389|RULE-W2-390|RULE-W2-391|RULE-W2-392|RULE-W2-393|RULE-W2-135|RULE-W2-136|RULE-W2-137,extracted,"compatibility policy 八章节与三种兼容定义逐项提取"
SEG-W2-003-011,SRC-W2-003,113,133,rule-bearing,RULE-W2-394|RULE-W2-395|RULE-W2-396|RULE-W2-397|RULE-W2-398|RULE-W2-399|RULE-W2-400|RULE-W2-401|RULE-W2-139|RULE-W2-140|RULE-W2-141|RULE-W2-142|RULE-W2-143|RULE-W2-144|RULE-W2-145|RULE-W2-146|RULE-W2-147,extracted,"Protobuf 计划八章节与安全演进规则逐项提取"
SEG-W2-003-012,SRC-W2-003,134,148,rule-bearing,RULE-W2-402|RULE-W2-403|RULE-W2-404|RULE-W2-405|RULE-W2-406|RULE-W2-407|RULE-W2-408|RULE-W2-409|RULE-W2-149,extracted,"error model 八章节与可观察错误契约边界逐项提取"
SEG-W2-003-013,SRC-W2-003,149,170,rule-bearing,RULE-W2-410|RULE-W2-411|RULE-W2-412|RULE-W2-413|RULE-W2-414|RULE-W2-415|RULE-W2-416|RULE-W2-417|RULE-W2-418|RULE-W2-419|RULE-W2-151|RULE-W2-152|RULE-W2-153|RULE-W2-154,extracted,"contract test plan 十字段与四类默认 gate 逐项提取"
SEG-W2-003-014,SRC-W2-003,171,195,rule-bearing,RULE-W2-420|RULE-W2-421|RULE-W2-422|RULE-W2-423|RULE-W2-424|RULE-W2-425|RULE-W2-426|RULE-W2-427|RULE-W2-428|RULE-W2-429|RULE-W2-430|RULE-W2-431|RULE-W2-432|RULE-W2-433|RULE-W2-434|RULE-W2-157,extracted,"AI contract 七字段、schema 八字段与行为契约变化边界逐项提取"
SEG-W2-003-015,SRC-W2-003,196,204,rule-bearing,RULE-W2-158|RULE-W2-159|RULE-W2-160|RULE-W2-161|RULE-W2-162|RULE-W2-163|RULE-W2-164|RULE-W2-165|RULE-W2-166|RULE-W2-167,extracted,"proto 权威、版本、弃用、gate、metadata 与错误规则拆分"
SEG-W2-003-016,SRC-W2-003,205,211,rule-bearing,RULE-W2-168|RULE-W2-169|RULE-W2-170|RULE-W2-171|RULE-W2-172,extracted,"HTTP/Vite client 契约与验证规则拆分"
SEG-W2-003-017,SRC-W2-003,212,219,rule-bearing,RULE-W2-173|RULE-W2-174|RULE-W2-175|RULE-W2-176|RULE-W2-177|RULE-W2-178|RULE-W2-179|RULE-W2-499|RULE-W2-500|RULE-W2-501|RULE-W2-502,extracted,"AI tool、prompt、schema fixture、strict 与高风险工具稳定字段或上下文逐项拆分"
SEG-W2-003-018,SRC-W2-003,220,232,rule-bearing,RULE-W2-180|RULE-W2-181|RULE-W2-182|RULE-W2-183|RULE-W2-184|RULE-W2-185|RULE-W2-186,extracted,"六个人工契约判断点与自动检查责任提取"
SEG-W2-004-001,SRC-W2-004,1,4,rule-bearing,RULE-W2-254,extracted,"标题用于定位；line 3 的最小内核优先级形成真实规则"
SEG-W2-004-002,SRC-W2-004,5,10,rule-bearing,RULE-W2-187|RULE-W2-188,extracted,"专项触发与返回主入口条件提取"
SEG-W2-004-003,SRC-W2-004,11,16,rule-bearing,RULE-W2-189|RULE-W2-190|RULE-W2-191|RULE-W2-192|RULE-W2-193,extracted,"默认拒绝、最小权限、访问检查、secret 与 AI 副作用边界拆分"
SEG-W2-004-004,SRC-W2-004,17,22,context,,excluded,"角色消费者用于说明谁使用本规范；不构成新的规范判断"
SEG-W2-004-005,SRC-W2-004,23,38,rule-bearing,RULE-W2-287|RULE-W2-288|RULE-W2-289|RULE-W2-290|RULE-W2-291|RULE-W2-292|RULE-W2-293|RULE-W2-294,extracted,"八个 security/Auth 最小工件路径逐项提取"
SEG-W2-004-006,SRC-W2-004,39,40,rule-bearing,RULE-W2-194,extracted,"允许从单 target 最小版本开始"
SEG-W2-004-007,SRC-W2-004,41,49,rule-bearing,RULE-W2-435|RULE-W2-436|RULE-W2-437|RULE-W2-438|RULE-W2-439|RULE-W2-440|RULE-W2-441|RULE-W2-442|RULE-W2-443|RULE-W2-444|RULE-W2-445|RULE-W2-446|RULE-W2-447|RULE-W2-448|RULE-W2-449|RULE-W2-450|RULE-W2-451|RULE-W2-452|RULE-W2-198|RULE-W2-199|RULE-W2-453|RULE-W2-454|RULE-W2-455|RULE-W2-456|RULE-W2-457|RULE-W2-458|RULE-W2-459|RULE-W2-460|RULE-W2-461,extracted,"威胁、数据、Auth、审计、供应链与 AI 安全覆盖项逐项原子化"
SEG-W2-004-008,SRC-W2-004,50,57,rule-bearing,RULE-W2-202|RULE-W2-203|RULE-W2-204|RULE-W2-205|RULE-W2-206|RULE-W2-207|RULE-W2-208|RULE-W2-209|RULE-W2-210|RULE-W2-211|RULE-W2-212,extracted,"登录、tenant、分层、metadata 与 AI tool 默认实现边界拆分"
SEG-W2-004-009,SRC-W2-004,58,66,rule-bearing,RULE-W2-213|RULE-W2-214|RULE-W2-215|RULE-W2-216|RULE-W2-217|RULE-W2-218,extracted,"六个人工安全判断点提取"
SEG-W2-004-010,SRC-W2-004,67,70,rule-bearing,RULE-W2-219,extracted,"thin slice 成本取舍提取"
SEG-W2-004-011,SRC-W2-004,71,73,rule-bearing,RULE-W2-220,extracted,"高影响 change 的安全/Auth 追溯要求提取"
SEG-W2-005-001,SRC-W2-005,1,4,rule-bearing,RULE-W2-255,extracted,"标题用于定位；line 3 的最小内核优先级形成真实规则"
SEG-W2-005-002,SRC-W2-005,5,10,rule-bearing,RULE-W2-221|RULE-W2-222,extracted,"专项触发与返回主入口条件提取"
SEG-W2-005-003,SRC-W2-005,11,16,rule-bearing,RULE-W2-223|RULE-W2-224|RULE-W2-225|RULE-W2-226|RULE-W2-227,extracted,"成本、数据、供应商、IP 与承诺原则拆分"
SEG-W2-005-004,SRC-W2-005,17,23,context,,excluded,"角色消费者用于说明谁使用本规范；不构成新的规范判断"
SEG-W2-005-005,SRC-W2-005,24,27,rule-bearing,RULE-W2-228,extracted,"按真实触发选择最小工件集合"
SEG-W2-005-006,SRC-W2-005,28,54,rule-bearing,RULE-W2-295|RULE-W2-296|RULE-W2-297|RULE-W2-298|RULE-W2-299|RULE-W2-300|RULE-W2-301|RULE-W2-302|RULE-W2-303|RULE-W2-304|RULE-W2-305|RULE-W2-306|RULE-W2-307|RULE-W2-308|RULE-W2-309,extracted,"成本、客户数据、供应商、IP 与信任的十五个最小工件路径逐项提取"
SEG-W2-005-007,SRC-W2-005,55,62,rule-bearing,RULE-W2-462|RULE-W2-463|RULE-W2-464|RULE-W2-465|RULE-W2-466|RULE-W2-467|RULE-W2-468|RULE-W2-469|RULE-W2-470|RULE-W2-471|RULE-W2-472|RULE-W2-473|RULE-W2-474|RULE-W2-475|RULE-W2-476|RULE-W2-477|RULE-W2-478|RULE-W2-479|RULE-W2-480|RULE-W2-481|RULE-W2-482|RULE-W2-483|RULE-W2-484|RULE-W2-233|RULE-W2-234,extracted,"成本上限、客户数据、供应商、IP 证据与 claim 门禁逐项原子化"
SEG-W2-005-008,SRC-W2-005,63,70,rule-bearing,RULE-W2-485|RULE-W2-486|RULE-W2-487|RULE-W2-488|RULE-W2-489|RULE-W2-236|RULE-W2-490|RULE-W2-491|RULE-W2-492|RULE-W2-493|RULE-W2-494|RULE-W2-238|RULE-W2-495|RULE-W2-496|RULE-W2-497|RULE-W2-498|RULE-W2-240|RULE-W2-241|RULE-W2-242,extracted,"预算阈值、数据作业控制、供应商控制、license 与 disclosure 规则逐项原子化"
SEG-W2-005-009,SRC-W2-005,71,78,rule-bearing,RULE-W2-243|RULE-W2-244|RULE-W2-245|RULE-W2-246|RULE-W2-247,extracted,"五个人工高风险判断点提取"
SEG-W2-005-010,SRC-W2-005,79,82,rule-bearing,RULE-W2-248,extracted,"按触发补最小工件的成本取舍提取"
SEG-W2-005-011,SRC-W2-005,83,85,rule-bearing,RULE-W2-249|RULE-W2-250,extracted,"证据链接与降级路径拆分"
"SEG-W3-001-001","SRC-W3-001","1","4","rule-bearing","RULE-W3-001-001|RULE-W3-001-172","extracted","标题定位并分别提取 playbook 可选性与最小内核权威优先级"
"SEG-W3-001-002","SRC-W3-001","5","10","rule-bearing","RULE-W3-001-002|RULE-W3-001-003|RULE-W3-001-004|RULE-W3-001-005|RULE-W3-001-173","extracted","W3 唯一主入口及与 W1/W2/W4 的进入和出口边界"
"SEG-W3-001-003","SRC-W3-001","11","15","rule-bearing","RULE-W3-001-006|RULE-W3-001-007|RULE-W3-001-008|RULE-W3-001-009","extracted","目标、失败、拒绝、降级行为逐项提取"
"SEG-W3-001-004","SRC-W3-001","16","16","rule-bearing","RULE-W3-001-010|RULE-W3-001-011|RULE-W3-001-012|RULE-W3-001-013|RULE-W3-001-014|RULE-W3-001-015|RULE-W3-001-016|RULE-W3-001-017","extracted","样本类别逐项提取"
"SEG-W3-001-005","SRC-W3-001","17","17","rule-bearing","RULE-W3-001-018|RULE-W3-001-019|RULE-W3-001-020|RULE-W3-001-021|RULE-W3-001-022|RULE-W3-001-023|RULE-W3-001-024|RULE-W3-001-025","extracted","必须由 eval 证明的变化逐项提取"
"SEG-W3-001-006","SRC-W3-001","18","18","rule-bearing","RULE-W3-001-026|RULE-W3-001-027|RULE-W3-001-028|RULE-W3-001-029|RULE-W3-001-030|RULE-W3-001-031|RULE-W3-001-032","extracted","可接受边界逐项提取"
"SEG-W3-001-007","SRC-W3-001","19","22","rule-bearing","RULE-W3-001-033|RULE-W3-001-038|RULE-W3-001-039|RULE-W3-001-040|RULE-W3-001-041|RULE-W3-001-042","extracted","失败替代处置单条自包含及实现发布 gate 逐项提取"
"SEG-W3-001-008","SRC-W3-001","23","30","rule-bearing","RULE-W3-001-043|RULE-W3-001-044|RULE-W3-001-045|RULE-W3-001-046|RULE-W3-001-047|RULE-W3-001-048|RULE-W3-001-049|RULE-W3-001-050|RULE-W3-001-051|RULE-W3-001-052|RULE-W3-001-053|RULE-W3-001-054|RULE-W3-001-055|RULE-W3-001-056|RULE-W3-001-057|RULE-W3-001-058|RULE-W3-001-059|RULE-W3-001-060|RULE-W3-001-061|RULE-W3-001-062|RULE-W3-001-063|RULE-W3-001-064|RULE-W3-001-065|RULE-W3-001-066|RULE-W3-001-067|RULE-W3-001-068|RULE-W3-001-069|RULE-W3-001-070|RULE-W3-001-071|RULE-W3-001-072|RULE-W3-001-073","extracted","适用变化和产品表面逐项原子化"
"SEG-W3-001-009","SRC-W3-001","31","33","rule-bearing","RULE-W3-001-074|RULE-W3-001-075|RULE-W3-001-076|RULE-W3-001-077","extracted","W1 回退条件逐项提取"
"SEG-W3-001-010","SRC-W3-001","34","34","rule-bearing","RULE-W3-001-078|RULE-W3-001-079|RULE-W3-001-080|RULE-W3-001-081|RULE-W3-001-082|RULE-W3-001-083","extracted","W2 回退边界逐项提取"
"SEG-W3-001-011","SRC-W3-001","35","37","rule-bearing","RULE-W3-001-084|RULE-W3-001-085","extracted","实现与线上学习的阶段路由"
"SEG-W3-001-012","SRC-W3-001","38","49","rule-bearing","RULE-W3-001-086|RULE-W3-001-087|RULE-W3-001-088|RULE-W3-001-089","extracted","最小 AI 工件默认路径逐项提取"
"SEG-W3-001-013","SRC-W3-001","50","57","rule-bearing","RULE-W3-001-090|RULE-W3-001-091|RULE-W3-001-092|RULE-W3-001-093|RULE-W3-001-094|RULE-W3-001-095|RULE-W3-001-096|RULE-W3-001-097|RULE-W3-001-098|RULE-W3-001-099","extracted","触发型目录和 change 门禁逐项提取"
"SEG-W3-001-014","SRC-W3-001","58","60","rule-bearing","RULE-W3-001-100|RULE-W3-001-101|RULE-W3-001-102|RULE-W3-001-103|RULE-W3-001-104|RULE-W3-001-105|RULE-W3-001-106|RULE-W3-001-107|RULE-W3-001-108","extracted","eval 数量与样例类型逐项提取"
"SEG-W3-001-015","SRC-W3-001","61","64","rule-bearing","RULE-W3-001-109|RULE-W3-001-110|RULE-W3-001-111|RULE-W3-001-112|RULE-W3-001-113|RULE-W3-001-114","extracted","默认不问的低风险判断逐项提取"
"SEG-W3-001-016","SRC-W3-001","65","67","rule-bearing","RULE-W3-001-115|RULE-W3-001-116|RULE-W3-001-117|RULE-W3-001-118|RULE-W3-001-119|RULE-W3-001-120|RULE-W3-001-121","extracted","AI 外部动作人工判断逐项提取"
"SEG-W3-001-017","SRC-W3-001","68","68","rule-bearing","RULE-W3-001-122|RULE-W3-001-123|RULE-W3-001-124|RULE-W3-001-125|RULE-W3-001-126|RULE-W3-001-127|RULE-W3-001-128|RULE-W3-001-129|RULE-W3-001-130|RULE-W3-001-131","extracted","高影响领域逐项提取"
"SEG-W3-001-018","SRC-W3-001","69","69","rule-bearing","RULE-W3-001-132|RULE-W3-001-133|RULE-W3-001-134|RULE-W3-001-135|RULE-W3-001-136|RULE-W3-001-137","extracted","用户数据接收方变更逐项提取"
"SEG-W3-001-019","SRC-W3-001","70","70","rule-bearing","RULE-W3-001-138|RULE-W3-001-139|RULE-W3-001-140|RULE-W3-001-141","extracted","高自治高权限与未缓解发现门禁"
"SEG-W3-001-020","SRC-W3-001","71","71","rule-bearing","RULE-W3-001-142|RULE-W3-001-143|RULE-W3-001-144|RULE-W3-001-145|RULE-W3-001-146|RULE-W3-001-147|RULE-W3-001-148|RULE-W3-001-149|RULE-W3-001-150","extracted","AI 默认行为变化人工判断逐项提取"
"SEG-W3-001-021","SRC-W3-001","72","73","rule-bearing","RULE-W3-001-151|RULE-W3-001-152|RULE-W3-001-153|RULE-W3-001-154|RULE-W3-001-155|RULE-W3-001-156|RULE-W3-001-157","extracted","接受失败、例外和数据风险逐项提取"
"SEG-W3-001-022","SRC-W3-001","74","79","navigation","","excluded","专项文件路由仅用于导航，规则由被指向来源独立提取"
"SEG-W3-001-023","SRC-W3-001","80","80","rule-bearing","RULE-W3-001-158|RULE-W3-001-159|RULE-W3-001-160|RULE-W3-001-161|RULE-W3-001-162","extracted","模型优化前置与单独 change 要求"
"SEG-W3-001-024","SRC-W3-001","81","82","rule-bearing","RULE-W3-001-163|RULE-W3-001-164","extracted","本地化风险和单独 change 要求"
"SEG-W3-001-025","SRC-W3-001","83","90","rule-bearing","RULE-W3-001-165|RULE-W3-001-166|RULE-W3-001-167|RULE-W3-001-168|RULE-W3-001-169|RULE-W3-001-170|RULE-W3-001-171","extracted","阶段出口与样本学习回流"
"SEG-W3-002-001","SRC-W3-002","1","4","rule-bearing","RULE-W3-002-001|RULE-W3-002-201","extracted","标题定位并分别提取 playbook 可选性与权威优先级"
"SEG-W3-002-002","SRC-W3-002","5","10","rule-bearing","RULE-W3-002-002|RULE-W3-002-003","extracted","专项触发和主入口回退"
SEG-W3-002-003,SRC-W3-002,11,14,rule-bearing,RULE-W3-002-004|RULE-W3-002-203|RULE-W3-002-005|RULE-W3-002-006,extracted,行为目标与 eval 先行拆为独立规则，并保留工件载体边界
"SEG-W3-002-004","SRC-W3-002","15","22","context","","excluded","专项解决范围用于说明本文件职责，不形成独立约束"
"SEG-W3-002-005","SRC-W3-002","23","24","rule-bearing","RULE-W3-002-007|RULE-W3-002-008|RULE-W3-002-009|RULE-W3-002-010|RULE-W3-002-011|RULE-W3-002-012|RULE-W3-002-013|RULE-W3-002-014","extracted","超出专项范围的独立 change 触发逐项提取"
"SEG-W3-002-006","SRC-W3-002","25","37","context","","excluded","外部依据与转译理由提供背景，不直接形成新增规则"
"SEG-W3-002-007","SRC-W3-002","38","47","rule-bearing","RULE-W3-002-015|RULE-W3-002-017|RULE-W3-002-019|RULE-W3-002-020|RULE-W3-002-022|RULE-W3-002-023|RULE-W3-002-024|RULE-W3-002-025|RULE-W3-002-026|RULE-W3-002-027|RULE-W3-002-028|RULE-W3-002-030|RULE-W3-002-031","extracted","模型复杂度、prompt、eval、schema 和配置默认的正反边界单条化"
"SEG-W3-002-008","SRC-W3-002","48","60","rule-bearing","RULE-W3-002-032|RULE-W3-002-033|RULE-W3-002-034|RULE-W3-002-035|RULE-W3-002-036|RULE-W3-002-037","extracted","AI artifact 默认路径逐项提取"
"SEG-W3-002-009","SRC-W3-002","61","70","rule-bearing","RULE-W3-002-038|RULE-W3-002-039|RULE-W3-002-040|RULE-W3-002-041|RULE-W3-002-042|RULE-W3-002-043|RULE-W3-002-044|RULE-W3-002-045|RULE-W3-002-046|RULE-W3-002-047|RULE-W3-002-048|RULE-W3-002-049|RULE-W3-002-050|RULE-W3-002-051|RULE-W3-002-052|RULE-W3-002-053|RULE-W3-002-054|RULE-W3-002-055|RULE-W3-002-056","extracted","capability、prompt、case、rubric、runbook 和 schema 要求逐项原子化"
"SEG-W3-002-010","SRC-W3-002","71","85","rule-bearing","RULE-W3-002-057|RULE-W3-002-058|RULE-W3-002-059|RULE-W3-002-060|RULE-W3-002-061|RULE-W3-002-062|RULE-W3-002-063|RULE-W3-002-064|RULE-W3-002-065|RULE-W3-002-066|RULE-W3-002-067|RULE-W3-002-068|RULE-W3-002-069|RULE-W3-002-070|RULE-W3-002-071|RULE-W3-002-072|RULE-W3-002-073|RULE-W3-002-074|RULE-W3-002-075|RULE-W3-002-076|RULE-W3-002-077|RULE-W3-002-078|RULE-W3-002-079|RULE-W3-002-080|RULE-W3-002-081|RULE-W3-002-082","extracted","实现顺序内的字段、条件和证据逐项原子化"
"SEG-W3-002-011","SRC-W3-002","86","94","rule-bearing","RULE-W3-002-083|RULE-W3-002-084|RULE-W3-002-085|RULE-W3-002-086|RULE-W3-002-087|RULE-W3-002-088|RULE-W3-002-089|RULE-W3-002-090|RULE-W3-002-091|RULE-W3-002-092|RULE-W3-002-093|RULE-W3-002-094|RULE-W3-002-095|RULE-W3-002-097|RULE-W3-002-098|RULE-W3-002-099|RULE-W3-002-100|RULE-W3-002-101|RULE-W3-002-102","extracted","prompt 元数据、示例、输入分区与高优先级隔离单条边界、敏感内容约束"
"SEG-W3-002-012","SRC-W3-002","95","110","rule-bearing","RULE-W3-002-103|RULE-W3-002-104|RULE-W3-002-105|RULE-W3-002-106|RULE-W3-002-107|RULE-W3-002-108|RULE-W3-002-109|RULE-W3-002-110|RULE-W3-002-111|RULE-W3-002-112|RULE-W3-002-113|RULE-W3-002-114|RULE-W3-002-115|RULE-W3-002-116|RULE-W3-002-117|RULE-W3-002-118|RULE-W3-002-119|RULE-W3-002-120|RULE-W3-002-121|RULE-W3-002-122|RULE-W3-002-123|RULE-W3-002-124|RULE-W3-002-125","extracted","case schema、最低 eval、失败处置和历史结果字段"
"SEG-W3-002-013","SRC-W3-002","111","130","rule-bearing","RULE-W3-002-126|RULE-W3-002-127|RULE-W3-002-128|RULE-W3-002-129|RULE-W3-002-130|RULE-W3-002-131|RULE-W3-002-132|RULE-W3-002-133|RULE-W3-002-134|RULE-W3-002-137|RULE-W3-002-138|RULE-W3-002-140","extracted","workflow 层级与升级证据、停止控制替代项、审计及回滚或人工确认"
"SEG-W3-002-014","SRC-W3-002","131","141","rule-bearing","RULE-W3-002-141|RULE-W3-002-142|RULE-W3-002-143|RULE-W3-002-144|RULE-W3-002-145|RULE-W3-002-146|RULE-W3-002-147|RULE-W3-002-148|RULE-W3-002-149|RULE-W3-002-150|RULE-W3-002-151|RULE-W3-002-152|RULE-W3-002-153|RULE-W3-002-154|RULE-W3-002-155|RULE-W3-002-156|RULE-W3-002-157|RULE-W3-002-158|RULE-W3-002-159|RULE-W3-002-160","extracted","工具 docstring、结构化参数、幂等权限审计和安全测试逐项提取"
"SEG-W3-002-015","SRC-W3-002","142","152","rule-bearing","RULE-W3-002-161|RULE-W3-002-162|RULE-W3-002-163|RULE-W3-002-164|RULE-W3-002-165|RULE-W3-002-166|RULE-W3-002-167|RULE-W3-002-168|RULE-W3-002-169|RULE-W3-002-170|RULE-W3-002-171|RULE-W3-002-172|RULE-W3-002-173|RULE-W3-002-174|RULE-W3-002-175","extracted","AI 上线最小运维信号逐项提取"
"SEG-W3-002-016","SRC-W3-002","153","165","rule-bearing","RULE-W3-002-176|RULE-W3-002-177|RULE-W3-002-178|RULE-W3-002-179|RULE-W3-002-180|RULE-W3-002-181|RULE-W3-002-182|RULE-W3-002-183|RULE-W3-002-184|RULE-W3-002-185|RULE-W3-002-186|RULE-W3-002-187|RULE-W3-002-188|RULE-W3-002-189|RULE-W3-002-190|RULE-W3-002-191|RULE-W3-002-192|RULE-W3-002-193|RULE-W3-002-194|RULE-W3-002-195|RULE-W3-002-196","extracted","默认自主事项和高影响人工判断逐项提取"
"SEG-W3-002-017","SRC-W3-002","166","172","context","","excluded","一人执行成本和裁剪理由为说明性背景，已由前述具体工件规则承载"
"SEG-W3-002-018","SRC-W3-002","173","175","rule-bearing","RULE-W3-002-197|RULE-W3-002-198|RULE-W3-002-199","extracted","最低样例、边界样例和 prompt 元数据自动检查"
"SEG-W3-002-019","SRC-W3-002","176","185","rule-bearing","RULE-W3-002-200","extracted","风险受控结论的证据边界；其余为已提取规则的总结或实施缺口"
"SEG-W3-002-020","SRC-W3-002","186","188","rule-bearing","RULE-W3-002-202","extracted","总结性要求已在前文提取；额外提取用户明确指定内部一次性实验时才可豁免的 unique exception"
"SEG-W3-003-001","SRC-W3-003","1","4","rule-bearing","RULE-W3-003-001|RULE-W3-003-076","extracted","标题定位并分别提取 playbook 可选性与权威优先级"
"SEG-W3-003-002","SRC-W3-003","5","10","rule-bearing","RULE-W3-003-002|RULE-W3-003-003","extracted","专项触发和主入口回退"
"SEG-W3-003-003","SRC-W3-003","11","16","rule-bearing","RULE-W3-003-004|RULE-W3-003-005|RULE-W3-003-006|RULE-W3-003-007|RULE-W3-003-008","extracted","AI 行为已验证的 provenance、rubric、样例和发布决定 gate"
"SEG-W3-003-004","SRC-W3-003","17","22","context","","excluded","角色消费者用于说明工件使用者，不形成独立规范"
"SEG-W3-003-005","SRC-W3-003","23","45","rule-bearing","RULE-W3-003-009|RULE-W3-003-010|RULE-W3-003-011|RULE-W3-003-012|RULE-W3-003-013|RULE-W3-003-014|RULE-W3-003-015|RULE-W3-003-016|RULE-W3-003-017|RULE-W3-003-018|RULE-W3-003-019|RULE-W3-003-020","extracted","AI data、safety 和 content safety 默认工件路径逐项提取"
"SEG-W3-003-006","SRC-W3-003","46","54","rule-bearing","RULE-W3-003-021|RULE-W3-003-022|RULE-W3-003-023|RULE-W3-003-024|RULE-W3-003-025|RULE-W3-003-026|RULE-W3-003-027|RULE-W3-003-028|RULE-W3-003-029|RULE-W3-003-030|RULE-W3-003-031|RULE-W3-003-032|RULE-W3-003-033|RULE-W3-003-034|RULE-W3-003-035|RULE-W3-003-036","extracted","样本资格、数据 provenance、abuse 字段和 enforcement 控制逐项提取"
"SEG-W3-003-007","SRC-W3-003","55","62","rule-bearing","RULE-W3-003-037|RULE-W3-003-038|RULE-W3-003-039|RULE-W3-003-040|RULE-W3-003-041|RULE-W3-003-042|RULE-W3-003-043|RULE-W3-003-044|RULE-W3-003-045|RULE-W3-003-046|RULE-W3-003-047|RULE-W3-003-048|RULE-W3-003-049|RULE-W3-003-050|RULE-W3-003-051|RULE-W3-003-052|RULE-W3-003-053","extracted","标注、红队存储、内容审核和发布阻断逐项提取"
"SEG-W3-003-008","SRC-W3-003","63","70","rule-bearing","RULE-W3-003-054|RULE-W3-003-055|RULE-W3-003-056|RULE-W3-003-057|RULE-W3-003-058|RULE-W3-003-059|RULE-W3-003-060|RULE-W3-003-061|RULE-W3-003-062|RULE-W3-003-063|RULE-W3-003-064|RULE-W3-003-065|RULE-W3-003-066|RULE-W3-003-067|RULE-W3-003-068|RULE-W3-003-069|RULE-W3-003-070|RULE-W3-003-071|RULE-W3-003-072|RULE-W3-003-073","extracted","数据用途、失败样本、安全发布、moderation 和披露人工判断"
"SEG-W3-003-009","SRC-W3-003","71","74","context","","excluded","一人执行成本与样本规模为说明性取舍，不形成强制阈值"
"SEG-W3-003-010","SRC-W3-003","75","77","rule-bearing","RULE-W3-003-074|RULE-W3-003-075","extracted","每个 AI 行为 change 的 eval version 和 safety decision 链接"
"SEG-W3-004-001","SRC-W3-004","1","4","rule-bearing","RULE-W3-004-001|RULE-W3-004-096","extracted","标题定位并分别提取 playbook 可选性与权威优先级"
"SEG-W3-004-002","SRC-W3-004","5","10","rule-bearing","RULE-W3-004-002|RULE-W3-004-003","extracted","专项触发和主入口回退"
"SEG-W3-004-003","SRC-W3-004","11","16","rule-bearing","RULE-W3-004-004|RULE-W3-004-005|RULE-W3-004-006|RULE-W3-004-007|RULE-W3-004-008|RULE-W3-004-009|RULE-W3-004-010|RULE-W3-004-011|RULE-W3-004-012","extracted","不可信上下文原则和默认注入 gate 逐项提取"
"SEG-W3-004-004","SRC-W3-004","17","23","context","","excluded","角色消费者用于说明工件使用者，不形成独立规范"
"SEG-W3-004-005","SRC-W3-004","24","36","rule-bearing","RULE-W3-004-013|RULE-W3-004-014|RULE-W3-004-015|RULE-W3-004-016|RULE-W3-004-017|RULE-W3-004-018","extracted","ai-context 工件默认路径逐项提取"
"SEG-W3-004-006","SRC-W3-004","37","45","rule-bearing","RULE-W3-004-019|RULE-W3-004-020|RULE-W3-004-021|RULE-W3-004-022|RULE-W3-004-023|RULE-W3-004-024|RULE-W3-004-025|RULE-W3-004-026|RULE-W3-004-027|RULE-W3-004-028|RULE-W3-004-029|RULE-W3-004-030|RULE-W3-004-031|RULE-W3-004-032|RULE-W3-004-033|RULE-W3-004-034|RULE-W3-004-035|RULE-W3-004-036|RULE-W3-004-037|RULE-W3-004-038|RULE-W3-004-039|RULE-W3-004-040|RULE-W3-004-041|RULE-W3-004-042|RULE-W3-004-043|RULE-W3-004-044|RULE-W3-004-045|RULE-W3-004-046|RULE-W3-004-048|RULE-W3-004-049|RULE-W3-004-050|RULE-W3-004-051|RULE-W3-004-052|RULE-W3-004-053|RULE-W3-004-054","extracted","memory 类型、source/retrieval 字段、用户控制含临时或不记忆替代项、删除范围"
"SEG-W3-004-007","SRC-W3-004","46","53","rule-bearing","RULE-W3-004-055|RULE-W3-004-056|RULE-W3-004-057|RULE-W3-004-058|RULE-W3-004-059|RULE-W3-004-060|RULE-W3-004-062|RULE-W3-004-063|RULE-W3-004-064|RULE-W3-004-068|RULE-W3-004-069|RULE-W3-004-070|RULE-W3-004-071","extracted","prompt 分区、后端授权权威单条边界、RAG 指令隔离、失败响应替代项和 citation 字段"
"SEG-W3-004-008","SRC-W3-004","54","62","rule-bearing","RULE-W3-004-072|RULE-W3-004-073|RULE-W3-004-074|RULE-W3-004-075|RULE-W3-004-076|RULE-W3-004-077|RULE-W3-004-078|RULE-W3-004-079|RULE-W3-004-080|RULE-W3-004-081|RULE-W3-004-082|RULE-W3-004-083|RULE-W3-004-084|RULE-W3-004-085|RULE-W3-004-086|RULE-W3-004-087|RULE-W3-004-088|RULE-W3-004-089|RULE-W3-004-090|RULE-W3-004-091|RULE-W3-004-092","extracted","默认注入、敏感上下文、跨范围共享、删除失败和高影响领域人工判断"
"SEG-W3-004-009","SRC-W3-004","63","66","context","","excluded","一人执行成本与初始规模为说明性取舍，不形成强制阈值"
"SEG-W3-004-010","SRC-W3-004","67","69","rule-bearing","RULE-W3-004-093|RULE-W3-004-094|RULE-W3-004-095","extracted","默认注入上下文的来源、权限和删除路径"
"SEG-W3-005-001","SRC-W3-005","1","4","rule-bearing","RULE-W3-005-001|RULE-W3-005-387","extracted","标题定位并分别提取 playbook 可选性与权威优先级"
"SEG-W3-005-002","SRC-W3-005","5","10","rule-bearing","RULE-W3-005-002|RULE-W3-005-003","extracted","专项触发和主入口回退"
"SEG-W3-005-003","SRC-W3-005","11","18","rule-bearing","RULE-W3-005-004|RULE-W3-005-005|RULE-W3-005-006|RULE-W3-005-007|RULE-W3-005-008","extracted","运行时执行权以及 eval、权限、降级、回滚或补偿 gate"
"SEG-W3-005-004","SRC-W3-005","19","27","context","","excluded","适用对象枚举用于说明专项覆盖范围，具体 runtime 规则在后文逐项提取"
"SEG-W3-005-005","SRC-W3-005","28","34","rule-bearing","RULE-W3-005-010|RULE-W3-005-011|RULE-W3-005-012|RULE-W3-005-013","extracted","W2/W3/W4 边界和独立 change 条件"
"SEG-W3-005-006","SRC-W3-005","35","48","rule-bearing","RULE-W3-005-014|RULE-W3-005-015|RULE-W3-005-016|RULE-W3-005-017|RULE-W3-005-018|RULE-W3-005-019|RULE-W3-005-020","extracted","ai-runtime 工件默认路径逐项提取"
"SEG-W3-005-007","SRC-W3-005","49","65","rule-bearing","RULE-W3-005-021|RULE-W3-005-022|RULE-W3-005-023|RULE-W3-005-024|RULE-W3-005-025|RULE-W3-005-026|RULE-W3-005-027|RULE-W3-005-028|RULE-W3-005-029|RULE-W3-005-030|RULE-W3-005-031|RULE-W3-005-032","extracted","route policy 必需章节逐项提取"
"SEG-W3-005-008","SRC-W3-005","66","74","rule-bearing","RULE-W3-005-033|RULE-W3-005-034|RULE-W3-005-035|RULE-W3-005-036|RULE-W3-005-037|RULE-W3-005-038|RULE-W3-005-039|RULE-W3-005-040|RULE-W3-005-041|RULE-W3-005-043|RULE-W3-005-044|RULE-W3-005-045|RULE-W3-005-046|RULE-W3-005-047|RULE-W3-005-048|RULE-W3-005-049|RULE-W3-005-050|RULE-W3-005-051|RULE-W3-005-052|RULE-W3-005-053","extracted","任务 route、可复盘字段、fallback、retry 和不可信输入规则"
"SEG-W3-005-009","SRC-W3-005","75","93","rule-bearing","RULE-W3-005-054|RULE-W3-005-055|RULE-W3-005-056|RULE-W3-005-057|RULE-W3-005-058|RULE-W3-005-059|RULE-W3-005-060|RULE-W3-005-061|RULE-W3-005-062|RULE-W3-005-063|RULE-W3-005-064|RULE-W3-005-065|RULE-W3-005-066|RULE-W3-005-067|RULE-W3-005-068|RULE-W3-005-069|RULE-W3-005-070|RULE-W3-005-071|RULE-W3-005-072|RULE-W3-005-073|RULE-W3-005-074|RULE-W3-005-075|RULE-W3-005-076|RULE-W3-005-077|RULE-W3-005-078|RULE-W3-005-079","extracted","model registry 与每条 route 最低字段逐项原子化"
"SEG-W3-005-010","SRC-W3-005","94","99","rule-bearing","RULE-W3-005-080|RULE-W3-005-082|RULE-W3-005-083|RULE-W3-005-084|RULE-W3-005-085|RULE-W3-005-086|RULE-W3-005-087|RULE-W3-005-088|RULE-W3-005-089|RULE-W3-005-090|RULE-W3-005-091|RULE-W3-005-092|RULE-W3-005-093","extracted","route 引用或不适用说明、deadline、调用日志和任务级 route 选择"
"SEG-W3-005-011","SRC-W3-005","100","115","rule-bearing","RULE-W3-005-094|RULE-W3-005-095|RULE-W3-005-096|RULE-W3-005-097|RULE-W3-005-098|RULE-W3-005-099|RULE-W3-005-100|RULE-W3-005-101|RULE-W3-005-102|RULE-W3-005-103|RULE-W3-005-104","extracted","tool registry 必需字段逐项提取"
"SEG-W3-005-012","SRC-W3-005","116","133","rule-bearing","RULE-W3-005-105|RULE-W3-005-106|RULE-W3-005-107|RULE-W3-005-108|RULE-W3-005-109|RULE-W3-005-110|RULE-W3-005-111|RULE-W3-005-112|RULE-W3-005-113|RULE-W3-005-114|RULE-W3-005-115|RULE-W3-005-116|RULE-W3-005-117|RULE-W3-005-118|RULE-W3-005-119|RULE-W3-005-120|RULE-W3-005-121|RULE-W3-005-122|RULE-W3-005-123|RULE-W3-005-124|RULE-W3-005-125|RULE-W3-005-126|RULE-W3-005-127","extracted","工具副作用分类、注册、approval、幂等、审计和输出信任边界"
"SEG-W3-005-013","SRC-W3-005","134","148","rule-bearing","RULE-W3-005-128|RULE-W3-005-129|RULE-W3-005-130|RULE-W3-005-131|RULE-W3-005-132|RULE-W3-005-133|RULE-W3-005-134|RULE-W3-005-135|RULE-W3-005-136|RULE-W3-005-137|RULE-W3-005-138","extracted","permission policy 必需字段逐项提取"
"SEG-W3-005-014","SRC-W3-005","149","155","rule-bearing","RULE-W3-005-139|RULE-W3-005-140|RULE-W3-005-141|RULE-W3-005-142|RULE-W3-005-143|RULE-W3-005-144|RULE-W3-005-145|RULE-W3-005-146|RULE-W3-005-147|RULE-W3-005-148|RULE-W3-005-149|RULE-W3-005-150|RULE-W3-005-151|RULE-W3-005-152|RULE-W3-005-153|RULE-W3-005-154|RULE-W3-005-155","extracted","服务端授权输入、最小 scope、secret 和外部返回边界"
"SEG-W3-005-015","SRC-W3-005","156","175","rule-bearing","RULE-W3-005-156|RULE-W3-005-157|RULE-W3-005-158|RULE-W3-005-159|RULE-W3-005-160|RULE-W3-005-161|RULE-W3-005-162|RULE-W3-005-163|RULE-W3-005-164|RULE-W3-005-165|RULE-W3-005-166|RULE-W3-005-167|RULE-W3-005-168|RULE-W3-005-169|RULE-W3-005-170","extracted","eval gate 必需字段逐项提取"
"SEG-W3-005-016","SRC-W3-005","176","183","rule-bearing","RULE-W3-005-171|RULE-W3-005-172|RULE-W3-005-173|RULE-W3-005-174|RULE-W3-005-175|RULE-W3-005-176|RULE-W3-005-177|RULE-W3-005-178|RULE-W3-005-179|RULE-W3-005-180|RULE-W3-005-181|RULE-W3-005-182|RULE-W3-005-183|RULE-W3-005-184|RULE-W3-005-185|RULE-W3-005-186|RULE-W3-005-187|RULE-W3-005-188|RULE-W3-005-189|RULE-W3-005-190|RULE-W3-005-191|RULE-W3-005-193|RULE-W3-005-194|RULE-W3-005-195|RULE-W3-005-196|RULE-W3-005-197|RULE-W3-005-198|RULE-W3-005-199|RULE-W3-005-200|RULE-W3-005-201","extracted","eval 触发、比较指标、副作用工具 rollback 或 compensation 检查和 staged rollout"
"SEG-W3-005-017","SRC-W3-005","184","198","rule-bearing","RULE-W3-005-202|RULE-W3-005-203|RULE-W3-005-204|RULE-W3-005-205|RULE-W3-005-206|RULE-W3-005-207|RULE-W3-005-208|RULE-W3-005-209|RULE-W3-005-210|RULE-W3-005-211|RULE-W3-005-212","extracted","fallback runbook 必需章节逐项提取"
"SEG-W3-005-018","SRC-W3-005","199","205","rule-bearing","RULE-W3-005-213|RULE-W3-005-214|RULE-W3-005-215|RULE-W3-005-216|RULE-W3-005-217|RULE-W3-005-218|RULE-W3-005-219|RULE-W3-005-220|RULE-W3-005-221|RULE-W3-005-222|RULE-W3-005-223|RULE-W3-005-224|RULE-W3-005-225|RULE-W3-005-226|RULE-W3-005-227|RULE-W3-005-228|RULE-W3-005-229|RULE-W3-005-230|RULE-W3-005-231|RULE-W3-005-232|RULE-W3-005-234","extracted","failure modes、degradation modes、紧急禁用和单条自包含用户状态消息"
"SEG-W3-005-019","SRC-W3-005","206","214","rule-bearing","RULE-W3-005-235|RULE-W3-005-236|RULE-W3-005-237|RULE-W3-005-238|RULE-W3-005-239|RULE-W3-005-240|RULE-W3-005-241|RULE-W3-005-242|RULE-W3-005-243|RULE-W3-005-244|RULE-W3-005-245|RULE-W3-005-246|RULE-W3-005-247|RULE-W3-005-248|RULE-W3-005-249|RULE-W3-005-250|RULE-W3-005-251|RULE-W3-005-252|RULE-W3-005-253|RULE-W3-005-254|RULE-W3-005-255|RULE-W3-005-256|RULE-W3-005-257|RULE-W3-005-258|RULE-W3-005-259|RULE-W3-005-260|RULE-W3-005-261|RULE-W3-005-262|RULE-W3-005-263|RULE-W3-005-264|RULE-W3-005-265|RULE-W3-005-266|RULE-W3-005-267|RULE-W3-005-268|RULE-W3-005-269|RULE-W3-005-270|RULE-W3-005-271|RULE-W3-005-272|RULE-W3-005-273|RULE-W3-005-274|RULE-W3-005-275|RULE-W3-005-276","extracted","Go runtime 输入输出、集中配置、adapter、错误模型和 retry 逐项原子化"
"SEG-W3-005-020","SRC-W3-005","215","222","rule-bearing","RULE-W3-005-277|RULE-W3-005-282|RULE-W3-005-283|RULE-W3-005-284|RULE-W3-005-285|RULE-W3-005-286|RULE-W3-005-287|RULE-W3-005-288|RULE-W3-005-289|RULE-W3-005-290|RULE-W3-005-291|RULE-W3-005-292|RULE-W3-005-293|RULE-W3-005-294|RULE-W3-005-295|RULE-W3-005-296|RULE-W3-005-297|RULE-W3-005-298|RULE-W3-005-299|RULE-W3-005-300|RULE-W3-005-301|RULE-W3-005-302|RULE-W3-005-303|RULE-W3-005-304|RULE-W3-005-305","extracted","单条自包含降级 UI 状态、模式选择、授权确认字段和状态逐项提取"
"SEG-W3-005-021","SRC-W3-005","223","230","rule-bearing","RULE-W3-005-306|RULE-W3-005-307|RULE-W3-005-308|RULE-W3-005-309|RULE-W3-005-310|RULE-W3-005-311|RULE-W3-005-312|RULE-W3-005-313|RULE-W3-005-314|RULE-W3-005-315|RULE-W3-005-316|RULE-W3-005-317|RULE-W3-005-318|RULE-W3-005-319|RULE-W3-005-320|RULE-W3-005-321|RULE-W3-005-322|RULE-W3-005-323|RULE-W3-005-324|RULE-W3-005-325|RULE-W3-005-326|RULE-W3-005-327|RULE-W3-005-328|RULE-W3-005-329|RULE-W3-005-330|RULE-W3-005-331|RULE-W3-005-332|RULE-W3-005-333","extracted","Prompt builder 输入和禁止决策、工具链接、loop 限额与变化 eval"
"SEG-W3-005-022","SRC-W3-005","231","243","rule-bearing","RULE-W3-005-334|RULE-W3-005-335|RULE-W3-005-336|RULE-W3-005-337|RULE-W3-005-338|RULE-W3-005-339|RULE-W3-005-340|RULE-W3-005-341|RULE-W3-005-342|RULE-W3-005-343|RULE-W3-005-344|RULE-W3-005-345|RULE-W3-005-346|RULE-W3-005-347|RULE-W3-005-348|RULE-W3-005-349|RULE-W3-005-350|RULE-W3-005-351|RULE-W3-005-352|RULE-W3-005-353|RULE-W3-005-354|RULE-W3-005-355|RULE-W3-005-356|RULE-W3-005-357|RULE-W3-005-358|RULE-W3-005-359|RULE-W3-005-360|RULE-W3-005-361|RULE-W3-005-362|RULE-W3-005-363|RULE-W3-005-364|RULE-W3-005-365|RULE-W3-005-367|RULE-W3-005-368|RULE-W3-005-369|RULE-W3-005-370|RULE-W3-005-371|RULE-W3-005-372|RULE-W3-005-373|RULE-W3-005-374|RULE-W3-005-375|RULE-W3-005-376|RULE-W3-005-377|RULE-W3-005-378|RULE-W3-005-379|RULE-W3-005-380|RULE-W3-005-381|RULE-W3-005-382|RULE-W3-005-383|RULE-W3-005-384|RULE-W3-005-385|RULE-W3-005-386","extracted","生产 route、供应商、权限、安全、恢复替代项、资源扩大人工判断和 verifier 检查逐项提取"
"SEG-W4-001-001","SRC-W4-001","1","4","rule-bearing","RULE-W4-001-001|RULE-W4-001-087","extracted","标题定位并分别提取 playbook 可选性与权威优先级"
"SEG-W4-001-002","SRC-W4-001","5","12","rule-bearing","RULE-W4-001-002|RULE-W4-001-003|RULE-W4-001-004|RULE-W4-001-005","extracted","W4 主入口顺序、实现职责与上游回退"
"SEG-W4-001-003","SRC-W4-001","13","21","context","","excluded","适用实现面枚举用于说明 W4 覆盖范围，具体规则由专项提取"
"SEG-W4-001-004","SRC-W4-001","22","29","rule-bearing","RULE-W4-001-006|RULE-W4-001-007|RULE-W4-001-008|RULE-W4-001-009|RULE-W4-001-010","extracted","W0–W5 不适用条件和阶段路由"
"SEG-W4-001-005","SRC-W4-001","30","41","rule-bearing","RULE-W4-001-011|RULE-W4-001-013|RULE-W4-001-014|RULE-W4-001-015|RULE-W4-001-016|RULE-W4-001-017|RULE-W4-001-018|RULE-W4-001-019|RULE-W4-001-020|RULE-W4-001-021|RULE-W4-001-023","extracted","W4 最小产出与不适用替代项、W5 证据和触发式裁剪"
"SEG-W4-001-006","SRC-W4-001","42","54","rule-bearing","RULE-W4-001-024|RULE-W4-001-025|RULE-W4-001-026|RULE-W4-001-027|RULE-W4-001-028|RULE-W4-001-029|RULE-W4-001-030|RULE-W4-001-031|RULE-W4-001-032|RULE-W4-001-033|RULE-W4-001-034|RULE-W4-001-035|RULE-W4-001-036|RULE-W4-001-037|RULE-W4-001-038|RULE-W4-001-039|RULE-W4-001-040|RULE-W4-001-041|RULE-W4-001-042|RULE-W4-001-043|RULE-W4-001-044|RULE-W4-001-045|RULE-W4-001-046|RULE-W4-001-047|RULE-W4-001-048|RULE-W4-001-049|RULE-W4-001-050|RULE-W4-001-051|RULE-W4-001-052|RULE-W4-001-053|RULE-W4-001-054|RULE-W4-001-055|RULE-W4-001-056|RULE-W4-001-057|RULE-W4-001-058|RULE-W4-001-059","extracted","低风险自主权和用户行为、数据、依赖、运行时、AI coding 与证据缺口人工判断"
"SEG-W4-001-007","SRC-W4-001","55","66","navigation","","excluded","专项文件路径仅用于触发导航，规则由对应来源独立提取"
"SEG-W4-001-008","SRC-W4-001","67","70","rule-bearing","RULE-W4-001-060|RULE-W4-001-061|RULE-W4-001-062","extracted","public 开发者表面 change 条件和多专项优先级"
"SEG-W4-001-009","SRC-W4-001","71","80","rule-bearing","RULE-W4-001-063|RULE-W4-001-064|RULE-W4-001-065|RULE-W4-001-067|RULE-W4-001-069|RULE-W4-001-074|RULE-W4-001-075|RULE-W4-001-076|RULE-W4-001-077","extracted","进入 W5 的上游完整性、工件或不适用、构建或具体原因、高风险控制替代项和 AI coding 证据"
"SEG-W4-001-010","SRC-W4-001","81","87","rule-bearing","RULE-W4-001-078|RULE-W4-001-079|RULE-W4-001-080|RULE-W4-001-081","extracted","W5–W8 出口选择"
"SEG-W4-001-011","SRC-W4-001","88","95","rule-bearing","RULE-W4-001-082|RULE-W4-001-083|RULE-W4-001-084|RULE-W4-001-085|RULE-W4-001-086","extracted","W0–W3 回退和验证失败处置"
"SEG-W4-002-001","SRC-W4-002","1","4","rule-bearing","RULE-W4-002-001|RULE-W4-002-157","extracted","标题定位并分别提取 playbook 可选性与权威优先级"
"SEG-W4-002-002","SRC-W4-002","5","10","rule-bearing","RULE-W4-002-002|RULE-W4-002-003","extracted","专项触发和主入口回退"
"SEG-W4-002-003","SRC-W4-002","11","14","rule-bearing","RULE-W4-002-004|RULE-W4-002-005","extracted","Standard/High-risk OpenSpec 承载与权威输入链接"
"SEG-W4-002-004","SRC-W4-002","15","24","context","","excluded","专项职责与排除范围用于界定服务端主题，不形成新增约束"
"SEG-W4-002-005","SRC-W4-002","25","34","context","","excluded","外部依据与转译理由提供背景，不直接形成新增规则"
"SEG-W4-002-006","SRC-W4-002","35","44","rule-bearing","RULE-W4-002-006|RULE-W4-002-007|RULE-W4-002-008|RULE-W4-002-009|RULE-W4-002-010|RULE-W4-002-011|RULE-W4-002-012|RULE-W4-002-013|RULE-W4-002-014|RULE-W4-002-015|RULE-W4-002-017|RULE-W4-002-018|RULE-W4-002-019|RULE-W4-002-020|RULE-W4-002-021","extracted","技术默认、数据库例外、sqlc/ORM 单条边界、模板 provenance 和 SLO 先行"
"SEG-W4-002-007","SRC-W4-002","45","65","rule-bearing","RULE-W4-002-022|RULE-W4-002-023|RULE-W4-002-024|RULE-W4-002-025|RULE-W4-002-026|RULE-W4-002-027|RULE-W4-002-028|RULE-W4-002-029|RULE-W4-002-030|RULE-W4-002-031|RULE-W4-002-032|RULE-W4-002-033|RULE-W4-002-034|RULE-W4-002-035|RULE-W4-002-036|RULE-W4-002-037|RULE-W4-002-038|RULE-W4-002-039|RULE-W4-002-040|RULE-W4-002-041|RULE-W4-002-042|RULE-W4-002-043|RULE-W4-002-044|RULE-W4-002-045|RULE-W4-002-046|RULE-W4-002-047|RULE-W4-002-048|RULE-W4-002-049|RULE-W4-002-050","extracted","服务目录和 command registry 字段、唯一性、入口分类与隔离逐项提取"
"SEG-W4-002-008","SRC-W4-002","66","73","rule-bearing","RULE-W4-002-051|RULE-W4-002-052|RULE-W4-002-053|RULE-W4-002-054|RULE-W4-002-055|RULE-W4-002-056","extracted","服务包裁剪和 service/biz/data 分层边界"
"SEG-W4-002-009","SRC-W4-002","74","84","rule-bearing","RULE-W4-002-057|RULE-W4-002-058|RULE-W4-002-059|RULE-W4-002-060|RULE-W4-002-061|RULE-W4-002-062|RULE-W4-002-063|RULE-W4-002-064|RULE-W4-002-065|RULE-W4-002-066|RULE-W4-002-067|RULE-W4-002-068|RULE-W4-002-069|RULE-W4-002-070|RULE-W4-002-071|RULE-W4-002-072|RULE-W4-002-073|RULE-W4-002-074|RULE-W4-002-075|RULE-W4-002-076|RULE-W4-002-077|RULE-W4-002-078|RULE-W4-002-079","extracted","API scenario、proto 字段、RPC、请求约束、错误、metadata、deadline 和写操作恢复"
"SEG-W4-002-010","SRC-W4-002","85","97","rule-bearing","RULE-W4-002-080|RULE-W4-002-081|RULE-W4-002-082|RULE-W4-002-083|RULE-W4-002-084|RULE-W4-002-085|RULE-W4-002-086|RULE-W4-002-087|RULE-W4-002-088|RULE-W4-002-089|RULE-W4-002-090|RULE-W4-002-091|RULE-W4-002-092|RULE-W4-002-093|RULE-W4-002-094|RULE-W4-002-095|RULE-W4-002-096|RULE-W4-002-097|RULE-W4-002-098|RULE-W4-002-099|RULE-W4-002-100|RULE-W4-002-101|RULE-W4-002-102|RULE-W4-002-103|RULE-W4-002-104|RULE-W4-002-105|RULE-W4-002-106|RULE-W4-002-107|RULE-W4-002-108|RULE-W4-002-109|RULE-W4-002-110|RULE-W4-002-111","extracted","schema/query 顺序、可移植 SQL、无 FK 控制、sqlc 字段、事务、动态 SQL 和 vet"
"SEG-W4-002-011","SRC-W4-002","98","114","rule-bearing","RULE-W4-002-112|RULE-W4-002-113|RULE-W4-002-114|RULE-W4-002-115|RULE-W4-002-116|RULE-W4-002-117|RULE-W4-002-118|RULE-W4-002-119|RULE-W4-002-120|RULE-W4-002-121|RULE-W4-002-165|RULE-W4-002-166|RULE-W4-002-122|RULE-W4-002-123|RULE-W4-002-124|RULE-W4-002-125|RULE-W4-002-126|RULE-W4-002-127|RULE-W4-002-128","extracted","服务端实现顺序、usecase/repository-or-equivalent/service 测试和复杂逻辑注释规则"
"SEG-W4-002-012","SRC-W4-002","115","137","rule-bearing","RULE-W4-002-129|RULE-W4-002-130|RULE-W4-002-131|RULE-W4-002-132|RULE-W4-002-133|RULE-W4-002-134|RULE-W4-002-135|RULE-W4-002-136|RULE-W4-002-137|RULE-W4-002-138|RULE-W4-002-139|RULE-W4-002-140","extracted","质量命令、条件生成、未运行记录、verifier 和 command registry gate"
"SEG-W4-002-013","SRC-W4-002","138","148","rule-bearing","RULE-W4-002-141|RULE-W4-002-142|RULE-W4-002-143|RULE-W4-002-144|RULE-W4-002-145|RULE-W4-002-146|RULE-W4-002-147|RULE-W4-002-158|RULE-W4-002-159|RULE-W4-002-160|RULE-W4-002-161|RULE-W4-002-162|RULE-W4-002-148|RULE-W4-002-163|RULE-W4-002-164|RULE-W4-002-149|RULE-W4-002-150","extracted","health/readiness、黄金信号、结构化日志与启动日志字段逐项提取、优雅关闭"
"SEG-W4-002-014","SRC-W4-002","149","161","rule-bearing","RULE-W4-002-151|RULE-W4-002-152|RULE-W4-002-153|RULE-W4-002-154|RULE-W4-002-155|RULE-W4-002-156","extracted","数据库、公开 HTTP、身份计费、分布式能力、云厂商和兼容性人工判断"
"SEG-W4-002-015","SRC-W4-002","162","171","context","","excluded","一人执行成本与后续 skill 建议为说明性取舍"
"SEG-W4-002-016","SRC-W4-002","172","182","duplicate","","excluded","风险边界总结重复前述服务拆分、HTTP、deadline、可移植 SQL、无 FK、sqlc 规则，不重复造规则"
"SEG-W4-002-017","SRC-W4-002","183","185","rule-bearing","RULE-W4-002-167|RULE-W4-002-168|RULE-W4-002-169","extracted","已确认服务数据默认的例外必须逐项记录原因、影响和验证方式"
"SEG-W4-003-001","SRC-W4-003","1","4","rule-bearing","RULE-W4-003-001|RULE-W4-003-095","extracted","标题定位并分别提取 playbook 可选性与权威优先级"
"SEG-W4-003-002","SRC-W4-003","5","10","rule-bearing","RULE-W4-003-002|RULE-W4-003-003","extracted","专项触发和主入口回退"
"SEG-W4-003-003","SRC-W4-003","11","14","rule-bearing","RULE-W4-003-004","extracted","前端需求载体边界"
"SEG-W4-003-004","SRC-W4-003","15","25","context","","excluded","专项职责与排除范围用于界定前端主题，不形成新增约束"
"SEG-W4-003-005","SRC-W4-003","26","36","context","","excluded","外部依据与转译理由提供背景，不直接形成新增规则"
"SEG-W4-003-006","SRC-W4-003","37","46","rule-bearing","RULE-W4-003-005|RULE-W4-003-006|RULE-W4-003-007|RULE-W4-003-008|RULE-W4-003-009|RULE-W4-003-010|RULE-W4-003-011|RULE-W4-003-012|RULE-W4-003-013|RULE-W4-003-014|RULE-W4-003-015|RULE-W4-003-016","extracted","Vite/React/pnpm、HTTP/BFF、状态库和 UI 库默认"
"SEG-W4-003-007","SRC-W4-003","47","66","rule-bearing","RULE-W4-003-017|RULE-W4-003-018|RULE-W4-003-019|RULE-W4-003-020|RULE-W4-003-021|RULE-W4-003-022|RULE-W4-003-023|RULE-W4-003-024|RULE-W4-003-025|RULE-W4-003-026|RULE-W4-003-027|RULE-W4-003-028","extracted","前端默认目录逐项提取"
"SEG-W4-003-008","SRC-W4-003","67","75","rule-bearing","RULE-W4-003-029|RULE-W4-003-030|RULE-W4-003-031|RULE-W4-003-032|RULE-W4-003-033|RULE-W4-003-034","extracted","feature/components/lib/tokens 职责和小项目裁剪"
"SEG-W4-003-009","SRC-W4-003","76","85","rule-bearing","RULE-W4-003-035|RULE-W4-003-036|RULE-W4-003-037|RULE-W4-003-038|RULE-W4-003-040|RULE-W4-003-041|RULE-W4-003-042|RULE-W4-003-043|RULE-W4-003-044|RULE-W4-003-046|RULE-W4-003-047|RULE-W4-003-048","extracted","contract scenario、请求集中与 fetch 禁令单条边界、请求状态、disabled 或幂等防重、VITE 公开边界和 env 类型化"
"SEG-W4-003-010","SRC-W4-003","86","89","rule-bearing","RULE-W4-003-049|RULE-W4-003-050","extracted","语义 token 与原始 token 禁令"
"SEG-W4-003-011","SRC-W4-003","90","110","example","","excluded","CSS token 代码块是推荐值示例，真实规则由前后语义 token 约束承载"
"SEG-W4-003-012","SRC-W4-003","111","121","rule-bearing","RULE-W4-003-051|RULE-W4-003-053|RULE-W4-003-054|RULE-W4-003-055|RULE-W4-003-056|RULE-W4-003-057|RULE-W4-003-058|RULE-W4-003-096|RULE-W4-003-097|RULE-W4-003-098|RULE-W4-003-099|RULE-W4-003-100|RULE-W4-003-059|RULE-W4-003-060|RULE-W4-003-061","extracted","语义/原始 token 单条边界、卡片、工具页、按钮、深色状态逐项检查、装饰和 Grid 规则"
"SEG-W4-003-013","SRC-W4-003","122","131","rule-bearing","RULE-W4-003-062|RULE-W4-003-063|RULE-W4-003-064|RULE-W4-003-065|RULE-W4-003-066|RULE-W4-003-067|RULE-W4-003-068|RULE-W4-003-069|RULE-W4-003-070|RULE-W4-003-071|RULE-W4-003-072|RULE-W4-003-073|RULE-W4-003-074|RULE-W4-003-075","extracted","语义结构、键盘焦点、对比度、表单、浮层、非颜色表达和减少动效"
"SEG-W4-003-014","SRC-W4-003","132","153","rule-bearing","RULE-W4-003-076|RULE-W4-003-077|RULE-W4-003-078|RULE-W4-003-079|RULE-W4-003-080|RULE-W4-003-081|RULE-W4-003-082|RULE-W4-003-083|RULE-W4-003-084|RULE-W4-003-085|RULE-W4-003-086|RULE-W4-003-087|RULE-W4-003-088","extracted","前端质量命令、等价命令、preview、关键路径和 Web Vitals 验收"
"SEG-W4-003-015","SRC-W4-003","154","166","rule-bearing","RULE-W4-003-089|RULE-W4-003-090|RULE-W4-003-091|RULE-W4-003-092|RULE-W4-003-093|RULE-W4-003-094","extracted","框架、SSR、前端平台、第三方 SDK、品牌和协议人工判断"
"SEG-W4-003-016","SRC-W4-003","167","176","context","","excluded","一人执行成本与后续 skill 建议为说明性取舍"
"SEG-W4-003-017","SRC-W4-003","177","186","duplicate","","excluded","风险边界总结重复语义 token、secret、HTTP/BFF、WCAG、Web Vitals、preview 与平台裁剪规则"
"SEG-W4-003-018","SRC-W4-003","187","189","duplicate","","excluded","当前建议重复前述 Vite/React/TypeScript/pnpm 默认与人工例外"
"SEG-W4-004-001","SRC-W4-004","1","10","rule-bearing","RULE-W4-004-001|RULE-W4-004-002|RULE-W4-004-003|RULE-W4-004-159","extracted","playbook 可选性、权威优先级、专项触发和主入口回退"
"SEG-W4-004-002","SRC-W4-004","11","16","rule-bearing","RULE-W4-004-004|RULE-W4-004-005|RULE-W4-004-006|RULE-W4-004-007|RULE-W4-004-008|RULE-W4-004-009|RULE-W4-004-010","extracted","数据工件版本控制、发布前检查、默认栈、migration 工具和恢复边界"
"SEG-W4-004-003","SRC-W4-004","17","28","context","","excluded","专项职责与排除范围用于界定数据迁移主题，不形成新增约束"
"SEG-W4-004-004","SRC-W4-004","29","42","context","","excluded","外部依据与转译理由提供背景，不直接形成新增规则"
"SEG-W4-004-005","SRC-W4-004","43","55","rule-bearing","RULE-W4-004-011|RULE-W4-004-012|RULE-W4-004-013|RULE-W4-004-015|RULE-W4-004-016|RULE-W4-004-160|RULE-W4-004-161|RULE-W4-004-017|RULE-W4-004-018|RULE-W4-004-162|RULE-W4-004-163|RULE-W4-004-164|RULE-W4-004-165|RULE-W4-004-166|RULE-W4-004-167|RULE-W4-004-019|RULE-W4-004-020|RULE-W4-004-021|RULE-W4-004-022|RULE-W4-004-023|RULE-W4-004-024|RULE-W4-004-025|RULE-W4-004-027","extracted","数据存储、SQL/sqlc/ORM 单条边界、专有 SQL 控制与无 FK 责任、版本控制、pipeline、渐进迁移与人工 gate"
"SEG-W4-004-006","SRC-W4-004","56","75","rule-bearing","RULE-W4-004-028|RULE-W4-004-029|RULE-W4-004-030|RULE-W4-004-031|RULE-W4-004-032|RULE-W4-004-033|RULE-W4-004-034|RULE-W4-004-035|RULE-W4-004-036|RULE-W4-004-037|RULE-W4-004-038","extracted","migration/query/sqlc/data change/backfill/restore/fix 路径和既有目录事实记录"
"SEG-W4-004-007","SRC-W4-004","76","120","rule-bearing","RULE-W4-004-039|RULE-W4-004-040|RULE-W4-004-041|RULE-W4-004-042|RULE-W4-004-043|RULE-W4-004-044|RULE-W4-004-045|RULE-W4-004-046|RULE-W4-004-047|RULE-W4-004-048|RULE-W4-004-049|RULE-W4-004-050|RULE-W4-004-051|RULE-W4-004-052|RULE-W4-004-053|RULE-W4-004-054|RULE-W4-004-055|RULE-W4-004-056|RULE-W4-004-057|RULE-W4-004-058|RULE-W4-004-059|RULE-W4-004-060|RULE-W4-004-061|RULE-W4-004-062|RULE-W4-004-063|RULE-W4-004-064|RULE-W4-004-065|RULE-W4-004-066|RULE-W4-004-067|RULE-W4-004-068|RULE-W4-004-069","extracted","data change JSON 事实源及顶层、sqlc、backup、rollback、verification、privacy、checkpoint 字段逐项提取"
"SEG-W4-004-008","SRC-W4-004","121","128","rule-bearing","RULE-W4-004-070|RULE-W4-004-071|RULE-W4-004-072|RULE-W4-004-073|RULE-W4-004-074","extracted","生产 data change、rollback、fix/backfill 路径和 SQL 敏感内容裁剪"
"SEG-W4-004-009","SRC-W4-004","129","149","rule-bearing","RULE-W4-004-075|RULE-W4-004-076|RULE-W4-004-077|RULE-W4-004-078|RULE-W4-004-079|RULE-W4-004-080|RULE-W4-004-081|RULE-W4-004-082|RULE-W4-004-083|RULE-W4-004-084|RULE-W4-004-085|RULE-W4-004-086|RULE-W4-004-087|RULE-W4-004-088|RULE-W4-004-089|RULE-W4-004-090|RULE-W4-004-091|RULE-W4-004-092|RULE-W4-004-093|RULE-W4-004-094|RULE-W4-004-168|RULE-W4-004-169|RULE-W4-004-170|RULE-W4-004-171|RULE-W4-004-172","extracted","sqlc 同步顺序、可移植性、无 FK、动态 SQL 和字段消费者逐项检查"
"SEG-W4-004-010","SRC-W4-004","150","165","rule-bearing","RULE-W4-004-095|RULE-W4-004-173|RULE-W4-004-174|RULE-W4-004-175|RULE-W4-004-096|RULE-W4-004-097|RULE-W4-004-098|RULE-W4-004-099|RULE-W4-004-100|RULE-W4-004-101|RULE-W4-004-176|RULE-W4-004-177|RULE-W4-004-178|RULE-W4-004-102|RULE-W4-004-179|RULE-W4-004-180|RULE-W4-004-181|RULE-W4-004-182|RULE-W4-004-103|RULE-W4-004-104|RULE-W4-004-183|RULE-W4-004-184|RULE-W4-004-185|RULE-W4-004-186|RULE-W4-004-187|RULE-W4-004-105","extracted","生产迁移 preflight、backup、dry-run、expand/code/migrate/verify/contract、release log 字段逐项提取和大爆破禁令"
"SEG-W4-004-011","SRC-W4-004","166","176","rule-bearing","RULE-W4-004-106|RULE-W4-004-107|RULE-W4-004-108|RULE-W4-004-109|RULE-W4-004-110|RULE-W4-004-111|RULE-W4-004-188|RULE-W4-004-189|RULE-W4-004-190|RULE-W4-004-112|RULE-W4-004-113|RULE-W4-004-114|RULE-W4-004-115","extracted","backfill 输入、批次、限流、checkpoint、幂等、逐项日志、dry-run、停止和运行时机"
"SEG-W4-004-012","SRC-W4-004","177","195","rule-bearing","RULE-W4-004-116|RULE-W4-004-117|RULE-W4-004-150|RULE-W4-004-151|RULE-W4-004-152|RULE-W4-004-153|RULE-W4-004-154|RULE-W4-004-155|RULE-W4-004-156|RULE-W4-004-157|RULE-W4-004-158|RULE-W4-004-118|RULE-W4-004-119","extracted","data fix 路径、模板字段、手工 SQL review 和紧急补证据"
"SEG-W4-004-013","SRC-W4-004","196","205","rule-bearing","RULE-W4-004-120|RULE-W4-004-121|RULE-W4-004-122|RULE-W4-004-123|RULE-W4-004-124|RULE-W4-004-125|RULE-W4-004-126|RULE-W4-004-127|RULE-W4-004-128","extracted","数据最小化、个人数据字段、人工 checkpoint、备份删除和 AI fixture 隐私例外单条自包含"
"SEG-W4-004-014","SRC-W4-004","206","215","rule-bearing","RULE-W4-004-130|RULE-W4-004-131|RULE-W4-004-132|RULE-W4-004-133|RULE-W4-004-134|RULE-W4-004-135|RULE-W4-004-136","extracted","自动与高价值备份、权限、加密、restore 文档、drill 和可用性 gate"
"SEG-W4-004-015","SRC-W4-004","216","230","rule-bearing","RULE-W4-004-137|RULE-W4-004-138|RULE-W4-004-139|RULE-W4-004-140|RULE-W4-004-141","extracted","restore 文档必需章节逐项提取"
"SEG-W4-004-016","SRC-W4-004","231","246","rule-bearing","RULE-W4-004-142|RULE-W4-004-143|RULE-W4-004-144|RULE-W4-004-145|RULE-W4-004-146|RULE-W4-004-147|RULE-W4-004-148|RULE-W4-004-149","extracted","破坏性数据、自动 migration、停机锁表、个人数据、恢复成本和真实用户 AI 数据人工判断"
"SEG-W4-004-017","SRC-W4-004","247","256","context","","excluded","一人执行成本与后续 skill 建议为说明性取舍"
"SEG-W4-004-018","SRC-W4-004","257","265","duplicate","","excluded","风险边界总结重复 destructive SQL、dry-run、备份、restore、sqlc 和 backfill 控制"
"SEG-W4-005-001","SRC-W4-005","1","16","rule-bearing","RULE-W4-005-001|RULE-W4-005-002|RULE-W4-005-003|RULE-W4-005-004|RULE-W4-005-005|RULE-W4-005-006|RULE-W4-005-007|RULE-W4-005-008|RULE-W4-005-009|RULE-W4-005-136","extracted","playbook 可选性、权威优先级、专项触发、主入口和代码/配置/flag 职责分离"
"SEG-W4-005-002","SRC-W4-005","17","29","context","","excluded","外部依据与转译理由提供背景，不直接形成新增规则"
"SEG-W4-005-003","SRC-W4-005","30","45","rule-bearing","RULE-W4-005-010|RULE-W4-005-137|RULE-W4-005-138|RULE-W4-005-139|RULE-W4-005-140","extracted","适用对象说明与 secret 引用、来源、权限、轮换和真实值禁令逐项提取"
"SEG-W4-005-004","SRC-W4-005","46","57","rule-bearing","RULE-W4-005-011|RULE-W4-005-012|RULE-W4-005-013|RULE-W4-005-014|RULE-W4-005-015","extracted","配置 registry、environment、flag、runtime change 和 runbook 路径"
"SEG-W4-005-005","SRC-W4-005","58","91","rule-bearing","RULE-W4-005-016|RULE-W4-005-017|RULE-W4-005-018|RULE-W4-005-019|RULE-W4-005-020|RULE-W4-005-021|RULE-W4-005-022|RULE-W4-005-023|RULE-W4-005-024|RULE-W4-005-025|RULE-W4-005-026|RULE-W4-005-027|RULE-W4-005-028|RULE-W4-005-029|RULE-W4-005-030|RULE-W4-005-031|RULE-W4-005-032|RULE-W4-005-033|RULE-W4-005-034|RULE-W4-005-035|RULE-W4-005-036|RULE-W4-005-037|RULE-W4-005-038|RULE-W4-005-039|RULE-W4-005-040|RULE-W4-005-041|RULE-W4-005-042|RULE-W4-005-043|RULE-W4-005-044|RULE-W4-005-045","extracted","config registry 与 config item 字段及生产 validation/rollback/敏感边界逐项提取"
"SEG-W4-005-006","SRC-W4-005","92","107","rule-bearing","RULE-W4-005-046|RULE-W4-005-047|RULE-W4-005-048|RULE-W4-005-049|RULE-W4-005-050|RULE-W4-005-051|RULE-W4-005-052|RULE-W4-005-053|RULE-W4-005-054|RULE-W4-005-055|RULE-W4-005-141|RULE-W4-005-142","extracted","环境矩阵章节和环境类型下限逐项提取"
"SEG-W4-005-007","SRC-W4-005","108","138","rule-bearing","RULE-W4-005-056|RULE-W4-005-057|RULE-W4-005-058|RULE-W4-005-059|RULE-W4-005-060|RULE-W4-005-061|RULE-W4-005-062|RULE-W4-005-063|RULE-W4-005-064|RULE-W4-005-065|RULE-W4-005-066|RULE-W4-005-067|RULE-W4-005-068|RULE-W4-005-069|RULE-W4-005-070|RULE-W4-005-071|RULE-W4-005-072|RULE-W4-005-073|RULE-W4-005-074|RULE-W4-005-075|RULE-W4-005-076|RULE-W4-005-077|RULE-W4-005-078|RULE-W4-005-079|RULE-W4-005-080","extracted","flag 清单、每 flag 字段和 expires/review/cleanup 生命周期逐项提取"
"SEG-W4-005-008","SRC-W4-005","139","148","rule-bearing","RULE-W4-005-081|RULE-W4-005-082|RULE-W4-005-083|RULE-W4-005-084|RULE-W4-005-085|RULE-W4-005-086|RULE-W4-005-087|RULE-W4-005-088|RULE-W4-005-089|RULE-W4-005-090","extracted","runtime change JSONL 字段和敏感内容禁令逐项提取"
"SEG-W4-005-009","SRC-W4-005","149","162","rule-bearing","RULE-W4-005-091|RULE-W4-005-092|RULE-W4-005-093|RULE-W4-005-094|RULE-W4-005-095|RULE-W4-005-096|RULE-W4-005-097|RULE-W4-005-098|RULE-W4-005-099","extracted","配置 runbook 章节、生产 rollback 和 kill switch gate"
"SEG-W4-005-010","SRC-W4-005","163","171","rule-bearing","RULE-W4-005-100|RULE-W4-005-101|RULE-W4-005-102|RULE-W4-005-103|RULE-W4-005-104|RULE-W4-005-105|RULE-W4-005-106|RULE-W4-005-143|RULE-W4-005-144|RULE-W4-005-107","extracted","Go 类型化配置、加载边界、fail fast、reload 范围/验证/回退和 gRPC 配置验证"
"SEG-W4-005-011","SRC-W4-005","172","179","rule-bearing","RULE-W4-005-108|RULE-W4-005-109|RULE-W4-005-110|RULE-W4-005-111|RULE-W4-005-112|RULE-W4-005-113|RULE-W4-005-114","extracted","Vite env 敏感边界、prefix、runtime endpoint 和后端重检"
"SEG-W4-005-012","SRC-W4-005","180","190","rule-bearing","RULE-W4-005-115|RULE-W4-005-116|RULE-W4-005-117|RULE-W4-005-118|RULE-W4-005-119|RULE-W4-005-120|RULE-W4-005-145|RULE-W4-005-146|RULE-W4-005-121","extracted","各 flag 类别控制、AI eval/成本/安全跨专项链接和过期删除单条边界"
"SEG-W4-005-013","SRC-W4-005","191","197","rule-bearing","RULE-W4-005-123|RULE-W4-005-124|RULE-W4-005-125|RULE-W4-005-126|RULE-W4-005-127|RULE-W4-005-147|RULE-W4-005-148|RULE-W4-005-149|RULE-W4-005-128","extracted","AI 生产配置、eval/cost/rollback、route flag 字段逐项提取和动态 key 注入禁令"
"SEG-W4-005-014","SRC-W4-005","198","209","rule-bearing","RULE-W4-005-129|RULE-W4-005-130|RULE-W4-005-131|RULE-W4-005-132|RULE-W4-005-133|RULE-W4-005-134|RULE-W4-005-135","extracted","生产配置、敏感配置、长期 flag、前端 env、AI route、操作门禁和自动字段检查"
"SEG-W4-006-001","SRC-W4-006","1","16","rule-bearing","RULE-W4-006-001|RULE-W4-006-002|RULE-W4-006-003|RULE-W4-006-004|RULE-W4-006-005|RULE-W4-006-006|RULE-W4-006-064","extracted","playbook 可选性、权威优先级、专项触发、主入口、AI authority、brief 和可复现性"
"SEG-W4-006-002","SRC-W4-006","17","24","rule-bearing","RULE-W4-006-007|RULE-W4-006-008|RULE-W4-006-065|RULE-W4-006-066|RULE-W4-006-067|RULE-W4-006-068|RULE-W4-006-009|RULE-W4-006-069|RULE-W4-006-070|RULE-W4-006-071|RULE-W4-006-010|RULE-W4-006-011|RULE-W4-006-012","extracted","批准模板、provenance 逐项证据、非空目录禁令和现有项目迁移"
"SEG-W4-006-003","SRC-W4-006","25","31","rule-bearing","RULE-W4-006-013|RULE-W4-006-072|RULE-W4-006-073|RULE-W4-006-074|RULE-W4-006-075|RULE-W4-006-014|RULE-W4-006-076|RULE-W4-006-077|RULE-W4-006-078|RULE-W4-006-015|RULE-W4-006-016|RULE-W4-006-017|RULE-W4-006-018|RULE-W4-006-079|RULE-W4-006-080|RULE-W4-006-081|RULE-W4-006-082|RULE-W4-006-083","extracted","完整本地环境入口、组件、验证、双前端和 command catalog 字段逐项提取"
"SEG-W4-006-004","SRC-W4-006","32","37","context","","excluded","角色消费者用于说明工件使用者，不形成独立规范"
"SEG-W4-006-005","SRC-W4-006","38","56","rule-bearing","RULE-W4-006-019|RULE-W4-006-020|RULE-W4-006-021|RULE-W4-006-022|RULE-W4-006-023|RULE-W4-006-024|RULE-W4-006-025|RULE-W4-006-026|RULE-W4-006-027|RULE-W4-006-028","extracted","dev-workspace 与 ai-coding 路径及完整证据触发"
"SEG-W4-006-006","SRC-W4-006","57","67","rule-bearing","RULE-W4-006-029|RULE-W4-006-084|RULE-W4-006-030|RULE-W4-006-085|RULE-W4-006-086|RULE-W4-006-087|RULE-W4-006-088|RULE-W4-006-031|RULE-W4-006-089|RULE-W4-006-090|RULE-W4-006-091|RULE-W4-006-092|RULE-W4-006-093|RULE-W4-006-032|RULE-W4-006-056|RULE-W4-006-057|RULE-W4-006-058|RULE-W4-006-059|RULE-W4-006-060|RULE-W4-006-061|RULE-W4-006-062|RULE-W4-006-063|RULE-W4-006-033|RULE-W4-006-034|RULE-W4-006-094|RULE-W4-006-095|RULE-W4-006-035|RULE-W4-006-096|RULE-W4-006-097|RULE-W4-006-098|RULE-W4-006-099|RULE-W4-006-100|RULE-W4-006-036|RULE-W4-006-037|RULE-W4-006-038|RULE-W4-006-101|RULE-W4-006-102|RULE-W4-006-103|RULE-W4-006-104|RULE-W4-006-105","extracted","工具链、模板、本地环境、逐项命令模式、fixtures、brief、batch 和 review 清单逐项提取"
"SEG-W4-006-007","SRC-W4-006","68","75","rule-bearing","RULE-W4-006-039|RULE-W4-006-040|RULE-W4-006-041|RULE-W4-006-042|RULE-W4-006-043|RULE-W4-006-045|RULE-W4-006-046|RULE-W4-006-047|RULE-W4-006-048","extracted","one-step verify、触发命令、本地 AI 安全正反边界、失败测试和重复错误修复"
"SEG-W4-006-008","SRC-W4-006","76","83","rule-bearing","RULE-W4-006-049|RULE-W4-006-050|RULE-W4-006-051|RULE-W4-006-052|RULE-W4-006-053","extracted","真实资源、破坏性命令、工作区扩张、AI 自主权和测试缺口人工判断"
"SEG-W4-006-009","SRC-W4-006","84","87","context","","excluded","一人执行成本为说明性取舍"
"SEG-W4-006-010","SRC-W4-006","88","90","rule-bearing","RULE-W4-006-054|RULE-W4-006-055","extracted","每个 OpenSpec change 的本地验证和 AI 批次证据"
"SEG-W4-007-001","SRC-W4-007","1","16","rule-bearing","RULE-W4-007-001|RULE-W4-007-002|RULE-W4-007-003|RULE-W4-007-004|RULE-W4-007-005|RULE-W4-007-006|RULE-W4-007-007|RULE-W4-007-063","extracted","playbook 可选性、权威优先级、专项触发、主入口与外部副作用幂等审计重放人工 gate"
"SEG-W4-007-002","SRC-W4-007","17","22","context","","excluded","角色消费者用于说明工件使用者，不形成独立规范"
"SEG-W4-007-003","SRC-W4-007","23","45","rule-bearing","RULE-W4-007-008|RULE-W4-007-009|RULE-W4-007-010|RULE-W4-007-011|RULE-W4-007-012|RULE-W4-007-013|RULE-W4-007-014|RULE-W4-007-015|RULE-W4-007-016|RULE-W4-007-017|RULE-W4-007-018|RULE-W4-007-019","extracted","billing、integration 和 messaging 工件默认路径"
"SEG-W4-007-004","SRC-W4-007","46","48","rule-bearing","RULE-W4-007-020","extracted","public/stable 开发者表面的跨阶段承接"
"SEG-W4-007-005","SRC-W4-007","49","57","rule-bearing","RULE-W4-007-021|RULE-W4-007-022|RULE-W4-007-023|RULE-W4-007-024|RULE-W4-007-025|RULE-W4-007-026|RULE-W4-007-027|RULE-W4-007-028|RULE-W4-007-029|RULE-W4-007-030|RULE-W4-007-031|RULE-W4-007-032|RULE-W4-007-033|RULE-W4-007-034|RULE-W4-007-035|RULE-W4-007-036|RULE-W4-007-037|RULE-W4-007-038|RULE-W4-007-039|RULE-W4-007-040|RULE-W4-007-041","extracted","服务端权益、账本、webhook inbox、outbox dispatcher、通知检查和敏感内容"
"SEG-W4-007-006","SRC-W4-007","58","65","rule-bearing","RULE-W4-007-042|RULE-W4-007-043|RULE-W4-007-044|RULE-W4-007-045|RULE-W4-007-046|RULE-W4-007-047|RULE-W4-007-048|RULE-W4-007-049|RULE-W4-007-050|RULE-W4-007-051|RULE-W4-007-052","extracted","append-only、provider 状态、replay、消息分流、opt-in 和 AI 草稿边界"
"SEG-W4-007-007","SRC-W4-007","66","74","rule-bearing","RULE-W4-007-053|RULE-W4-007-054|RULE-W4-007-055|RULE-W4-007-056|RULE-W4-007-057|RULE-W4-007-058","extracted","商业模型、生产副作用、集成扩张、敏感出站、消息扩张和 bypass 人工判断"
"SEG-W4-007-008","SRC-W4-007","75","78","context","","excluded","一人执行成本为说明性取舍"
"SEG-W4-007-009","SRC-W4-007","79","81","rule-bearing","RULE-W4-007-059|RULE-W4-007-060|RULE-W4-007-061|RULE-W4-007-062","extracted","外部副作用的 event、idempotency、audit 和回放撤销追溯"
"SEG-W4-008-001","SRC-W4-008","1","16","rule-bearing","RULE-W4-008-001|RULE-W4-008-002|RULE-W4-008-003|RULE-W4-008-004|RULE-W4-008-005|RULE-W4-008-006|RULE-W4-008-007|RULE-W4-008-008|RULE-W4-008-009|RULE-W4-008-010|RULE-W4-008-199","extracted","playbook 可选性、权威优先级、专项触发、主入口及 job contract、retry、幂等、取消、观测、恢复和人工 gate"
"SEG-W4-008-002","SRC-W4-008","17","30","rule-bearing","RULE-W4-008-200|RULE-W4-008-201|RULE-W4-008-202|RULE-W4-008-203|RULE-W4-008-204","extracted","外部依据多数为背景；line 27 的专有 claim SQL 非默认、adapter 隔离、数据库差异、替代路径和并发证据为 unique constraints"
"SEG-W4-008-003","SRC-W4-008","31","46","context","","excluded","适用与排除对象用于界定异步专项范围，具体规则由后文工件与运行约束承载"
"SEG-W4-008-004","SRC-W4-008","47","58","rule-bearing","RULE-W4-008-011|RULE-W4-008-012|RULE-W4-008-013|RULE-W4-008-014|RULE-W4-008-015","extracted","异步 job registry、contract、runbook、test plan 和 operations review 路径"
"SEG-W4-008-005","SRC-W4-008","59","76","rule-bearing","RULE-W4-008-016|RULE-W4-008-017|RULE-W4-008-018|RULE-W4-008-019|RULE-W4-008-020|RULE-W4-008-021|RULE-W4-008-022|RULE-W4-008-023|RULE-W4-008-024|RULE-W4-008-025|RULE-W4-008-026|RULE-W4-008-027","extracted","job registry 必需字段逐项提取"
"SEG-W4-008-006","SRC-W4-008","77","87","rule-bearing","RULE-W4-008-028|RULE-W4-008-029|RULE-W4-008-030|RULE-W4-008-031|RULE-W4-008-032|RULE-W4-008-033|RULE-W4-008-034|RULE-W4-008-035","extracted","queue 必需字段逐项提取"
"SEG-W4-008-007","SRC-W4-008","88","107","rule-bearing","RULE-W4-008-036|RULE-W4-008-037|RULE-W4-008-038|RULE-W4-008-039|RULE-W4-008-040|RULE-W4-008-041|RULE-W4-008-042|RULE-W4-008-043|RULE-W4-008-044|RULE-W4-008-045|RULE-W4-008-046|RULE-W4-008-047|RULE-W4-008-048|RULE-W4-008-049|RULE-W4-008-050|RULE-W4-008-051|RULE-W4-008-052","extracted","job type 必需字段逐项提取"
"SEG-W4-008-008","SRC-W4-008","108","114","rule-bearing","RULE-W4-008-053|RULE-W4-008-055|RULE-W4-008-057|RULE-W4-008-058|RULE-W4-008-059|RULE-W4-008-060|RULE-W4-008-061|RULE-W4-008-062|RULE-W4-008-063|RULE-W4-008-064|RULE-W4-008-065","extracted","job 注册与未登记禁令单条边界、有限重试单条边界、高风险和用户可见控制"
"SEG-W4-008-009","SRC-W4-008","115","134","rule-bearing","RULE-W4-008-066|RULE-W4-008-067|RULE-W4-008-068|RULE-W4-008-069|RULE-W4-008-070|RULE-W4-008-071|RULE-W4-008-072|RULE-W4-008-073|RULE-W4-008-074|RULE-W4-008-075|RULE-W4-008-076|RULE-W4-008-077|RULE-W4-008-078|RULE-W4-008-079|RULE-W4-008-080","extracted","job contract 必需字段逐项提取"
"SEG-W4-008-010","SRC-W4-008","135","146","rule-bearing","RULE-W4-008-081|RULE-W4-008-191|RULE-W4-008-192|RULE-W4-008-193|RULE-W4-008-194|RULE-W4-008-195|RULE-W4-008-196|RULE-W4-008-197|RULE-W4-008-198","extracted","默认 job 状态集合逐项提取"
"SEG-W4-008-011","SRC-W4-008","147","153","rule-bearing","RULE-W4-008-082|RULE-W4-008-084|RULE-W4-008-085|RULE-W4-008-086|RULE-W4-008-299|RULE-W4-008-300|RULE-W4-008-087|RULE-W4-008-088|RULE-W4-008-089","extracted","服务端状态权威单条边界、lease 恢复、payload schema/最小化/可重放逐项约束和 result 引用化"
"SEG-W4-008-012","SRC-W4-008","154","179","rule-bearing","RULE-W4-008-090|RULE-W4-008-091|RULE-W4-008-092|RULE-W4-008-093|RULE-W4-008-094|RULE-W4-008-095|RULE-W4-008-096|RULE-W4-008-097|RULE-W4-008-098|RULE-W4-008-099|RULE-W4-008-100|RULE-W4-008-101|RULE-W4-008-102|RULE-W4-008-213|RULE-W4-008-214|RULE-W4-008-215|RULE-W4-008-216|RULE-W4-008-217|RULE-W4-008-218|RULE-W4-008-219|RULE-W4-008-103|RULE-W4-008-301|RULE-W4-008-302|RULE-W4-008-104|RULE-W4-008-105|RULE-W4-008-220|RULE-W4-008-221|RULE-W4-008-222|RULE-W4-008-223|RULE-W4-008-224|RULE-W4-008-225|RULE-W4-008-226|RULE-W4-008-106|RULE-W4-008-227|RULE-W4-008-228|RULE-W4-008-229|RULE-W4-008-230|RULE-W4-008-231|RULE-W4-008-232|RULE-W4-008-233|RULE-W4-008-234|RULE-W4-008-107|RULE-W4-008-108|RULE-W4-008-109|RULE-W4-008-110|RULE-W4-008-111","extracted","worker runbook 章节及 enqueue、claim、context、attempt、shutdown、dead letter 与 replay 字段逐项提取"
"SEG-W4-008-013","SRC-W4-008","180","217","rule-bearing","RULE-W4-008-112|RULE-W4-008-113|RULE-W4-008-114|RULE-W4-008-115|RULE-W4-008-116|RULE-W4-008-117|RULE-W4-008-118|RULE-W4-008-119|RULE-W4-008-120|RULE-W4-008-121|RULE-W4-008-122|RULE-W4-008-123|RULE-W4-008-124|RULE-W4-008-125|RULE-W4-008-126|RULE-W4-008-127|RULE-W4-008-128|RULE-W4-008-129|RULE-W4-008-130|RULE-W4-008-131|RULE-W4-008-132|RULE-W4-008-133|RULE-W4-008-134|RULE-W4-008-135|RULE-W4-008-136|RULE-W4-008-205|RULE-W4-008-206|RULE-W4-008-207|RULE-W4-008-208|RULE-W4-008-209|RULE-W4-008-210|RULE-W4-008-211|RULE-W4-008-212|RULE-W4-008-137|RULE-W4-008-235|RULE-W4-008-236|RULE-W4-008-237|RULE-W4-008-238|RULE-W4-008-239|RULE-W4-008-138|RULE-W4-008-240|RULE-W4-008-241|RULE-W4-008-242|RULE-W4-008-243","extracted","job test plan 字段、required checks、逐项 job 场景与 AI/副作用测试覆盖"
"SEG-W4-008-014","SRC-W4-008","218","238","rule-bearing","RULE-W4-008-139|RULE-W4-008-140|RULE-W4-008-141|RULE-W4-008-142|RULE-W4-008-143|RULE-W4-008-144|RULE-W4-008-145|RULE-W4-008-146|RULE-W4-008-147|RULE-W4-008-148|RULE-W4-008-149|RULE-W4-008-150|RULE-W4-008-151","extracted","operations review 章节、复盘频率和单一最高影响改进"
"SEG-W4-008-015","SRC-W4-008","239","249","rule-bearing","RULE-W4-008-152|RULE-W4-008-154|RULE-W4-008-244|RULE-W4-008-245|RULE-W4-008-246|RULE-W4-008-247|RULE-W4-008-155|RULE-W4-008-156|RULE-W4-008-248|RULE-W4-008-249|RULE-W4-008-250|RULE-W4-008-251|RULE-W4-008-252|RULE-W4-008-157|RULE-W4-008-158|RULE-W4-008-159|RULE-W4-008-253|RULE-W4-008-254|RULE-W4-008-255|RULE-W4-008-256|RULE-W4-008-257|RULE-W4-008-258|RULE-W4-008-160|RULE-W4-008-161|RULE-W4-008-162|RULE-W4-008-163|RULE-W4-008-259|RULE-W4-008-260|RULE-W4-008-261|RULE-W4-008-262|RULE-W4-008-263|RULE-W4-008-164|RULE-W4-008-165","extracted","显式 job 能力与隐藏启动禁令单条边界、API/metadata、表与索引、claim、worker 控制和外部副作用"
"SEG-W4-008-016","SRC-W4-008","250","257","rule-bearing","RULE-W4-008-166|RULE-W4-008-167|RULE-W4-008-168|RULE-W4-008-169|RULE-W4-008-264|RULE-W4-008-265|RULE-W4-008-266|RULE-W4-008-267|RULE-W4-008-268|RULE-W4-008-269|RULE-W4-008-170|RULE-W4-008-171|RULE-W4-008-303|RULE-W4-008-304|RULE-W4-008-172|RULE-W4-008-173","extracted","job id、逐项状态表面、取消与不可取消逐项说明、失败下一步和非颜色表达"
"SEG-W4-008-017","SRC-W4-008","258","265","rule-bearing","RULE-W4-008-174|RULE-W4-008-175|RULE-W4-008-270|RULE-W4-008-271|RULE-W4-008-272|RULE-W4-008-273|RULE-W4-008-274|RULE-W4-008-176|RULE-W4-008-177|RULE-W4-008-178|RULE-W4-008-275|RULE-W4-008-276|RULE-W4-008-277|RULE-W4-008-278|RULE-W4-008-279|RULE-W4-008-179|RULE-W4-008-280|RULE-W4-008-281|RULE-W4-008-282|RULE-W4-008-283|RULE-W4-008-284|RULE-W4-008-285|RULE-W4-008-286|RULE-W4-008-287|RULE-W4-008-180|RULE-W4-008-288|RULE-W4-008-289|RULE-W4-008-290|RULE-W4-008-181","extracted","AI job 默认、background/Batch 逐项字段、隐私 gate 和 Agent 逐项限额"
"SEG-W4-008-018","SRC-W4-008","266","279","rule-bearing","RULE-W4-008-182|RULE-W4-008-183|RULE-W4-008-184|RULE-W4-008-185|RULE-W4-008-186|RULE-W4-008-187|RULE-W4-008-188|RULE-W4-008-189|RULE-W4-008-190|RULE-W4-008-291|RULE-W4-008-292|RULE-W4-008-293|RULE-W4-008-294|RULE-W4-008-295|RULE-W4-008-296|RULE-W4-008-297|RULE-W4-008-298","extracted","异步架构、体验、自动重试、控制缺口、敏感保留、容量、生产修复、隐私与逐项自动验证"
"SEG-W5-001-001","SRC-W5-001","1","4","rule-bearing","RULE-W5-001-001|RULE-W5-001-002","extracted","标题定位；保留 line 3 可选 playbook、非默认流程和最小内核优先级"
"SEG-W5-001-002","SRC-W5-001","5","12","rule-bearing","RULE-W5-001-003|RULE-W5-001-004|RULE-W5-001-005|RULE-W5-001-006|RULE-W5-001-007|RULE-W5-001-008|RULE-W5-001-009","extracted","核心入口、单一问题和发现边界变化时的回退规则"
"SEG-W5-001-003","SRC-W5-001","13","30","rule-bearing","RULE-W5-001-010|RULE-W5-001-011|RULE-W5-001-012|RULE-W5-001-013|RULE-W5-001-014|RULE-W5-001-015|RULE-W5-001-016|RULE-W5-001-017|RULE-W5-001-018|RULE-W5-001-019","extracted","适用对象与不适用事项的阶段路由逐项提取"
"SEG-W5-001-004","SRC-W5-001","31","42","rule-bearing","RULE-W5-001-020|RULE-W5-001-021|RULE-W5-001-022|RULE-W5-001-023|RULE-W5-001-024|RULE-W5-001-025|RULE-W5-001-026","extracted","W5 最小产出与每个风险的证据、解释或人工接受替代关系"
"SEG-W5-001-005","SRC-W5-001","43","56","rule-bearing","RULE-W5-001-027|RULE-W5-001-028|RULE-W5-001-029|RULE-W5-001-030|RULE-W5-001-031|RULE-W5-001-032|RULE-W5-001-033|RULE-W5-001-034|RULE-W5-001-035|RULE-W5-001-036|RULE-W5-001-037|RULE-W5-001-038|RULE-W5-001-039|RULE-W5-001-040|RULE-W5-001-041|RULE-W5-001-042|RULE-W5-001-043|RULE-W5-001-044|RULE-W5-001-045|RULE-W5-001-046|RULE-W5-001-047","extracted","证据记录字段、层级定义和 Browser E2E/完整集成命名边界"
"SEG-W5-001-006","SRC-W5-001","57","71","rule-bearing","RULE-W5-001-048|RULE-W5-001-049|RULE-W5-001-050|RULE-W5-001-051|RULE-W5-001-052|RULE-W5-001-053|RULE-W5-001-054","extracted","默认不问范围和必须人工判断的发布前质量边界"
"SEG-W5-001-007","SRC-W5-001","72","86","rule-bearing","RULE-W5-001-055|RULE-W5-001-056|RULE-W5-001-057|RULE-W5-001-058|RULE-W5-001-059|RULE-W5-001-060|RULE-W5-001-061|RULE-W5-001-062","extracted","触发型专项和跨 W 回退/进入路径"
"SEG-W5-001-008","SRC-W5-001","87","106","rule-bearing","RULE-W5-001-063|RULE-W5-001-064|RULE-W5-001-065|RULE-W5-001-066|RULE-W5-001-067|RULE-W5-001-068|RULE-W5-001-069|RULE-W5-001-070|RULE-W5-001-071|RULE-W5-001-072|RULE-W5-001-073|RULE-W5-001-074|RULE-W5-001-075|RULE-W5-001-076|RULE-W5-001-077|RULE-W5-001-078|RULE-W5-001-079","extracted","进入 W6 的逐项 gate、失效边界和出口选择"
"SEG-W5-001-009","SRC-W5-001","107","113","rule-bearing","RULE-W5-001-080|RULE-W5-001-081|RULE-W5-001-082|RULE-W5-001-083|RULE-W5-001-084","extracted","W5 目录与索引完成检查逐项提取"
"SEG-W5-002-001","SRC-W5-002","1","10","rule-bearing","RULE-W5-002-001|RULE-W5-002-002|RULE-W5-002-003|RULE-W5-002-004","extracted","专项定位、可选边界、最小内核优先级和主入口路由"
"SEG-W5-002-002","SRC-W5-002","11","16","rule-bearing","RULE-W5-002-005|RULE-W5-002-006|RULE-W5-002-007|RULE-W5-002-008|RULE-W5-002-009|RULE-W5-002-010","extracted","风险驱动目标和用户可见 Standard/High-risk 前置质量声明"
"SEG-W5-002-003","SRC-W5-002","17","28","context","","context-only","理论与官方工具依据，不直接形成执行规则"
"SEG-W5-002-004","SRC-W5-002","29","43","rule-bearing","RULE-W5-002-011|RULE-W5-002-012|RULE-W5-002-013|RULE-W5-002-014|RULE-W5-002-015|RULE-W5-002-016|RULE-W5-002-017","extracted","适用对象和不适用例外逐项提取"
"SEG-W5-002-005","SRC-W5-002","44","58","rule-bearing","RULE-W5-002-018|RULE-W5-002-019|RULE-W5-002-020|RULE-W5-002-021|RULE-W5-002-022|RULE-W5-002-023","extracted","最小质量工件路径和 flaky 条件式工件"
"SEG-W5-002-006","SRC-W5-002","59","74","rule-bearing","RULE-W5-002-024|RULE-W5-002-025|RULE-W5-002-026|RULE-W5-002-027|RULE-W5-002-028|RULE-W5-002-029|RULE-W5-002-030|RULE-W5-002-031|RULE-W5-002-032|RULE-W5-002-033|RULE-W5-002-034","extracted","test strategy schema 字段逐项提取"
"SEG-W5-002-007","SRC-W5-002","75","92","rule-bearing","RULE-W5-002-035|RULE-W5-002-036|RULE-W5-002-037|RULE-W5-002-038|RULE-W5-002-039|RULE-W5-002-040|RULE-W5-002-041|RULE-W5-002-042|RULE-W5-002-043|RULE-W5-002-044|RULE-W5-002-045|RULE-W5-002-046|RULE-W5-002-047|RULE-W5-002-048|RULE-W5-002-049|RULE-W5-002-050|RULE-W5-002-051|RULE-W5-002-052|RULE-W5-002-053|RULE-W5-002-054|RULE-W5-002-055|RULE-W5-002-056","extracted","test matrix schema 和 commands 子字段逐项提取"
"SEG-W5-002-008","SRC-W5-002","93","104","rule-bearing","RULE-W5-002-057|RULE-W5-002-058|RULE-W5-002-059|RULE-W5-002-060|RULE-W5-002-061|RULE-W5-002-062|RULE-W5-002-063|RULE-W5-002-064|RULE-W5-002-065|RULE-W5-002-066|RULE-W5-002-067|RULE-W5-002-068|RULE-W5-002-069|RULE-W5-002-070","extracted","关键用户旅程 schema、阻断完成边界及不可替代清单"
"SEG-W5-002-009","SRC-W5-002","105","108","rule-bearing","RULE-W5-002-071|RULE-W5-002-072","extracted","test run 工件和发布前最新 release gate run 证据"
"SEG-W5-002-010","SRC-W5-002","109","112","example","","context-only","JSONL 示例仅说明记录格式，不提升为额外强制值"
"SEG-W5-002-011","SRC-W5-002","113","125","rule-bearing","RULE-W5-002-073|RULE-W5-002-074|RULE-W5-002-075|RULE-W5-002-076|RULE-W5-002-077|RULE-W5-002-078|RULE-W5-002-079|RULE-W5-002-080","extracted","flaky 工件字段和 retry/quarantine 修复边界"
"SEG-W5-002-012","SRC-W5-002","126","144","rule-bearing","RULE-W5-002-081|RULE-W5-002-082|RULE-W5-002-083|RULE-W5-002-084|RULE-W5-002-085|RULE-W5-002-086|RULE-W5-002-087|RULE-W5-002-088","extracted","small tests 默认覆盖和外部依赖约束"
"SEG-W5-002-013","SRC-W5-002","145","156","rule-bearing","RULE-W5-002-089|RULE-W5-002-090|RULE-W5-002-091|RULE-W5-002-092|RULE-W5-002-093|RULE-W5-002-094|RULE-W5-002-095|RULE-W5-002-096|RULE-W5-002-097|RULE-W5-002-098|RULE-W5-002-099|RULE-W5-002-100|RULE-W5-002-101|RULE-W5-002-102|RULE-W5-002-103|RULE-W5-002-104","extracted","medium tests 的真实交互、数据库完整性与 AI 工具检查逐项提取"
"SEG-W5-002-014","SRC-W5-002","157","170","rule-bearing","RULE-W5-002-105|RULE-W5-002-106|RULE-W5-002-107|RULE-W5-002-108|RULE-W5-002-109|RULE-W5-002-110|RULE-W5-002-111|RULE-W5-002-112|RULE-W5-002-113|RULE-W5-002-114|RULE-W5-002-115","extracted","large tests 的完整环境、真实页面动作、外部依赖与失败可行动性"
"SEG-W5-002-015","SRC-W5-002","171","188","rule-bearing","RULE-W5-002-116|RULE-W5-002-117|RULE-W5-002-118|RULE-W5-002-119|RULE-W5-002-120|RULE-W5-002-121|RULE-W5-002-122|RULE-W5-002-123|RULE-W5-002-124|RULE-W5-002-125|RULE-W5-002-126|RULE-W5-002-127|RULE-W5-002-128|RULE-W5-002-129|RULE-W5-002-130","extracted","Go/sqlc/gRPC 命令、dry-run、expected-fail 和适用项清单"
"SEG-W5-002-016","SRC-W5-002","189","206","rule-bearing","RULE-W5-002-131|RULE-W5-002-132|RULE-W5-002-133|RULE-W5-002-134|RULE-W5-002-135|RULE-W5-002-136|RULE-W5-002-137|RULE-W5-002-138|RULE-W5-002-139|RULE-W5-002-140|RULE-W5-002-141|RULE-W5-002-142|RULE-W5-002-143|RULE-W5-002-144","extracted","Vite 命令、触发门禁与 Browser E2E 命名/状态边界"
"SEG-W5-002-017","SRC-W5-002","207","218","rule-bearing","RULE-W5-002-145|RULE-W5-002-146|RULE-W5-002-147|RULE-W5-002-148|RULE-W5-002-149|RULE-W5-002-150|RULE-W5-002-151|RULE-W5-002-152|RULE-W5-002-153|RULE-W5-002-154|RULE-W5-002-155|RULE-W5-002-156|RULE-W5-002-157|RULE-W5-002-158|RULE-W5-002-159|RULE-W5-002-160","extracted","AI 变更范围、样例、grader、回滚链接和工具错误路径逐项提取"
"SEG-W5-002-018","SRC-W5-002","219","225","rule-bearing","RULE-W5-002-161|RULE-W5-002-162|RULE-W5-002-163|RULE-W5-002-164|RULE-W5-002-165|RULE-W5-002-166","extracted","flaky 默认真问题、retry 条件工件和可控 fixture 建议"
"SEG-W5-002-019","SRC-W5-002","226","235","rule-bearing","RULE-W5-002-167|RULE-W5-002-168|RULE-W5-002-169|RULE-W5-002-170","extracted","覆盖率边界、coverage focus 和风险优先级"
"SEG-W5-002-020","SRC-W5-002","236","246","rule-bearing","RULE-W5-002-171|RULE-W5-002-172|RULE-W5-002-173|RULE-W5-002-174|RULE-W5-002-175|RULE-W5-002-176","extracted","只交给人的五项质量判断和其余模板自动化边界"
"SEG-W5-003-001","SRC-W5-003","1","10","rule-bearing","RULE-W5-003-001|RULE-W5-003-002|RULE-W5-003-003|RULE-W5-003-004","extracted","专项定位、可选边界、最小内核优先级和主入口路由"
"SEG-W5-003-002","SRC-W5-003","11","16","rule-bearing","RULE-W5-003-005|RULE-W5-003-006|RULE-W5-003-007|RULE-W5-003-008|RULE-W5-003-009","extracted","用户可见 surface 问题和可执行交互/验证/透明说明要求"
"SEG-W5-003-003","SRC-W5-003","17","29","context","","context-only","人本设计、WCAG、Geist 与 AI 风险依据，不直接形成执行规则"
"SEG-W5-003-004","SRC-W5-003","30","43","rule-bearing","RULE-W5-003-010|RULE-W5-003-011|RULE-W5-003-012|RULE-W5-003-013|RULE-W5-003-014|RULE-W5-003-015","extracted","适用 surface、后端状态和排除/高风险脚本例外"
"SEG-W5-003-005","SRC-W5-003","44","56","rule-bearing","RULE-W5-003-016|RULE-W5-003-017|RULE-W5-003-018|RULE-W5-003-019|RULE-W5-003-020|RULE-W5-003-021","extracted","五个 UX 最小工件和统一 surface 命名"
"SEG-W5-003-006","SRC-W5-003","57","77","rule-bearing","RULE-W5-003-022|RULE-W5-003-023|RULE-W5-003-024|RULE-W5-003-025|RULE-W5-003-026|RULE-W5-003-027|RULE-W5-003-028|RULE-W5-003-029|RULE-W5-003-030|RULE-W5-003-031|RULE-W5-003-032|RULE-W5-003-033|RULE-W5-003-034|RULE-W5-003-035|RULE-W5-003-036|RULE-W5-003-037|RULE-W5-003-038|RULE-W5-003-039|RULE-W5-003-040|RULE-W5-003-041|RULE-W5-003-042","extracted","surface map schema、关键路径最小化和环境适用性字段"
"SEG-W5-003-007","SRC-W5-003","78","120","rule-bearing","RULE-W5-003-043|RULE-W5-003-044|RULE-W5-003-045|RULE-W5-003-046|RULE-W5-003-047|RULE-W5-003-048|RULE-W5-003-049|RULE-W5-003-050|RULE-W5-003-051|RULE-W5-003-052|RULE-W5-003-053|RULE-W5-003-054|RULE-W5-003-055|RULE-W5-003-056|RULE-W5-003-057|RULE-W5-003-058|RULE-W5-003-059|RULE-W5-003-060|RULE-W5-003-061|RULE-W5-003-062|RULE-W5-003-063|RULE-W5-003-064|RULE-W5-003-065|RULE-W5-003-066|RULE-W5-003-067|RULE-W5-003-068|RULE-W5-003-069|RULE-W5-003-070|RULE-W5-003-071|RULE-W5-003-072|RULE-W5-003-073|RULE-W5-003-074|RULE-W5-003-075|RULE-W5-003-076|RULE-W5-003-077|RULE-W5-003-078|RULE-W5-003-082|RULE-W5-003-083|RULE-W5-003-084|RULE-W5-003-085|RULE-W5-003-086|RULE-W5-003-087|RULE-W5-003-088","extracted","interaction contract、component schema、状态、键盘、表单与替代语义；AI 扩展状态按适用组合保留单条规则"
"SEG-W5-003-008","SRC-W5-003","121","164","rule-bearing","RULE-W5-003-089|RULE-W5-003-090|RULE-W5-003-091|RULE-W5-003-092|RULE-W5-003-093|RULE-W5-003-094|RULE-W5-003-095|RULE-W5-003-096|RULE-W5-003-097|RULE-W5-003-098|RULE-W5-003-099|RULE-W5-003-100|RULE-W5-003-101|RULE-W5-003-102|RULE-W5-003-103|RULE-W5-003-104|RULE-W5-003-105|RULE-W5-003-106|RULE-W5-003-107|RULE-W5-003-108|RULE-W5-003-109|RULE-W5-003-110|RULE-W5-003-111|RULE-W5-003-112|RULE-W5-003-113|RULE-W5-003-114|RULE-W5-003-115|RULE-W5-003-116|RULE-W5-003-117|RULE-W5-003-118|RULE-W5-003-119|RULE-W5-003-120|RULE-W5-003-121|RULE-W5-003-122|RULE-W5-003-123|RULE-W5-003-124","extracted","accessibility test plan schema、标准/checks 枚举、证据层级和例外字段"
"SEG-W5-003-009","SRC-W5-003","165","186","rule-bearing","RULE-W5-003-125|RULE-W5-003-126|RULE-W5-003-127|RULE-W5-003-128|RULE-W5-003-129|RULE-W5-003-130|RULE-W5-003-131|RULE-W5-003-132|RULE-W5-003-133|RULE-W5-003-134|RULE-W5-003-135|RULE-W5-003-136|RULE-W5-003-137|RULE-W5-003-138|RULE-W5-003-139","extracted","AI UX disclosure schema、用户心理模型、限制与反馈闭环"
"SEG-W5-003-010","SRC-W5-003","187","205","rule-bearing","RULE-W5-003-140|RULE-W5-003-141|RULE-W5-003-142|RULE-W5-003-143|RULE-W5-003-144|RULE-W5-003-145|RULE-W5-003-146|RULE-W5-003-147|RULE-W5-003-148|RULE-W5-003-149|RULE-W5-003-150","extracted","UX review schema、节奏和单一最高影响改进"
"SEG-W5-003-011","SRC-W5-003","206","213","rule-bearing","RULE-W5-003-151|RULE-W5-003-152|RULE-W5-003-153|RULE-W5-003-154|RULE-W5-003-155|RULE-W5-003-156|RULE-W5-003-157|RULE-W5-003-158|RULE-W5-003-159|RULE-W5-003-160|RULE-W5-003-161|RULE-W5-003-162|RULE-W5-003-163|RULE-W5-003-164|RULE-W5-003-165|RULE-W5-003-166|RULE-W5-003-167|RULE-W5-003-168|RULE-W5-003-169|RULE-W5-003-170|RULE-W5-003-171|RULE-W5-003-172|RULE-W5-003-173|RULE-W5-003-174|RULE-W5-003-175|RULE-W5-003-176|RULE-W5-003-177|RULE-W5-003-178|RULE-W5-003-179|RULE-W5-003-180|RULE-W5-003-181|RULE-W5-003-182","extracted","后端错误、异步状态、反馈 API 字段和可选表"
"SEG-W5-003-012","SRC-W5-003","214","224","rule-bearing","RULE-W5-003-183|RULE-W5-003-184|RULE-W5-003-185|RULE-W5-003-186|RULE-W5-003-187|RULE-W5-003-188|RULE-W5-003-189|RULE-W5-003-190|RULE-W5-003-191|RULE-W5-003-192|RULE-W5-003-193|RULE-W5-003-194|RULE-W5-003-195|RULE-W5-003-196|RULE-W5-003-197|RULE-W5-003-198|RULE-W5-003-199|RULE-W5-003-200|RULE-W5-003-201|RULE-W5-003-202|RULE-W5-003-203|RULE-W5-003-204|RULE-W5-003-205|RULE-W5-003-206|RULE-W5-003-207|RULE-W5-003-208|RULE-W5-003-209|RULE-W5-003-210|RULE-W5-003-211|RULE-W5-003-212","extracted","Vite/Geist 语义、focus、状态、动效和响应式规则"
"SEG-W5-003-013","SRC-W5-003","225","232","rule-bearing","RULE-W5-003-213|RULE-W5-003-214|RULE-W5-003-215|RULE-W5-003-216|RULE-W5-003-217|RULE-W5-003-218|RULE-W5-003-219|RULE-W5-003-220|RULE-W5-003-221|RULE-W5-003-222|RULE-W5-003-223|RULE-W5-003-224","extracted","AI 输出类别、不确定性、操作恢复、高风险动作和反馈闭环"
"SEG-W5-003-014","SRC-W5-003","233","245","rule-bearing","RULE-W5-003-225|RULE-W5-003-226|RULE-W5-003-227|RULE-W5-003-228|RULE-W5-003-229|RULE-W5-003-230|RULE-W5-003-231|RULE-W5-003-232","extracted","可访问性、高影响 AI、dark pattern、敏感数据和品牌承诺的人审边界"
"SEG-W5-004-001","SRC-W5-004","1","10","rule-bearing","RULE-W5-004-001|RULE-W5-004-002|RULE-W5-004-003|RULE-W5-004-004","extracted","专项定位、可选边界、最小内核优先级和主入口路由"
"SEG-W5-004-002","SRC-W5-004","11","16","rule-bearing","RULE-W5-004-005|RULE-W5-004-006|RULE-W5-004-007","extracted","上线前运行风险问题和无证据不得声明可控"
"SEG-W5-004-003","SRC-W5-004","17","22","rule-bearing","RULE-W5-004-008|RULE-W5-004-009|RULE-W5-004-010","extracted","QA、运维和开发的责任消费者边界"
"SEG-W5-004-004","SRC-W5-004","23","36","rule-bearing","RULE-W5-004-011|RULE-W5-004-012|RULE-W5-004-013|RULE-W5-004-014|RULE-W5-004-015|RULE-W5-004-016|RULE-W5-004-017","extracted","按触发选择的六个最小运行风险工件，不强化为全量必建"
"SEG-W5-004-005","SRC-W5-004","37","45","rule-bearing","RULE-W5-004-018|RULE-W5-004-019|RULE-W5-004-020|RULE-W5-004-021|RULE-W5-004-022|RULE-W5-004-023|RULE-W5-004-024|RULE-W5-004-025|RULE-W5-004-026|RULE-W5-004-027|RULE-W5-004-028|RULE-W5-004-029|RULE-W5-004-030|RULE-W5-004-031|RULE-W5-004-032|RULE-W5-004-033|RULE-W5-004-034|RULE-W5-004-035|RULE-W5-004-036|RULE-W5-004-037|RULE-W5-004-038","extracted","性能、容量、失败模式、stop condition 和降级能力逐项覆盖"
"SEG-W5-004-006","SRC-W5-004","46","53","rule-bearing","RULE-W5-004-039|RULE-W5-004-040|RULE-W5-004-041|RULE-W5-004-042|RULE-W5-004-043|RULE-W5-004-044|RULE-W5-004-045|RULE-W5-004-046","extracted","无基线结果枚举、真实边界人审、provider 替代、retry budget 和缺口发布"
"SEG-W5-004-007","SRC-W5-004","54","61","rule-bearing","RULE-W5-004-047|RULE-W5-004-048|RULE-W5-004-049|RULE-W5-004-050|RULE-W5-004-051","extracted","预算放宽、真实压测、blast radius、成本资源和保护机制的人审"
"SEG-W5-004-008","SRC-W5-004","62","68","rule-bearing","RULE-W5-004-052|RULE-W5-004-053","extracted","一人最小验证取舍、责任边界和 W6 go/no-go 承接"
"SEG-W6-001-001","SRC-W6-001","1","4","rule-bearing","RULE-W6-001-001|RULE-W6-001-002","extracted","标题定位；保留 line 3 可选 playbook、非默认流程和最小内核优先级"
"SEG-W6-001-002","SRC-W6-001","5","12","rule-bearing","RULE-W6-001-003|RULE-W6-001-004|RULE-W6-001-005|RULE-W6-001-006|RULE-W6-001-007|RULE-W6-001-008|RULE-W6-001-009","extracted","核心入口、单一发布问题和证据/实现/边界/AI 回退"
"SEG-W6-001-003","SRC-W6-001","13","30","rule-bearing","RULE-W6-001-010|RULE-W6-001-011|RULE-W6-001-012|RULE-W6-001-013|RULE-W6-001-014|RULE-W6-001-015|RULE-W6-001-016|RULE-W6-001-017|RULE-W6-001-018|RULE-W6-001-019","extracted","适用发布、客户、claim、合同范围和不适用路由"
"SEG-W6-001-004","SRC-W6-001","31","41","rule-bearing","RULE-W6-001-020|RULE-W6-001-021|RULE-W6-001-022|RULE-W6-001-023|RULE-W6-001-024|RULE-W6-001-025|RULE-W6-001-026|RULE-W6-001-027|RULE-W6-001-028|RULE-W6-001-029|RULE-W6-001-030|RULE-W6-001-031","extracted","W6 最小产出、release evidence 字段和条件式客户/claim/合同工件"
"SEG-W6-001-005","SRC-W6-001","42","57","rule-bearing","RULE-W6-001-032|RULE-W6-001-033|RULE-W6-001-034|RULE-W6-001-035|RULE-W6-001-036|RULE-W6-001-037|RULE-W6-001-038|RULE-W6-001-039","extracted","默认不问范围和生产、强 claim、合同、客户与带缺口发布的人审"
"SEG-W6-001-006","SRC-W6-001","58","73","rule-bearing","RULE-W6-001-040|RULE-W6-001-041|RULE-W6-001-042|RULE-W6-001-043|RULE-W6-001-044|RULE-W6-001-045|RULE-W6-001-046|RULE-W6-001-047|RULE-W6-001-048|RULE-W6-001-049","extracted","触发型专项、商业复杂场景可选 OpenSpec 和跨 W 承接"
"SEG-W6-001-007","SRC-W6-001","74","93","rule-bearing","RULE-W6-001-050|RULE-W6-001-051|RULE-W6-001-052|RULE-W6-001-053|RULE-W6-001-054|RULE-W6-001-055|RULE-W6-001-056|RULE-W6-001-057|RULE-W6-001-058|RULE-W6-001-059|RULE-W6-001-060|RULE-W6-001-061|RULE-W6-001-062|RULE-W6-001-063|RULE-W6-001-064|RULE-W6-001-065|RULE-W6-001-066|RULE-W6-001-067|RULE-W6-001-068|RULE-W6-001-069|RULE-W6-001-070|RULE-W6-001-071|RULE-W6-001-072|RULE-W6-001-073|RULE-W6-001-074|RULE-W6-001-075|RULE-W6-001-076|RULE-W6-001-077|RULE-W6-001-078|RULE-W6-001-079|RULE-W6-001-080|RULE-W6-001-081|RULE-W6-001-082|RULE-W6-001-083|RULE-W6-001-084|RULE-W6-001-085","extracted","进入 W7 的字段级 gate、下游责任交接和出口选择"
"SEG-W6-001-008","SRC-W6-001","94","100","rule-bearing","RULE-W6-001-086|RULE-W6-001-087|RULE-W6-001-088|RULE-W6-001-089|RULE-W6-001-090","extracted","W6 目录、专项定位、索引和验证命令完成检查"
"SEG-W6-002-001","SRC-W6-002","1","10","rule-bearing","RULE-W6-002-001|RULE-W6-002-002|RULE-W6-002-003|RULE-W6-002-004","extracted","专项定位、可选边界、最小内核优先级和主入口路由"
"SEG-W6-002-002","SRC-W6-002","11","16","rule-bearing","RULE-W6-002-005|RULE-W6-002-006|RULE-W6-002-007","extracted","可重复 release path 与可检查发布事实"
"SEG-W6-002-003","SRC-W6-002","17","28","rule-bearing","RULE-W6-002-008|RULE-W6-002-009|RULE-W6-002-010|RULE-W6-002-011|RULE-W6-002-012|RULE-W6-002-013|RULE-W6-002-014|RULE-W6-002-015","extracted","专项解决范围和需另开 change 的平台边界"
"SEG-W6-002-004","SRC-W6-002","29","43","context","","context-only","发布、SRE、供应链、Docker、Go/sqlc/Vite 和 Vercel 依据"
"SEG-W6-002-005","SRC-W6-002","44","54","rule-bearing","RULE-W6-002-016|RULE-W6-002-017|RULE-W6-002-018|RULE-W6-002-019|RULE-W6-002-020|RULE-W6-002-021|RULE-W6-002-022|RULE-W6-002-023|RULE-W6-002-024|RULE-W6-002-025|RULE-W6-002-026|RULE-W6-002-027|RULE-W6-002-028|RULE-W6-002-029","extracted","CI provider、CI artifact、release id、production trigger、secret、回滚与人审默认值"
"SEG-W6-002-006","SRC-W6-002","55","75","rule-bearing","RULE-W6-002-030|RULE-W6-002-031|RULE-W6-002-032|RULE-W6-002-033|RULE-W6-002-034|RULE-W6-002-035|RULE-W6-002-036","extracted","推荐 release/ops 工件落点与 W7 引用，不提升为无条件必须"
"SEG-W6-002-007","SRC-W6-002","76","121","rule-bearing","RULE-W6-002-037|RULE-W6-002-038|RULE-W6-002-039|RULE-W6-002-040|RULE-W6-002-041|RULE-W6-002-042|RULE-W6-002-043|RULE-W6-002-044|RULE-W6-002-045|RULE-W6-002-046|RULE-W6-002-047|RULE-W6-002-048|RULE-W6-002-049|RULE-W6-002-050|RULE-W6-002-051|RULE-W6-002-052|RULE-W6-002-053|RULE-W6-002-054|RULE-W6-002-055|RULE-W6-002-056|RULE-W6-002-057|RULE-W6-002-058|RULE-W6-002-059|RULE-W6-002-060|RULE-W6-002-061|RULE-W6-002-062|RULE-W6-002-063|RULE-W6-002-064","extracted","pipeline 推荐 schema 字段逐项提取；示例值不强化为默认值"
"SEG-W6-002-008","SRC-W6-002","122","128","rule-bearing","RULE-W6-002-065|RULE-W6-002-066|RULE-W6-002-067|RULE-W6-002-068|RULE-W6-002-069|RULE-W6-002-070|RULE-W6-002-071|RULE-W6-002-072|RULE-W6-002-073|RULE-W6-002-074|RULE-W6-002-075|RULE-W6-002-076","extracted","一人裁剪、必需 gate 类别、可读 smoke/rollback 和 SLO/checklist 关联"
"SEG-W6-002-009","SRC-W6-002","129","145","rule-bearing","RULE-W6-002-077|RULE-W6-002-078|RULE-W6-002-079|RULE-W6-002-080|RULE-W6-002-081|RULE-W6-002-082|RULE-W6-002-083|RULE-W6-002-084|RULE-W6-002-085|RULE-W6-002-086|RULE-W6-002-087|RULE-W6-002-088|RULE-W6-002-089|RULE-W6-002-090|RULE-W6-002-091|RULE-W6-002-092|RULE-W6-002-093|RULE-W6-002-094|RULE-W6-002-095|RULE-W6-002-096|RULE-W6-002-097|RULE-W6-002-098|RULE-W6-002-099|RULE-W6-002-100|RULE-W6-002-101|RULE-W6-002-102|RULE-W6-002-103|RULE-W6-002-104|RULE-W6-002-105|RULE-W6-002-106|RULE-W6-002-107|RULE-W6-002-108|RULE-W6-002-109|RULE-W6-002-110|RULE-W6-002-111|RULE-W6-002-112|RULE-W6-002-113|RULE-W6-002-114","extracted","十二步默认流水线的工件、命令、dry-run、人工 gate、watch 和 release log 字段"
"SEG-W6-002-010","SRC-W6-002","146","158","rule-bearing","RULE-W6-002-115|RULE-W6-002-116|RULE-W6-002-117|RULE-W6-002-118|RULE-W6-002-119|RULE-W6-002-120|RULE-W6-002-121|RULE-W6-002-122|RULE-W6-002-123|RULE-W6-002-124|RULE-W6-002-125|RULE-W6-002-126","extracted","backend gates、race 条件、生成一致性、migration dry-run/恢复和 runtime 镜像边界"
"SEG-W6-002-011","SRC-W6-002","159","171","rule-bearing","RULE-W6-002-127|RULE-W6-002-128|RULE-W6-002-129|RULE-W6-002-130|RULE-W6-002-131|RULE-W6-002-132|RULE-W6-002-133|RULE-W6-002-134|RULE-W6-002-135|RULE-W6-002-136|RULE-W6-002-137|RULE-W6-002-138|RULE-W6-002-139","extracted","frontend gates、锁文件安装、build、preview、Web Vitals 和 production 页面验证"
"SEG-W6-002-012","SRC-W6-002","172","181","rule-bearing","RULE-W6-002-140|RULE-W6-002-141|RULE-W6-002-142|RULE-W6-002-143|RULE-W6-002-144|RULE-W6-002-145|RULE-W6-002-146|RULE-W6-002-147|RULE-W6-002-148|RULE-W6-002-149|RULE-W6-002-150|RULE-W6-002-151","extracted","AI artifact、eval expected-fail、版本 provenance、fallback 和高影响人审"
"SEG-W6-002-013","SRC-W6-002","182","189","rule-bearing","RULE-W6-002-152|RULE-W6-002-153|RULE-W6-002-154|RULE-W6-002-155|RULE-W6-002-156|RULE-W6-002-157|RULE-W6-002-158|RULE-W6-002-159|RULE-W6-002-160|RULE-W6-002-161|RULE-W6-002-162|RULE-W6-002-163|RULE-W6-002-164|RULE-W6-002-165","extracted","CI 权限、OIDC/长期 secret、build args、外部 provenance 和第三方 action"
"SEG-W6-002-014","SRC-W6-002","190","209","rule-bearing","RULE-W6-002-166|RULE-W6-002-167|RULE-W6-002-168|RULE-W6-002-169|RULE-W6-002-170|RULE-W6-002-171|RULE-W6-002-172|RULE-W6-002-173|RULE-W6-002-174|RULE-W6-002-175|RULE-W6-002-176|RULE-W6-002-177|RULE-W6-002-178|RULE-W6-002-179|RULE-W6-002-180|RULE-W6-002-181","extracted","rollback 和 release run 的 artifact、不可逆 migration 补偿、执行入口及证据字段"
"SEG-W6-002-015","SRC-W6-002","210","224","rule-bearing","RULE-W6-002-182|RULE-W6-002-183|RULE-W6-002-184|RULE-W6-002-185|RULE-W6-002-186|RULE-W6-002-187|RULE-W6-002-188|RULE-W6-002-189|RULE-W6-002-190|RULE-W6-002-191","extracted","默认不问项、六个人工判断和当前建议的非生产/生产边界"
"SEG-W6-002-016","SRC-W6-002","225","243","rule-bearing","RULE-W6-002-192|RULE-W6-002-193|RULE-W6-002-194|RULE-W6-002-195|RULE-W6-002-196|RULE-W6-002-197|RULE-W6-002-198","extracted","一人流水线取舍、等价 provider、证据责任和高风险人工 checkpoint"
"SEG-W6-003-001","SRC-W6-003","1","10","rule-bearing","RULE-W6-003-001|RULE-W6-003-002|RULE-W6-003-003|RULE-W6-003-004","extracted","专项定位、可选边界、最小内核优先级和主入口路由"
"SEG-W6-003-002","SRC-W6-003","11","18","rule-bearing","RULE-W6-003-005|RULE-W6-003-006|RULE-W6-003-007|RULE-W6-003-008|RULE-W6-003-009|RULE-W6-003-010|RULE-W6-003-011|RULE-W6-003-012|RULE-W6-003-013|RULE-W6-003-014","extracted","可重复交付流程和进入生产前的五项最小安全前提"
"SEG-W6-003-003","SRC-W6-003","19","31","context","","context-only","客户开发、SRE、SaaS、AI、Stripe 与 onboarding 依据"
"SEG-W6-003-004","SRC-W6-003","32","49","rule-bearing","RULE-W6-003-015|RULE-W6-003-016|RULE-W6-003-017|RULE-W6-003-018|RULE-W6-003-019|RULE-W6-003-020|RULE-W6-003-021|RULE-W6-003-022|RULE-W6-003-023|RULE-W6-003-024","extracted","适用客户阶段与租户能力，以及产品发现、auth、数据、计费、支持、合同和运行路由"
"SEG-W6-003-005","SRC-W6-003","50","62","rule-bearing","RULE-W6-003-025|RULE-W6-003-026|RULE-W6-003-027|RULE-W6-003-028|RULE-W6-003-029|RULE-W6-003-030|RULE-W6-003-031|RULE-W6-003-032|RULE-W6-003-033|RULE-W6-003-034|RULE-W6-003-035","extracted","统一 account 别名、敏感标识禁令和五个最小工件路径"
"SEG-W6-003-006","SRC-W6-003","63","100","rule-bearing","RULE-W6-003-036|RULE-W6-003-037|RULE-W6-003-038|RULE-W6-003-039|RULE-W6-003-040|RULE-W6-003-041|RULE-W6-003-042|RULE-W6-003-043|RULE-W6-003-044|RULE-W6-003-045|RULE-W6-003-046|RULE-W6-003-047|RULE-W6-003-048|RULE-W6-003-049|RULE-W6-003-050|RULE-W6-003-051","extracted","pilot charter 的 Markdown 字段逐项提取"
"SEG-W6-003-007","SRC-W6-003","101","108","rule-bearing","RULE-W6-003-052|RULE-W6-003-053|RULE-W6-003-054|RULE-W6-003-055|RULE-W6-003-056|RULE-W6-003-057|RULE-W6-003-058|RULE-W6-003-059|RULE-W6-003-060|RULE-W6-003-061|RULE-W6-003-062|RULE-W6-003-063|RULE-W6-003-064|RULE-W6-003-065|RULE-W6-003-066|RULE-W6-003-067|RULE-W6-003-068|RULE-W6-003-069|RULE-W6-003-070|RULE-W6-003-071|RULE-W6-003-072|RULE-W6-003-073|RULE-W6-003-074|RULE-W6-003-075|RULE-W6-003-076|RULE-W6-003-077|RULE-W6-003-078|RULE-W6-003-079","extracted","试点成功、Out of Scope、数据/AI 边界和 exit criteria 子项"
"SEG-W6-003-008","SRC-W6-003","109","145","rule-bearing","RULE-W6-003-080|RULE-W6-003-081|RULE-W6-003-082|RULE-W6-003-083|RULE-W6-003-084|RULE-W6-003-085|RULE-W6-003-086|RULE-W6-003-087|RULE-W6-003-088|RULE-W6-003-089|RULE-W6-003-090|RULE-W6-003-091|RULE-W6-003-092|RULE-W6-003-093|RULE-W6-003-094|RULE-W6-003-095|RULE-W6-003-096|RULE-W6-003-097|RULE-W6-003-098|RULE-W6-003-099|RULE-W6-003-100|RULE-W6-003-101|RULE-W6-003-102|RULE-W6-003-103|RULE-W6-003-104|RULE-W6-003-105|RULE-W6-003-106|RULE-W6-003-107|RULE-W6-003-108|RULE-W6-003-109|RULE-W6-003-110|RULE-W6-003-111|RULE-W6-003-112|RULE-W6-003-113|RULE-W6-003-114|RULE-W6-003-115|RULE-W6-003-116|RULE-W6-003-117|RULE-W6-003-118|RULE-W6-003-119|RULE-W6-003-120|RULE-W6-003-121|RULE-W6-003-122|RULE-W6-003-123|RULE-W6-003-124|RULE-W6-003-125|RULE-W6-003-126|RULE-W6-003-127|RULE-W6-003-128|RULE-W6-003-129|RULE-W6-003-130|RULE-W6-003-131|RULE-W6-003-132|RULE-W6-003-133|RULE-W6-003-134|RULE-W6-003-135|RULE-W6-003-136|RULE-W6-003-137|RULE-W6-003-138|RULE-W6-003-139|RULE-W6-003-140|RULE-W6-003-141|RULE-W6-003-142|RULE-W6-003-143|RULE-W6-003-144|RULE-W6-003-145|RULE-W6-003-146|RULE-W6-003-147|RULE-W6-003-148|RULE-W6-003-149|RULE-W6-003-150|RULE-W6-003-151|RULE-W6-003-152","extracted","tenant provisioning 顶层和子项 schema、secret 禁令及 rollback/offboarding 动作"
"SEG-W6-003-009","SRC-W6-003","146","165","rule-bearing","RULE-W6-003-153|RULE-W6-003-154|RULE-W6-003-155|RULE-W6-003-156|RULE-W6-003-157|RULE-W6-003-158|RULE-W6-003-159|RULE-W6-003-160|RULE-W6-003-161|RULE-W6-003-162|RULE-W6-003-163|RULE-W6-003-164|RULE-W6-003-165|RULE-W6-003-166","extracted","launch readiness 顶层字段和 launch_type 枚举"
"SEG-W6-003-010","SRC-W6-003","166","198","rule-bearing","RULE-W6-003-167|RULE-W6-003-168|RULE-W6-003-169|RULE-W6-003-170|RULE-W6-003-171|RULE-W6-003-172|RULE-W6-003-173|RULE-W6-003-174|RULE-W6-003-175|RULE-W6-003-176|RULE-W6-003-177|RULE-W6-003-178|RULE-W6-003-179|RULE-W6-003-180|RULE-W6-003-181|RULE-W6-003-182|RULE-W6-003-183|RULE-W6-003-184|RULE-W6-003-185|RULE-W6-003-186|RULE-W6-003-187|RULE-W6-003-188|RULE-W6-003-189|RULE-W6-003-190","extracted","外部上线 gate 清单、gate schema、结果枚举和 required/AI/customer/rollback/support 阻断"
"SEG-W6-003-011","SRC-W6-003","199","231","rule-bearing","RULE-W6-003-191|RULE-W6-003-192|RULE-W6-003-193|RULE-W6-003-194|RULE-W6-003-195|RULE-W6-003-196|RULE-W6-003-197|RULE-W6-003-198|RULE-W6-003-199|RULE-W6-003-200|RULE-W6-003-201|RULE-W6-003-202|RULE-W6-003-203|RULE-W6-003-204","extracted","success plan 的 Markdown 字段逐项提取"
"SEG-W6-003-012","SRC-W6-003","232","240","rule-bearing","RULE-W6-003-205|RULE-W6-003-206|RULE-W6-003-207|RULE-W6-003-208|RULE-W6-003-209|RULE-W6-003-210|RULE-W6-003-211|RULE-W6-003-212|RULE-W6-003-213|RULE-W6-003-214|RULE-W6-003-215","extracted","激活最短路径、采用/风险信号、support 责任和扩张承诺边界"
"SEG-W6-003-013","SRC-W6-003","241","270","rule-bearing","RULE-W6-003-216|RULE-W6-003-217|RULE-W6-003-218|RULE-W6-003-219|RULE-W6-003-220|RULE-W6-003-221|RULE-W6-003-222|RULE-W6-003-223|RULE-W6-003-224|RULE-W6-003-225|RULE-W6-003-226|RULE-W6-003-227","extracted","handoff review 的 Markdown 字段逐项提取"
"SEG-W6-003-014","SRC-W6-003","271","276","rule-bearing","RULE-W6-003-228|RULE-W6-003-229|RULE-W6-003-230|RULE-W6-003-231","extracted","handoff decision 枚举、单一下一步和定制/承诺双专项链接"
"SEG-W6-003-015","SRC-W6-003","277","284","rule-bearing","RULE-W6-003-232|RULE-W6-003-233|RULE-W6-003-234|RULE-W6-003-235|RULE-W6-003-236","extracted","五步默认流程的顺序工件，不重复 schema 字段总括"
"SEG-W6-003-016","SRC-W6-003","285","293","rule-bearing","RULE-W6-003-237|RULE-W6-003-238|RULE-W6-003-239|RULE-W6-003-240|RULE-W6-003-241|RULE-W6-003-242|RULE-W6-003-243|RULE-W6-003-244|RULE-W6-003-245|RULE-W6-003-246|RULE-W6-003-247|RULE-W6-003-248|RULE-W6-003-249|RULE-W6-003-250|RULE-W6-003-251|RULE-W6-003-252|RULE-W6-003-253|RULE-W6-003-254|RULE-W6-003-255|RULE-W6-003-256|RULE-W6-003-257|RULE-W6-003-258|RULE-W6-003-259|RULE-W6-003-260|RULE-W6-003-261|RULE-W6-003-262","extracted","后端 usecase、gRPC 能力/error、可选表、客户配置禁令和 admin action 证据"
"SEG-W6-003-017","SRC-W6-003","294","301","rule-bearing","RULE-W6-003-263|RULE-W6-003-264|RULE-W6-003-265|RULE-W6-003-266|RULE-W6-003-267|RULE-W6-003-268|RULE-W6-003-269|RULE-W6-003-270|RULE-W6-003-271|RULE-W6-003-272|RULE-W6-003-273|RULE-W6-003-274|RULE-W6-003-275|RULE-W6-003-276|RULE-W6-003-277|RULE-W6-003-278|RULE-W6-003-279|RULE-W6-003-280|RULE-W6-003-281|RULE-W6-003-282|RULE-W6-003-283|RULE-W6-003-284|RULE-W6-003-285|RULE-W6-003-286|RULE-W6-003-287|RULE-W6-003-288","extracted","管理台/customer UI 信息边界、高风险控件证据和空状态"
"SEG-W6-003-018","SRC-W6-003","302","308","rule-bearing","RULE-W6-003-289|RULE-W6-003-290|RULE-W6-003-291|RULE-W6-003-292|RULE-W6-003-293|RULE-W6-003-294|RULE-W6-003-295|RULE-W6-003-296|RULE-W6-003-297|RULE-W6-003-298|RULE-W6-003-299|RULE-W6-003-300|RULE-W6-003-301|RULE-W6-003-302|RULE-W6-003-303","extracted","客户数据进入 AI 前置边界、样例授权/脱敏、W3/W8 链接和外部 claim gate"
"SEG-W6-003-019","SRC-W6-003","309","325","rule-bearing","RULE-W6-003-304|RULE-W6-003-305|RULE-W6-003-306|RULE-W6-003-307|RULE-W6-003-308|RULE-W6-003-309|RULE-W6-003-310|RULE-W6-003-311|RULE-W6-003-312","extracted","默认不问范围、生产/数据/SSO/required gate/承诺/退出/内容复用的人审和自动检查"
"SEG-W6-004-001","SRC-W6-004","1","10","rule-bearing","RULE-W6-004-001|RULE-W6-004-002|RULE-W6-004-003|RULE-W6-004-004","extracted","专项定位、可选边界、最小内核优先级和主入口路由"
"SEG-W6-004-002","SRC-W6-004","11","18","rule-bearing","RULE-W6-004-005|RULE-W6-004-006|RULE-W6-004-007|RULE-W6-004-008|RULE-W6-004-009|RULE-W6-004-010|RULE-W6-004-011|RULE-W6-004-012|RULE-W6-004-013|RULE-W6-004-014","extracted","每条 claim 的证据/owner/时效/范围/更正字段、跨工件一致性和失效处置"
"SEG-W6-004-003","SRC-W6-004","19","31","context","","context-only","FTC、NIST、OECD、SRE、OpenAI 与 Geist 依据"
"SEG-W6-004-004","SRC-W6-004","32","46","rule-bearing","RULE-W6-004-015|RULE-W6-004-016|RULE-W6-004-017|RULE-W6-004-018|RULE-W6-004-019|RULE-W6-004-020|RULE-W6-004-021","extracted","外部 surface/产品 UI/商业材料/claim 类型范围和专业/内部/底层工件排除"
"SEG-W6-004-005","SRC-W6-004","47","59","rule-bearing","RULE-W6-004-022|RULE-W6-004-023|RULE-W6-004-024|RULE-W6-004-025|RULE-W6-004-026|RULE-W6-004-027","extracted","统一 target 命名和五个最小 claim control 工件"
"SEG-W6-004-006","SRC-W6-004","60","106","rule-bearing","RULE-W6-004-028|RULE-W6-004-029|RULE-W6-004-030|RULE-W6-004-031|RULE-W6-004-032|RULE-W6-004-033|RULE-W6-004-034|RULE-W6-004-035|RULE-W6-004-036|RULE-W6-004-037|RULE-W6-004-038|RULE-W6-004-039|RULE-W6-004-040|RULE-W6-004-041|RULE-W6-004-042|RULE-W6-004-043|RULE-W6-004-044|RULE-W6-004-045|RULE-W6-004-046|RULE-W6-004-047|RULE-W6-004-048|RULE-W6-004-049|RULE-W6-004-050","extracted","surface inventory 顶层与 surface schema、surface_type 枚举和事实源/owner 时效"
"SEG-W6-004-007","SRC-W6-004","107","170","rule-bearing","RULE-W6-004-051|RULE-W6-004-052|RULE-W6-004-053|RULE-W6-004-054|RULE-W6-004-055|RULE-W6-004-056|RULE-W6-004-057|RULE-W6-004-058|RULE-W6-004-059|RULE-W6-004-060|RULE-W6-004-061|RULE-W6-004-062|RULE-W6-004-063|RULE-W6-004-064|RULE-W6-004-065|RULE-W6-004-066|RULE-W6-004-067|RULE-W6-004-068|RULE-W6-004-069|RULE-W6-004-070|RULE-W6-004-071|RULE-W6-004-072|RULE-W6-004-073|RULE-W6-004-074|RULE-W6-004-075|RULE-W6-004-076|RULE-W6-004-077","extracted","claim evidence map 顶层/claim schema、枚举、人审、unsupported/expired 和敏感证据边界"
"SEG-W6-004-008","SRC-W6-004","171","206","rule-bearing","RULE-W6-004-078|RULE-W6-004-079|RULE-W6-004-080|RULE-W6-004-081|RULE-W6-004-082|RULE-W6-004-083|RULE-W6-004-084|RULE-W6-004-085|RULE-W6-004-086|RULE-W6-004-087|RULE-W6-004-088|RULE-W6-004-089|RULE-W6-004-090|RULE-W6-004-091|RULE-W6-004-092|RULE-W6-004-093|RULE-W6-004-094|RULE-W6-004-095|RULE-W6-004-096|RULE-W6-004-097|RULE-W6-004-098|RULE-W6-004-099|RULE-W6-004-100|RULE-W6-004-101|RULE-W6-004-102|RULE-W6-004-103|RULE-W6-004-104|RULE-W6-004-105","extracted","claim release gate 顶层和 change item schema、强承诺触发、typo 例外、approve 前置与证据链接"
"SEG-W6-004-009","SRC-W6-004","207","241","rule-bearing","RULE-W6-004-106|RULE-W6-004-107|RULE-W6-004-108|RULE-W6-004-109|RULE-W6-004-110|RULE-W6-004-111|RULE-W6-004-112|RULE-W6-004-113|RULE-W6-004-114|RULE-W6-004-115|RULE-W6-004-116|RULE-W6-004-117|RULE-W6-004-118|RULE-W6-004-119|RULE-W6-004-120|RULE-W6-004-121|RULE-W6-004-122|RULE-W6-004-123|RULE-W6-004-124|RULE-W6-004-125|RULE-W6-004-126|RULE-W6-004-127|RULE-W6-004-128|RULE-W6-004-129|RULE-W6-004-130|RULE-W6-004-131","extracted","correction runbook 字段、先降级/隐藏/更正、跨 surface 检查、通知人审和证据最小化"
"SEG-W6-004-010","SRC-W6-004","242","277","rule-bearing","RULE-W6-004-132|RULE-W6-004-133|RULE-W6-004-134|RULE-W6-004-135|RULE-W6-004-136|RULE-W6-004-137|RULE-W6-004-138|RULE-W6-004-139|RULE-W6-004-140|RULE-W6-004-141|RULE-W6-004-142|RULE-W6-004-143|RULE-W6-004-144|RULE-W6-004-145|RULE-W6-004-146","extracted","claim review 字段、pre-revenue/付费客户节奏和立即复盘触发"
"SEG-W6-004-011","SRC-W6-004","278","285","rule-bearing","RULE-W6-004-147|RULE-W6-004-148|RULE-W6-004-149|RULE-W6-004-150|RULE-W6-004-151|RULE-W6-004-152|RULE-W6-004-153|RULE-W6-004-154|RULE-W6-004-155|RULE-W6-004-156|RULE-W6-004-157|RULE-W6-004-158|RULE-W6-004-159|RULE-W6-004-160|RULE-W6-004-161|RULE-W6-004-162|RULE-W6-004-163|RULE-W6-004-164","extracted","后端事实源追踪、可选表、API 决策边界、配置 gate 更新和日志字段"
"SEG-W6-004-012","SRC-W6-004","286","293","rule-bearing","RULE-W6-004-165|RULE-W6-004-166|RULE-W6-004-167|RULE-W6-004-168|RULE-W6-004-169|RULE-W6-004-170|RULE-W6-004-171|RULE-W6-004-172|RULE-W6-004-173","extracted","前端信息结构、强声明上下文、未经 gate 词汇、降级状态和 Geist 表达"
"SEG-W6-004-013","SRC-W6-004","294","301","rule-bearing","RULE-W6-004-174|RULE-W6-004-175|RULE-W6-004-176|RULE-W6-004-177|RULE-W6-004-178|RULE-W6-004-179|RULE-W6-004-180","extracted","AI 不得发布/强化 claim、可辅助范围、claim 标记、证据边界与冲突阻断"
"SEG-W6-004-014","SRC-W6-004","302","317","rule-bearing","RULE-W6-004-181|RULE-W6-004-182|RULE-W6-004-183|RULE-W6-004-184|RULE-W6-004-185|RULE-W6-004-186|RULE-W6-004-187|RULE-W6-004-188","extracted","默认不问范围、高风险 claim/范围扩张/证据不足/通知/既有义务/专业意见人审和自动检查"
"SEG-W7-001-001","SRC-W7-001","1","4","rule-bearing","RULE-W7-001-001","extracted","W7 Operate 核心规范：已逐项提取 1 条独立规则"
"SEG-W7-001-002","SRC-W7-001","5","12","rule-bearing","RULE-W7-001-002|RULE-W7-001-003|RULE-W7-001-005|RULE-W7-001-006|RULE-W7-001-007|RULE-W7-001-008","extracted","W7 核心入口：已逐项提取 6 条独立规则"
SEG-W7-001-003,SRC-W7-001,13,32,rule-bearing,RULE-W7-001-009|RULE-W7-001-056|RULE-W7-001-057|RULE-W7-001-058|RULE-W7-001-010|RULE-W7-001-011|RULE-W7-001-012|RULE-W7-001-013|RULE-W7-001-014|RULE-W7-001-015|RULE-W7-001-063|RULE-W7-001-064|RULE-W7-001-016|RULE-W7-001-017|RULE-W7-001-018|RULE-W7-001-019|RULE-W7-001-020,extracted,适用范围逐项提取，并将 credential inventory、rotation 与 exposure review 拆开，共 17 条独立规则
"SEG-W7-001-004","SRC-W7-001","33","42","rule-bearing","RULE-W7-001-021|RULE-W7-001-022|RULE-W7-001-023|RULE-W7-001-024|RULE-W7-001-025|RULE-W7-001-026","extracted","W7 最小产出：已逐项提取 6 条独立规则"
"SEG-W7-001-005","SRC-W7-001","43","57","rule-bearing","RULE-W7-001-027|RULE-W7-001-028|RULE-W7-001-029|RULE-W7-001-030|RULE-W7-001-031|RULE-W7-001-032|RULE-W7-001-033|RULE-W7-001-065|RULE-W7-001-066|RULE-W7-001-067|RULE-W7-001-068|RULE-W7-001-069|RULE-W7-001-070|RULE-W7-001-034","extracted","人工判断点：已逐项提取 14 条独立规则"
SEG-W7-001-006,SRC-W7-001,58,73,rule-bearing,RULE-W7-001-035|RULE-W7-001-036|RULE-W7-001-059|RULE-W7-001-060|RULE-W7-001-061|RULE-W7-001-062|RULE-W7-001-037|RULE-W7-001-038|RULE-W7-001-039|RULE-W7-001-040|RULE-W7-001-041|RULE-W7-001-042|RULE-W7-001-043,extracted,触发型专项：点名混合规则拆分后共 13 条独立规则
"SEG-W7-001-007","SRC-W7-001","74","84","rule-bearing","RULE-W7-001-044|RULE-W7-001-045|RULE-W7-001-046|RULE-W7-001-047|RULE-W7-001-048|RULE-W7-001-049|RULE-W7-001-050","extracted","进入 W8 或 W9 的出口：已逐项提取 7 条独立规则"
"SEG-W7-001-008","SRC-W7-001","85","91","rule-bearing","RULE-W7-001-051|RULE-W7-001-052|RULE-W7-001-053|RULE-W7-001-054|RULE-W7-001-055","extracted","W7 完成检查：已逐项提取 5 条独立规则"
"SEG-W7-002-001","SRC-W7-002","1","4","rule-bearing","RULE-W7-002-001","extracted","W7 Operate 触发专项：SRE-lite 运维规范 v0.1：已逐项提取 1 条独立规则"
"SEG-W7-002-002","SRC-W7-002","5","10","rule-bearing","RULE-W7-002-002|RULE-W7-002-003|RULE-W7-002-004","extracted","W7 触发定位：已逐项提取 3 条独立规则"
"SEG-W7-002-003","SRC-W7-002","11","14","context","","reviewed-context","目标：仅提供标题、目的、说明或依据，不单独形成规则"
SEG-W7-002-004,SRC-W7-002,15,27,rule-bearing,RULE-W7-002-005|RULE-W7-002-006|RULE-W7-002-007|RULE-W7-002-008|RULE-W7-002-185|RULE-W7-002-009|RULE-W7-002-010|RULE-W7-002-011|RULE-W7-002-012|RULE-W7-002-013|RULE-W7-002-014,extracted,本专项边界逐项提取，并将 incident response 与 postmortem 模板拆开
"SEG-W7-002-005","SRC-W7-002","28","41","context","","reviewed-context","依据转译：仅提供标题、目的、说明或依据，不单独形成规则"
"SEG-W7-002-006","SRC-W7-002","42","51","rule-bearing","RULE-W7-002-015|RULE-W7-002-016|RULE-W7-002-017|RULE-W7-002-018|RULE-W7-002-019|RULE-W7-002-020|RULE-W7-002-021|RULE-W7-002-022|RULE-W7-002-023|RULE-W7-002-024|RULE-W7-002-025|RULE-W7-002-026","extracted","默认决策：已逐项提取 12 条独立规则"
"SEG-W7-002-007","SRC-W7-002","52","105","rule-bearing","RULE-W7-002-027|RULE-W7-002-028|RULE-W7-002-029|RULE-W7-002-030|RULE-W7-002-031|RULE-W7-002-032|RULE-W7-002-033|RULE-W7-002-034|RULE-W7-002-035|RULE-W7-002-036|RULE-W7-002-037|RULE-W7-002-038|RULE-W7-002-039|RULE-W7-002-040|RULE-W7-002-041|RULE-W7-002-130|RULE-W7-002-131|RULE-W7-002-132","extracted","运维 artifact 目录规范：已逐项提取 18 条独立规则"
"SEG-W7-002-008","SRC-W7-002","106","123","rule-bearing","RULE-W7-002-042|RULE-W7-002-043|RULE-W7-002-044|RULE-W7-002-045|RULE-W7-002-046|RULE-W7-002-047|RULE-W7-002-048|RULE-W7-002-049|RULE-W7-002-050|RULE-W7-002-139|RULE-W7-002-140|RULE-W7-002-141|RULE-W7-002-051|RULE-W7-002-052|RULE-W7-002-142|RULE-W7-002-143|RULE-W7-002-053","extracted","监控与观测：已逐项提取 17 条独立规则"
"SEG-W7-002-009","SRC-W7-002","124","131","rule-bearing","RULE-W7-002-054|RULE-W7-002-055|RULE-W7-002-133|RULE-W7-002-134|RULE-W7-002-135|RULE-W7-002-136|RULE-W7-002-056|RULE-W7-002-058|RULE-W7-002-144|RULE-W7-002-145|RULE-W7-002-146|RULE-W7-002-147|RULE-W7-002-148|RULE-W7-002-059|RULE-W7-002-149|RULE-W7-002-150|RULE-W7-002-151|RULE-W7-002-152|RULE-W7-002-153|RULE-W7-002-154|RULE-W7-002-155|RULE-W7-002-060","extracted","恢复与基础设施提醒：已逐项提取 22 条独立规则"
"SEG-W7-002-010","SRC-W7-002","132","147","rule-bearing","RULE-W7-002-061|RULE-W7-002-062|RULE-W7-002-063|RULE-W7-002-064|RULE-W7-002-065|RULE-W7-002-066|RULE-W7-002-067|RULE-W7-002-156|RULE-W7-002-157|RULE-W7-002-158|RULE-W7-002-068","extracted","告警规范：已逐项提取 11 条独立规则"
"SEG-W7-002-011","SRC-W7-002","148","161","rule-bearing","RULE-W7-002-069|RULE-W7-002-070|RULE-W7-002-071|RULE-W7-002-072|RULE-W7-002-073|RULE-W7-002-074|RULE-W7-002-075|RULE-W7-002-076|RULE-W7-002-077|RULE-W7-002-078|RULE-W7-002-079","extracted","发布规范：已逐项提取 11 条独立规则"
"SEG-W7-002-012","SRC-W7-002","162","210","rule-bearing","RULE-W7-002-080|RULE-W7-002-081|RULE-W7-002-170|RULE-W7-002-171|RULE-W7-002-172|RULE-W7-002-082|RULE-W7-002-083|RULE-W7-002-173|RULE-W7-002-084|RULE-W7-002-085|RULE-W7-002-086|RULE-W7-002-087|RULE-W7-002-088|RULE-W7-002-183|RULE-W7-002-089|RULE-W7-002-184|RULE-W7-002-090|RULE-W7-002-091|RULE-W7-002-092|RULE-W7-002-093|RULE-W7-002-094|RULE-W7-002-095|RULE-W7-002-096|RULE-W7-002-097|RULE-W7-002-137|RULE-W7-002-138|RULE-W7-002-098|RULE-W7-002-099|RULE-W7-002-100|RULE-W7-002-159|RULE-W7-002-160|RULE-W7-002-161|RULE-W7-002-162|RULE-W7-002-163|RULE-W7-002-164|RULE-W7-002-165|RULE-W7-002-166|RULE-W7-002-167|RULE-W7-002-168|RULE-W7-002-169","extracted","Incident response 与复盘：已逐项提取 40 条独立规则"
"SEG-W7-002-013","SRC-W7-002","211","228","rule-bearing","RULE-W7-002-101|RULE-W7-002-102|RULE-W7-002-103|RULE-W7-002-104|RULE-W7-002-105|RULE-W7-002-106|RULE-W7-002-107|RULE-W7-002-108|RULE-W7-002-109|RULE-W7-002-110","extracted","Toil 与每周运维复盘：已逐项提取 10 条独立规则"
"SEG-W7-002-014","SRC-W7-002","229","242","rule-bearing","RULE-W7-002-111|RULE-W7-002-112|RULE-W7-002-113|RULE-W7-002-114|RULE-W7-002-115|RULE-W7-002-116|RULE-W7-002-117|RULE-W7-002-177|RULE-W7-002-178|RULE-W7-002-179","extracted","只问人的关键判断：已逐项提取 10 条独立规则"
"SEG-W7-002-015","SRC-W7-002","243","252","rule-bearing","RULE-W7-002-118|RULE-W7-002-119|RULE-W7-002-120|RULE-W7-002-121|RULE-W7-002-122|RULE-W7-002-123|RULE-W7-002-180","extracted","设计取舍：一人执行成本：已逐项提取 7 条独立规则"
"SEG-W7-002-016","SRC-W7-002","253","261","rule-bearing","RULE-W7-002-124|RULE-W7-002-125|RULE-W7-002-126|RULE-W7-002-174|RULE-W7-002-175|RULE-W7-002-176|RULE-W7-002-127|RULE-W7-002-181|RULE-W7-002-182|RULE-W7-002-128|RULE-W7-002-129","extracted","风险边界：产品 / 工程 / 运维：已逐项提取 11 条独立规则"
"SEG-W7-003-001","SRC-W7-003","1","4","rule-bearing","RULE-W7-003-001","extracted","W7 Operate 触发专项：后台运营、人工操作与高风险动作规范：已逐项提取 1 条独立规则"
"SEG-W7-003-002","SRC-W7-003","5","10","rule-bearing","RULE-W7-003-002|RULE-W7-003-003|RULE-W7-003-004","extracted","W7 触发定位：已逐项提取 3 条独立规则"
"SEG-W7-003-003","SRC-W7-003","11","16","rule-bearing","RULE-W7-003-005|RULE-W7-003-006|RULE-W7-003-007|RULE-W7-003-008","extracted","目标：已逐项提取 4 条独立规则"
"SEG-W7-003-004","SRC-W7-003","17","30","context","","reviewed-context","核心依据：仅提供标题、目的、说明或依据，不单独形成规则"
"SEG-W7-003-005","SRC-W7-003","31","44","rule-bearing","RULE-W7-003-009|RULE-W7-003-010|RULE-W7-003-011|RULE-W7-003-012|RULE-W7-003-013|RULE-W7-003-014|RULE-W7-003-015","extracted","范围：已逐项提取 7 条独立规则"
"SEG-W7-003-006","SRC-W7-003","45","57","rule-bearing","RULE-W7-003-016|RULE-W7-003-017|RULE-W7-003-018|RULE-W7-003-019|RULE-W7-003-020|RULE-W7-003-021","extracted","最小工件：已逐项提取 6 条独立规则"
"SEG-W7-003-007","SRC-W7-003","58","102","rule-bearing","RULE-W7-003-022|RULE-W7-003-023|RULE-W7-003-024|RULE-W7-003-025|RULE-W7-003-026|RULE-W7-003-027|RULE-W7-003-028|RULE-W7-003-029|RULE-W7-003-030|RULE-W7-003-031|RULE-W7-003-032|RULE-W7-003-033|RULE-W7-003-034|RULE-W7-003-035|RULE-W7-003-036|RULE-W7-003-037|RULE-W7-003-038|RULE-W7-003-039|RULE-W7-003-040|RULE-W7-003-041|RULE-W7-003-042|RULE-W7-003-043|RULE-W7-003-044|RULE-W7-003-045|RULE-W7-003-046|RULE-W7-003-047|RULE-W7-003-048|RULE-W7-003-049|RULE-W7-003-195|RULE-W7-003-050|RULE-W7-003-196|RULE-W7-003-197|RULE-W7-003-198|RULE-W7-003-051|RULE-W7-003-199|RULE-W7-003-200|RULE-W7-003-052|RULE-W7-003-201|RULE-W7-003-202|RULE-W7-003-203|RULE-W7-003-204|RULE-W7-003-053|RULE-W7-003-205|RULE-W7-003-206|RULE-W7-003-207|RULE-W7-003-208|RULE-W7-003-054","extracted","admin-ops/action-registry/<target>.json：已逐项提取 47 条独立规则"
"SEG-W7-003-008","SRC-W7-003","103","126","rule-bearing","RULE-W7-003-055|RULE-W7-003-056|RULE-W7-003-057|RULE-W7-003-058|RULE-W7-003-059|RULE-W7-003-060|RULE-W7-003-061|RULE-W7-003-062|RULE-W7-003-063|RULE-W7-003-064|RULE-W7-003-065|RULE-W7-003-184|RULE-W7-003-066|RULE-W7-003-067|RULE-W7-003-174|RULE-W7-003-175|RULE-W7-003-176|RULE-W7-003-177|RULE-W7-003-178|RULE-W7-003-068|RULE-W7-003-069|RULE-W7-003-185|RULE-W7-003-186|RULE-W7-003-187|RULE-W7-003-188|RULE-W7-003-070|RULE-W7-003-179|RULE-W7-003-180|RULE-W7-003-181|RULE-W7-003-182|RULE-W7-003-183","extracted","admin-ops/operator-playbook/<target>.md：已逐项提取 31 条独立规则"
"SEG-W7-003-009","SRC-W7-003","127","168","rule-bearing","RULE-W7-003-071|RULE-W7-003-072|RULE-W7-003-073|RULE-W7-003-074|RULE-W7-003-075|RULE-W7-003-076|RULE-W7-003-077|RULE-W7-003-078|RULE-W7-003-079|RULE-W7-003-080|RULE-W7-003-081|RULE-W7-003-082|RULE-W7-003-083|RULE-W7-003-084|RULE-W7-003-085|RULE-W7-003-086|RULE-W7-003-087|RULE-W7-003-088|RULE-W7-003-089|RULE-W7-003-090|RULE-W7-003-091|RULE-W7-003-092|RULE-W7-003-093|RULE-W7-003-094|RULE-W7-003-095|RULE-W7-003-096|RULE-W7-003-097|RULE-W7-003-098|RULE-W7-003-099|RULE-W7-003-100|RULE-W7-003-189|RULE-W7-003-101","extracted","admin-ops/audit-log-schema/<target>.json：已逐项提取 32 条独立规则"
"SEG-W7-003-010","SRC-W7-003","169","190","rule-bearing","RULE-W7-003-102|RULE-W7-003-103|RULE-W7-003-104|RULE-W7-003-105|RULE-W7-003-106|RULE-W7-003-107|RULE-W7-003-108|RULE-W7-003-109|RULE-W7-003-110|RULE-W7-003-111|RULE-W7-003-112|RULE-W7-003-113|RULE-W7-003-190|RULE-W7-003-114|RULE-W7-003-115|RULE-W7-003-159","extracted","admin-ops/break-glass/<target>.md：已逐项提取 16 条独立规则"
"SEG-W7-003-011","SRC-W7-003","191","209","rule-bearing","RULE-W7-003-116|RULE-W7-003-117|RULE-W7-003-118|RULE-W7-003-119|RULE-W7-003-120|RULE-W7-003-121|RULE-W7-003-122|RULE-W7-003-123|RULE-W7-003-124|RULE-W7-003-125|RULE-W7-003-126","extracted","admin-ops/ops-review/<target>.md：已逐项提取 11 条独立规则"
"SEG-W7-003-012","SRC-W7-003","210","218","rule-bearing","RULE-W7-003-127|RULE-W7-003-191|RULE-W7-003-128|RULE-W7-003-160|RULE-W7-003-161|RULE-W7-003-162|RULE-W7-003-163|RULE-W7-003-164|RULE-W7-003-129|RULE-W7-003-192|RULE-W7-003-193|RULE-W7-003-194|RULE-W7-003-130|RULE-W7-003-131|RULE-W7-003-132|RULE-W7-003-133|RULE-W7-003-134|RULE-W7-003-135|RULE-W7-003-136|RULE-W7-003-137|RULE-W7-003-138|RULE-W7-003-139","extracted","Go / Kratos / sqlc / gRPC 默认规则：已逐项提取 22 条独立规则"
"SEG-W7-003-013","SRC-W7-003","219","226","rule-bearing","RULE-W7-003-140|RULE-W7-003-141|RULE-W7-003-165|RULE-W7-003-166|RULE-W7-003-167|RULE-W7-003-168|RULE-W7-003-169|RULE-W7-003-142|RULE-W7-003-143|RULE-W7-003-144|RULE-W7-003-145|RULE-W7-003-146","extracted","Vite 前端默认规则：已逐项提取 12 条独立规则"
"SEG-W7-003-014","SRC-W7-003","227","234","rule-bearing","RULE-W7-003-147|RULE-W7-003-148|RULE-W7-003-149|RULE-W7-003-150|RULE-W7-003-170|RULE-W7-003-171|RULE-W7-003-172|RULE-W7-003-173|RULE-W7-003-151|RULE-W7-003-152","extracted","AI workflow 默认规则：已逐项提取 10 条独立规则"
"SEG-W7-003-015","SRC-W7-003","235","246","rule-bearing","RULE-W7-003-153|RULE-W7-003-154|RULE-W7-003-155|RULE-W7-003-156|RULE-W7-003-157|RULE-W7-003-158","extracted","需要人判断的关键点：已逐项提取 6 条独立规则"
"SEG-W7-004-001","SRC-W7-004","1","4","rule-bearing","RULE-W7-004-001","extracted","W7 Operate 触发专项：安全/隐私事故、漏洞披露与应急响应治理规范：已逐项提取 1 条独立规则"
"SEG-W7-004-002","SRC-W7-004","5","10","rule-bearing","RULE-W7-004-002|RULE-W7-004-003|RULE-W7-004-004","extracted","W7 触发定位：已逐项提取 3 条独立规则"
"SEG-W7-004-003","SRC-W7-004","11","16","context","","reviewed-context","目标：仅提供标题、目的、说明或依据，不单独形成规则"
"SEG-W7-004-004","SRC-W7-004","17","30","context","","reviewed-context","核心依据：仅提供标题、目的、说明或依据，不单独形成规则"
"SEG-W7-004-005","SRC-W7-004","31","44","rule-bearing","RULE-W7-004-005|RULE-W7-004-006|RULE-W7-004-007|RULE-W7-004-008|RULE-W7-004-009|RULE-W7-004-010|RULE-W7-004-011","extracted","范围：已逐项提取 7 条独立规则"
"SEG-W7-004-006","SRC-W7-004","45","57","rule-bearing","RULE-W7-004-012|RULE-W7-004-013|RULE-W7-004-014|RULE-W7-004-015|RULE-W7-004-016|RULE-W7-004-017","extracted","最小工件：已逐项提取 6 条独立规则"
"SEG-W7-004-007","SRC-W7-004","58","98","rule-bearing","RULE-W7-004-018|RULE-W7-004-019|RULE-W7-004-020|RULE-W7-004-021|RULE-W7-004-022|RULE-W7-004-023|RULE-W7-004-024|RULE-W7-004-025|RULE-W7-004-026|RULE-W7-004-027|RULE-W7-004-028|RULE-W7-004-029|RULE-W7-004-030|RULE-W7-004-031|RULE-W7-004-032|RULE-W7-004-200|RULE-W7-004-201|RULE-W7-004-202|RULE-W7-004-203|RULE-W7-004-204|RULE-W7-004-205|RULE-W7-004-033|RULE-W7-004-034|RULE-W7-004-239|RULE-W7-004-240|RULE-W7-004-241|RULE-W7-004-242|RULE-W7-004-243|RULE-W7-004-244|RULE-W7-004-245|RULE-W7-004-246|RULE-W7-004-035|RULE-W7-004-036","extracted","security-incidents/response-plan/<target>.md：已逐项提取 33 条独立规则"
"SEG-W7-004-008","SRC-W7-004","99","155","rule-bearing","RULE-W7-004-037|RULE-W7-004-038|RULE-W7-004-039|RULE-W7-004-040|RULE-W7-004-041|RULE-W7-004-042|RULE-W7-004-043|RULE-W7-004-044|RULE-W7-004-045|RULE-W7-004-046|RULE-W7-004-047|RULE-W7-004-048|RULE-W7-004-049|RULE-W7-004-050|RULE-W7-004-051|RULE-W7-004-052|RULE-W7-004-053|RULE-W7-004-054|RULE-W7-004-055|RULE-W7-004-056|RULE-W7-004-057|RULE-W7-004-058|RULE-W7-004-059|RULE-W7-004-060|RULE-W7-004-061|RULE-W7-004-062|RULE-W7-004-063|RULE-W7-004-064|RULE-W7-004-065|RULE-W7-004-066|RULE-W7-004-067|RULE-W7-004-068|RULE-W7-004-069|RULE-W7-004-070|RULE-W7-004-071|RULE-W7-004-072|RULE-W7-004-073|RULE-W7-004-074|RULE-W7-004-075|RULE-W7-004-076|RULE-W7-004-223|RULE-W7-004-224|RULE-W7-004-225|RULE-W7-004-226|RULE-W7-004-227|RULE-W7-004-077|RULE-W7-004-228|RULE-W7-004-229|RULE-W7-004-230|RULE-W7-004-231|RULE-W7-004-078|RULE-W7-004-232|RULE-W7-004-233|RULE-W7-004-234|RULE-W7-004-079|RULE-W7-004-235|RULE-W7-004-236|RULE-W7-004-237|RULE-W7-004-238","extracted","security-incidents/incident-register/<target>.json：已逐项提取 59 条独立规则"
"SEG-W7-004-009","SRC-W7-004","156","180","rule-bearing","RULE-W7-004-080|RULE-W7-004-081|RULE-W7-004-082|RULE-W7-004-083|RULE-W7-004-084|RULE-W7-004-085|RULE-W7-004-086|RULE-W7-004-087|RULE-W7-004-088|RULE-W7-004-089|RULE-W7-004-090|RULE-W7-004-091|RULE-W7-004-092|RULE-W7-004-093|RULE-W7-004-094|RULE-W7-004-197|RULE-W7-004-198|RULE-W7-004-199|RULE-W7-004-095|RULE-W7-004-096|RULE-W7-004-097|RULE-W7-004-098|RULE-W7-004-099","extracted","security-incidents/notification-matrix/<target>.json：已逐项提取 23 条独立规则"
"SEG-W7-004-010","SRC-W7-004","181","217","rule-bearing","RULE-W7-004-100|RULE-W7-004-101|RULE-W7-004-102|RULE-W7-004-103|RULE-W7-004-104|RULE-W7-004-105|RULE-W7-004-106|RULE-W7-004-107|RULE-W7-004-108|RULE-W7-004-109|RULE-W7-004-110|RULE-W7-004-111|RULE-W7-004-112|RULE-W7-004-113|RULE-W7-004-114|RULE-W7-004-115|RULE-W7-004-116|RULE-W7-004-117|RULE-W7-004-118","extracted","security-incidents/vulnerability-disclosure/<target>.md：已逐项提取 19 条独立规则"
"SEG-W7-004-011","SRC-W7-004","218","256","rule-bearing","RULE-W7-004-119|RULE-W7-004-120|RULE-W7-004-121|RULE-W7-004-122|RULE-W7-004-123|RULE-W7-004-124|RULE-W7-004-125|RULE-W7-004-126|RULE-W7-004-127|RULE-W7-004-128|RULE-W7-004-129|RULE-W7-004-130|RULE-W7-004-131|RULE-W7-004-132|RULE-W7-004-206|RULE-W7-004-207|RULE-W7-004-208|RULE-W7-004-133|RULE-W7-004-134|RULE-W7-004-135|RULE-W7-004-136","extracted","security-incidents/post-incident-review/<target>.md：已逐项提取 21 条独立规则"
"SEG-W7-004-012","SRC-W7-004","257","264","rule-bearing","RULE-W7-004-137|RULE-W7-004-138|RULE-W7-004-139|RULE-W7-004-140|RULE-W7-004-141|RULE-W7-004-142|RULE-W7-004-143|RULE-W7-004-144|RULE-W7-004-145|RULE-W7-004-146|RULE-W7-004-147|RULE-W7-004-148|RULE-W7-004-149|RULE-W7-004-150|RULE-W7-004-151|RULE-W7-004-152|RULE-W7-004-153|RULE-W7-004-154|RULE-W7-004-155|RULE-W7-004-156|RULE-W7-004-157|RULE-W7-004-158|RULE-W7-004-159|RULE-W7-004-160|RULE-W7-004-161|RULE-W7-004-215|RULE-W7-004-216|RULE-W7-004-217|RULE-W7-004-218|RULE-W7-004-219|RULE-W7-004-220|RULE-W7-004-221|RULE-W7-004-222|RULE-W7-004-162|RULE-W7-004-209|RULE-W7-004-210|RULE-W7-004-211","extracted","Go / Kratos / sqlc / gRPC 默认规则：已逐项提取 37 条独立规则"
"SEG-W7-004-013","SRC-W7-004","265","271","rule-bearing","RULE-W7-004-163|RULE-W7-004-164|RULE-W7-004-165|RULE-W7-004-166|RULE-W7-004-167|RULE-W7-004-168|RULE-W7-004-212|RULE-W7-004-213|RULE-W7-004-214","extracted","Vite 前端默认规则：已逐项提取 9 条独立规则"
"SEG-W7-004-014","SRC-W7-004","272","278","rule-bearing","RULE-W7-004-169|RULE-W7-004-170|RULE-W7-004-171|RULE-W7-004-172|RULE-W7-004-173|RULE-W7-004-174|RULE-W7-004-175|RULE-W7-004-176|RULE-W7-004-177|RULE-W7-004-178|RULE-W7-004-179|RULE-W7-004-180|RULE-W7-004-181|RULE-W7-004-182|RULE-W7-004-183|RULE-W7-004-184|RULE-W7-004-185|RULE-W7-004-186|RULE-W7-004-187|RULE-W7-004-188|RULE-W7-004-247|RULE-W7-004-248|RULE-W7-004-249|RULE-W7-004-250|RULE-W7-004-251|RULE-W7-004-189","extracted","AI workflow 默认规则：已逐项提取 26 条独立规则"
"SEG-W7-004-015","SRC-W7-004","279","290","rule-bearing","RULE-W7-004-190|RULE-W7-004-191|RULE-W7-004-192|RULE-W7-004-193|RULE-W7-004-194|RULE-W7-004-195|RULE-W7-004-196","extracted","需要人判断的关键点：已逐项提取 7 条独立规则"
"SEG-W7-005-001","SRC-W7-005","1","4","rule-bearing","RULE-W7-005-001","extracted","W7 Operate 触发专项：凭据、密钥与服务账号生命周期规范：已逐项提取 1 条独立规则"
"SEG-W7-005-002","SRC-W7-005","5","10","rule-bearing","RULE-W7-005-002|RULE-W7-005-003|RULE-W7-005-004","extracted","W7 触发定位：已逐项提取 3 条独立规则"
"SEG-W7-005-003","SRC-W7-005","11","16","rule-bearing","RULE-W7-005-005|RULE-W7-005-006|RULE-W7-005-007","extracted","目标：已逐项提取 3 条独立规则"
"SEG-W7-005-004","SRC-W7-005","17","29","context","","reviewed-context","核心依据：仅提供标题、目的、说明或依据，不单独形成规则"
"SEG-W7-005-005","SRC-W7-005","30","44","rule-bearing","RULE-W7-005-008|RULE-W7-005-009|RULE-W7-005-010|RULE-W7-005-011|RULE-W7-005-012|RULE-W7-005-013|RULE-W7-005-014|RULE-W7-005-015|RULE-W7-005-016|RULE-W7-005-228|RULE-W7-005-229|RULE-W7-005-017|RULE-W7-005-018","extracted","范围：已逐项提取 13 条独立规则"
"SEG-W7-005-006","SRC-W7-005","45","57","rule-bearing","RULE-W7-005-019|RULE-W7-005-020|RULE-W7-005-021|RULE-W7-005-022|RULE-W7-005-023|RULE-W7-005-024","extracted","最小工件：已逐项提取 6 条独立规则"
"SEG-W7-005-007","SRC-W7-005","58","100","rule-bearing","RULE-W7-005-025|RULE-W7-005-026|RULE-W7-005-027|RULE-W7-005-028|RULE-W7-005-029|RULE-W7-005-030|RULE-W7-005-031|RULE-W7-005-032|RULE-W7-005-033|RULE-W7-005-034|RULE-W7-005-035|RULE-W7-005-036|RULE-W7-005-037|RULE-W7-005-038|RULE-W7-005-039|RULE-W7-005-040|RULE-W7-005-041|RULE-W7-005-042|RULE-W7-005-043|RULE-W7-005-044|RULE-W7-005-045|RULE-W7-005-046|RULE-W7-005-047|RULE-W7-005-048|RULE-W7-005-049|RULE-W7-005-050|RULE-W7-005-051|RULE-W7-005-052|RULE-W7-005-053|RULE-W7-005-054|RULE-W7-005-055|RULE-W7-005-056|RULE-W7-005-057|RULE-W7-005-058|RULE-W7-005-059|RULE-W7-005-060|RULE-W7-005-061|RULE-W7-005-062|RULE-W7-005-063|RULE-W7-005-064|RULE-W7-005-065|RULE-W7-005-066|RULE-W7-005-223|RULE-W7-005-067|RULE-W7-005-068|RULE-W7-005-069|RULE-W7-005-070|RULE-W7-005-071|RULE-W7-005-072","extracted","credentials/inventory/<target>.json：已逐项提取 49 条独立规则"
"SEG-W7-005-008","SRC-W7-005","101","136","rule-bearing","RULE-W7-005-073|RULE-W7-005-074|RULE-W7-005-075|RULE-W7-005-076|RULE-W7-005-077|RULE-W7-005-078|RULE-W7-005-079|RULE-W7-005-080|RULE-W7-005-081|RULE-W7-005-082|RULE-W7-005-083|RULE-W7-005-084|RULE-W7-005-085|RULE-W7-005-086|RULE-W7-005-087|RULE-W7-005-088|RULE-W7-005-089|RULE-W7-005-090|RULE-W7-005-091|RULE-W7-005-092","extracted","credentials/access-policy/<target>.md：已逐项提取 20 条独立规则"
"SEG-W7-005-009","SRC-W7-005","137","176","rule-bearing","RULE-W7-005-093|RULE-W7-005-094|RULE-W7-005-095|RULE-W7-005-096|RULE-W7-005-097|RULE-W7-005-098|RULE-W7-005-099|RULE-W7-005-100|RULE-W7-005-101|RULE-W7-005-102|RULE-W7-005-103|RULE-W7-005-104|RULE-W7-005-105|RULE-W7-005-106|RULE-W7-005-107|RULE-W7-005-210|RULE-W7-005-211|RULE-W7-005-108|RULE-W7-005-109|RULE-W7-005-110|RULE-W7-005-111|RULE-W7-005-112|RULE-W7-005-113|RULE-W7-005-114|RULE-W7-005-115|RULE-W7-005-116|RULE-W7-005-230|RULE-W7-005-231|RULE-W7-005-232|RULE-W7-005-233|RULE-W7-005-234","extracted","credentials/rotation-plan/<target>.md：已逐项提取 31 条独立规则"
"SEG-W7-005-010","SRC-W7-005","177","214","rule-bearing","RULE-W7-005-117|RULE-W7-005-118|RULE-W7-005-119|RULE-W7-005-120|RULE-W7-005-121|RULE-W7-005-122|RULE-W7-005-123|RULE-W7-005-124|RULE-W7-005-125|RULE-W7-005-126|RULE-W7-005-127|RULE-W7-005-128|RULE-W7-005-129|RULE-W7-005-130|RULE-W7-005-131|RULE-W7-005-132|RULE-W7-005-133|RULE-W7-005-134|RULE-W7-005-135|RULE-W7-005-136|RULE-W7-005-137|RULE-W7-005-138|RULE-W7-005-139|RULE-W7-005-140|RULE-W7-005-217|RULE-W7-005-218|RULE-W7-005-141|RULE-W7-005-142|RULE-W7-005-143|RULE-W7-005-144|RULE-W7-005-145|RULE-W7-005-216","extracted","credentials/rotation-run/<target>.json：已逐项提取 32 条独立规则"
"SEG-W7-005-011","SRC-W7-005","215","254","rule-bearing","RULE-W7-005-146|RULE-W7-005-147|RULE-W7-005-148|RULE-W7-005-149|RULE-W7-005-150|RULE-W7-005-151|RULE-W7-005-152|RULE-W7-005-153|RULE-W7-005-154|RULE-W7-005-155|RULE-W7-005-156|RULE-W7-005-157|RULE-W7-005-158|RULE-W7-005-159|RULE-W7-005-160|RULE-W7-005-161|RULE-W7-005-162|RULE-W7-005-163|RULE-W7-005-164|RULE-W7-005-165|RULE-W7-005-166|RULE-W7-005-167|RULE-W7-005-168|RULE-W7-005-169","extracted","credentials/exposure-review/<target>.md：已逐项提取 24 条独立规则"
"SEG-W7-005-012","SRC-W7-005","255","262","rule-bearing","RULE-W7-005-170|RULE-W7-005-171|RULE-W7-005-172|RULE-W7-005-226|RULE-W7-005-227|RULE-W7-005-173|RULE-W7-005-174|RULE-W7-005-175|RULE-W7-005-176|RULE-W7-005-177|RULE-W7-005-212|RULE-W7-005-213|RULE-W7-005-214","extracted","Go / Kratos / sqlc / gRPC 默认规则：已逐项提取 13 条独立规则"
"SEG-W7-005-013","SRC-W7-005","263","269","rule-bearing","RULE-W7-005-178|RULE-W7-005-179|RULE-W7-005-180|RULE-W7-005-215|RULE-W7-005-181|RULE-W7-005-182|RULE-W7-005-183","extracted","Vite 前端默认规则：已逐项提取 7 条独立规则"
"SEG-W7-005-014","SRC-W7-005","270","276","rule-bearing","RULE-W7-005-184|RULE-W7-005-185|RULE-W7-005-186|RULE-W7-005-187|RULE-W7-005-188|RULE-W7-005-189|RULE-W7-005-190|RULE-W7-005-191|RULE-W7-005-192|RULE-W7-005-193|RULE-W7-005-194","extracted","AI workflow 默认规则：已逐项提取 11 条独立规则"
"SEG-W7-005-015","SRC-W7-005","277","292","rule-bearing","RULE-W7-005-195|RULE-W7-005-196|RULE-W7-005-197|RULE-W7-005-198|RULE-W7-005-199|RULE-W7-005-200|RULE-W7-005-201|RULE-W7-005-202","extracted","需要人判断的关键点：已逐项提取 8 条独立规则"
"SEG-W7-005-016","SRC-W7-005","293","300","rule-bearing","RULE-W7-005-203|RULE-W7-005-219|RULE-W7-005-204|RULE-W7-005-224|RULE-W7-005-225|RULE-W7-005-205|RULE-W7-005-206|RULE-W7-005-220|RULE-W7-005-221|RULE-W7-005-207|RULE-W7-005-222|RULE-W7-005-208|RULE-W7-005-209","extracted","执行顺序：已逐项提取 13 条独立规则"
"SEG-W8-001-001","SRC-W8-001","1","4","rule-bearing","RULE-W8-001-001","extracted","W8 Learn 核心规范：已逐项提取 1 条独立规则"
"SEG-W8-001-002","SRC-W8-001","5","12","rule-bearing","RULE-W8-001-002|RULE-W8-001-003|RULE-W8-001-004|RULE-W8-001-005|RULE-W8-001-006|RULE-W8-001-007","extracted","W8 核心入口：已逐项提取 6 条独立规则"
"SEG-W8-001-003","SRC-W8-001","13","30","rule-bearing","RULE-W8-001-008|RULE-W8-001-009|RULE-W8-001-010|RULE-W8-001-011|RULE-W8-001-012|RULE-W8-001-013|RULE-W8-001-014|RULE-W8-001-015|RULE-W8-001-016|RULE-W8-001-017","extracted","适用范围：已逐项提取 10 条独立规则"
"SEG-W8-001-004","SRC-W8-001","31","40","rule-bearing","RULE-W8-001-018|RULE-W8-001-019|RULE-W8-001-020|RULE-W8-001-021|RULE-W8-001-022|RULE-W8-001-023|RULE-W8-001-024","extracted","W8 最小产出：已逐项提取 7 条独立规则"
"SEG-W8-001-005","SRC-W8-001","41","55","rule-bearing","RULE-W8-001-025|RULE-W8-001-026|RULE-W8-001-027|RULE-W8-001-028|RULE-W8-001-029|RULE-W8-001-030|RULE-W8-001-031|RULE-W8-001-032","extracted","人工判断点：已逐项提取 8 条独立规则"
"SEG-W8-001-006","SRC-W8-001","56","74","rule-bearing","RULE-W8-001-033|RULE-W8-001-034|RULE-W8-001-035|RULE-W8-001-036|RULE-W8-001-037|RULE-W8-001-038|RULE-W8-001-039|RULE-W8-001-040|RULE-W8-001-041|RULE-W8-001-042|RULE-W8-001-043|RULE-W8-001-044","extracted","触发型专项：已逐项提取 12 条独立规则"
"SEG-W8-001-007","SRC-W8-001","75","84","rule-bearing","RULE-W8-001-045|RULE-W8-001-046|RULE-W8-001-047|RULE-W8-001-048|RULE-W8-001-049|RULE-W8-001-050","extracted","W8 出口：已逐项提取 6 条独立规则"
"SEG-W8-001-008","SRC-W8-001","85","91","rule-bearing","RULE-W8-001-051|RULE-W8-001-052|RULE-W8-001-053|RULE-W8-001-054|RULE-W8-001-055","extracted","W8 完成检查：已逐项提取 5 条独立规则"
"SEG-W8-002-001","SRC-W8-002","1","4","rule-bearing","RULE-W8-002-001","extracted","W8 Learn 触发专项：客户支持、反馈分流与信任运营规范：已逐项提取 1 条独立规则"
"SEG-W8-002-002","SRC-W8-002","5","10","rule-bearing","RULE-W8-002-002|RULE-W8-002-003|RULE-W8-002-004","extracted","W8 触发定位：已逐项提取 3 条独立规则"
"SEG-W8-002-003","SRC-W8-002","11","16","rule-bearing","RULE-W8-002-005|RULE-W8-002-006","extracted","目标：已逐项提取 2 条独立规则"
"SEG-W8-002-004","SRC-W8-002","17","29","context","","reviewed-context","核心依据：仅提供标题、目的、说明或依据，不单独形成规则"
"SEG-W8-002-005","SRC-W8-002","30","43","rule-bearing","RULE-W8-002-007|RULE-W8-002-008|RULE-W8-002-009|RULE-W8-002-010|RULE-W8-002-011|RULE-W8-002-012|RULE-W8-002-013","extracted","范围：已逐项提取 7 条独立规则"
"SEG-W8-002-006","SRC-W8-002","44","56","rule-bearing","RULE-W8-002-014|RULE-W8-002-015|RULE-W8-002-016|RULE-W8-002-017|RULE-W8-002-018|RULE-W8-002-019","extracted","最小工件：已逐项提取 6 条独立规则"
"SEG-W8-002-007","SRC-W8-002","57","92","rule-bearing","RULE-W8-002-020|RULE-W8-002-021|RULE-W8-002-022|RULE-W8-002-023|RULE-W8-002-024|RULE-W8-002-025|RULE-W8-002-026|RULE-W8-002-027|RULE-W8-002-028|RULE-W8-002-029|RULE-W8-002-030|RULE-W8-002-031|RULE-W8-002-032|RULE-W8-002-033|RULE-W8-002-034|RULE-W8-002-035|RULE-W8-002-036|RULE-W8-002-037|RULE-W8-002-038|RULE-W8-002-039|RULE-W8-002-040|RULE-W8-002-041|RULE-W8-002-042|RULE-W8-002-043|RULE-W8-002-044","extracted","support/intake/<target>.json：已逐项提取 25 条独立规则"
"SEG-W8-002-008","SRC-W8-002","93","117","rule-bearing","RULE-W8-002-045|RULE-W8-002-046|RULE-W8-002-047|RULE-W8-002-048|RULE-W8-002-049|RULE-W8-002-050|RULE-W8-002-051|RULE-W8-002-052|RULE-W8-002-053|RULE-W8-002-054|RULE-W8-002-055|RULE-W8-002-056|RULE-W8-002-057|RULE-W8-002-058|RULE-W8-002-059|RULE-W8-002-145|RULE-W8-002-146|RULE-W8-002-147|RULE-W8-002-148|RULE-W8-002-149|RULE-W8-002-150|RULE-W8-002-060|RULE-W8-002-061|RULE-W8-002-151|RULE-W8-002-152|RULE-W8-002-153","extracted","support/playbooks/<target>.md：已逐项提取 26 条独立规则"
"SEG-W8-002-009","SRC-W8-002","118","137","rule-bearing","RULE-W8-002-062|RULE-W8-002-063|RULE-W8-002-064|RULE-W8-002-065|RULE-W8-002-066|RULE-W8-002-067|RULE-W8-002-068|RULE-W8-002-069|RULE-W8-002-070|RULE-W8-002-071|RULE-W8-002-072|RULE-W8-002-073|RULE-W8-002-074|RULE-W8-002-154|RULE-W8-002-155","extracted","support/templates/<target>.md：已逐项提取 15 条独立规则"
"SEG-W8-002-010","SRC-W8-002","138","151","rule-bearing","RULE-W8-002-075|RULE-W8-002-076|RULE-W8-002-077|RULE-W8-002-078|RULE-W8-002-079|RULE-W8-002-080|RULE-W8-002-081|RULE-W8-002-082|RULE-W8-002-083|RULE-W8-002-084|RULE-W8-002-085|RULE-W8-002-086|RULE-W8-002-156|RULE-W8-002-087|RULE-W8-002-157|RULE-W8-002-159|RULE-W8-002-088","extracted","support/feedback-ledger/<target>.jsonl：已逐项提取 17 条独立规则"
"SEG-W8-002-011","SRC-W8-002","152","172","rule-bearing","RULE-W8-002-089|RULE-W8-002-090|RULE-W8-002-091|RULE-W8-002-092|RULE-W8-002-093|RULE-W8-002-094|RULE-W8-002-095|RULE-W8-002-096|RULE-W8-002-097|RULE-W8-002-098|RULE-W8-002-099|RULE-W8-002-100|RULE-W8-002-101","extracted","support/reviews/<target>.md：已逐项提取 13 条独立规则"
"SEG-W8-002-012","SRC-W8-002","173","180","rule-bearing","RULE-W8-002-102|RULE-W8-002-158|RULE-W8-002-103|RULE-W8-002-104|RULE-W8-002-105|RULE-W8-002-106|RULE-W8-002-107|RULE-W8-002-108|RULE-W8-002-109|RULE-W8-002-110|RULE-W8-002-111|RULE-W8-002-112|RULE-W8-002-113|RULE-W8-002-114|RULE-W8-002-115|RULE-W8-002-116|RULE-W8-002-117","extracted","Go / Kratos / sqlc / gRPC 默认规则：已逐项提取 17 条独立规则"
"SEG-W8-002-013","SRC-W8-002","181","187","rule-bearing","RULE-W8-002-118|RULE-W8-002-138|RULE-W8-002-139|RULE-W8-002-140|RULE-W8-002-141|RULE-W8-002-119|RULE-W8-002-120|RULE-W8-002-121","extracted","Vite 前端默认规则：已逐项提取 8 条独立规则"
"SEG-W8-002-014","SRC-W8-002","188","195","rule-bearing","RULE-W8-002-122|RULE-W8-002-123|RULE-W8-002-124|RULE-W8-002-125|RULE-W8-002-126|RULE-W8-002-127|RULE-W8-002-128|RULE-W8-002-142|RULE-W8-002-143|RULE-W8-002-144|RULE-W8-002-129|RULE-W8-002-130","extracted","AI workflow 默认规则：已逐项提取 12 条独立规则"
"SEG-W8-002-015","SRC-W8-002","196","208","rule-bearing","RULE-W8-002-131|RULE-W8-002-132|RULE-W8-002-133|RULE-W8-002-134|RULE-W8-002-135|RULE-W8-002-136|RULE-W8-002-137","extracted","需要人判断的关键点：已逐项提取 7 条独立规则"
"SEG-W8-003-001","SRC-W8-003","1","4","rule-bearing","RULE-W8-003-001","extracted","W8 Learn 触发专项：AI 质量回归、线上质量事故与回滚规范：已逐项提取 1 条独立规则"
"SEG-W8-003-002","SRC-W8-003","5","10","rule-bearing","RULE-W8-003-002|RULE-W8-003-003|RULE-W8-003-004","extracted","W8 触发定位：已逐项提取 3 条独立规则"
"SEG-W8-003-003","SRC-W8-003","11","16","rule-bearing","RULE-W8-003-005|RULE-W8-003-006","extracted","目标：已逐项提取 2 条独立规则"
"SEG-W8-003-004","SRC-W8-003","17","29","context","","reviewed-context","核心依据：仅提供标题、目的、说明或依据，不单独形成规则"
"SEG-W8-003-005","SRC-W8-003","30","44","rule-bearing","RULE-W8-003-007|RULE-W8-003-008|RULE-W8-003-009|RULE-W8-003-010|RULE-W8-003-011|RULE-W8-003-012|RULE-W8-003-013|RULE-W8-003-014|RULE-W8-003-015|RULE-W8-003-016|RULE-W8-003-017","extracted","范围：已逐项提取 11 条独立规则"
"SEG-W8-003-006","SRC-W8-003","45","57","rule-bearing","RULE-W8-003-018|RULE-W8-003-019|RULE-W8-003-020|RULE-W8-003-021|RULE-W8-003-022|RULE-W8-003-023","extracted","最小工件：已逐项提取 6 条独立规则"
"SEG-W8-003-007","SRC-W8-003","58","85","rule-bearing","RULE-W8-003-024|RULE-W8-003-025|RULE-W8-003-026|RULE-W8-003-027|RULE-W8-003-028|RULE-W8-003-029|RULE-W8-003-030|RULE-W8-003-031|RULE-W8-003-032|RULE-W8-003-033|RULE-W8-003-034|RULE-W8-003-035|RULE-W8-003-036|RULE-W8-003-037|RULE-W8-003-038|RULE-W8-003-039|RULE-W8-003-040|RULE-W8-003-041|RULE-W8-003-042|RULE-W8-003-043|RULE-W8-003-044","extracted","ai-quality/signal-contract/<capability>.json：已逐项提取 21 条独立规则"
"SEG-W8-003-008","SRC-W8-003","86","131","rule-bearing","RULE-W8-003-045|RULE-W8-003-046|RULE-W8-003-047|RULE-W8-003-048|RULE-W8-003-049|RULE-W8-003-050|RULE-W8-003-051|RULE-W8-003-052|RULE-W8-003-053|RULE-W8-003-054|RULE-W8-003-055|RULE-W8-003-056|RULE-W8-003-057|RULE-W8-003-058|RULE-W8-003-189|RULE-W8-003-190|RULE-W8-003-191|RULE-W8-003-059|RULE-W8-003-192|RULE-W8-003-193|RULE-W8-003-060|RULE-W8-003-194|RULE-W8-003-195|RULE-W8-003-196|RULE-W8-003-061|RULE-W8-003-181|RULE-W8-003-182|RULE-W8-003-062|RULE-W8-003-173|RULE-W8-003-174|RULE-W8-003-175|RULE-W8-003-176|RULE-W8-003-177|RULE-W8-003-178|RULE-W8-003-179|RULE-W8-003-180|RULE-W8-003-063|RULE-W8-003-064|RULE-W8-003-065|RULE-W8-003-066","extracted","ai-quality/regression-triage/<capability>.md：已逐项提取 40 条独立规则"
"SEG-W8-003-009","SRC-W8-003","132","170","rule-bearing","RULE-W8-003-067|RULE-W8-003-068|RULE-W8-003-069|RULE-W8-003-070|RULE-W8-003-071|RULE-W8-003-072|RULE-W8-003-073|RULE-W8-003-074|RULE-W8-003-075|RULE-W8-003-076|RULE-W8-003-077|RULE-W8-003-078|RULE-W8-003-079|RULE-W8-003-080|RULE-W8-003-081|RULE-W8-003-082|RULE-W8-003-083|RULE-W8-003-084|RULE-W8-003-085","extracted","ai-quality/rollback-runbook/<capability>.md：已逐项提取 19 条独立规则"
"SEG-W8-003-010","SRC-W8-003","171","204","rule-bearing","RULE-W8-003-086|RULE-W8-003-087|RULE-W8-003-088|RULE-W8-003-089|RULE-W8-003-090|RULE-W8-003-091|RULE-W8-003-092|RULE-W8-003-093|RULE-W8-003-094|RULE-W8-003-095|RULE-W8-003-096|RULE-W8-003-097|RULE-W8-003-098|RULE-W8-003-099|RULE-W8-003-100|RULE-W8-003-101|RULE-W8-003-102|RULE-W8-003-103|RULE-W8-003-104|RULE-W8-003-105|RULE-W8-003-106|RULE-W8-003-188|RULE-W8-003-107|RULE-W8-003-108|RULE-W8-003-109|RULE-W8-003-110|RULE-W8-003-111|RULE-W8-003-112|RULE-W8-003-172","extracted","ai-quality/incident-log/<capability>.json：已逐项提取 29 条独立规则"
"SEG-W8-003-011","SRC-W8-003","205","238","rule-bearing","RULE-W8-003-113|RULE-W8-003-114|RULE-W8-003-115|RULE-W8-003-116|RULE-W8-003-117|RULE-W8-003-118|RULE-W8-003-119|RULE-W8-003-120|RULE-W8-003-121|RULE-W8-003-122|RULE-W8-003-123|RULE-W8-003-124|RULE-W8-003-125|RULE-W8-003-126|RULE-W8-003-127|RULE-W8-003-128","extracted","ai-quality/quality-review/<capability>.md：已逐项提取 16 条独立规则"
"SEG-W8-003-012","SRC-W8-003","239","246","rule-bearing","RULE-W8-003-129|RULE-W8-003-183|RULE-W8-003-184|RULE-W8-003-185|RULE-W8-003-130|RULE-W8-003-131|RULE-W8-003-132|RULE-W8-003-133|RULE-W8-003-134|RULE-W8-003-135|RULE-W8-003-136|RULE-W8-003-137|RULE-W8-003-138|RULE-W8-003-139|RULE-W8-003-140|RULE-W8-003-141|RULE-W8-003-142","extracted","Go / Kratos / sqlc / gRPC 默认规则：已逐项提取 17 条独立规则"
"SEG-W8-003-013","SRC-W8-003","247","253","rule-bearing","RULE-W8-003-143|RULE-W8-003-144|RULE-W8-003-145|RULE-W8-003-146|RULE-W8-003-147|RULE-W8-003-186|RULE-W8-003-187","extracted","Vite 前端默认规则：已逐项提取 7 条独立规则"
"SEG-W8-003-014","SRC-W8-003","254","260","rule-bearing","RULE-W8-003-148|RULE-W8-003-149|RULE-W8-003-150|RULE-W8-003-151|RULE-W8-003-152|RULE-W8-003-153|RULE-W8-003-154|RULE-W8-003-155|RULE-W8-003-156|RULE-W8-003-157|RULE-W8-003-158|RULE-W8-003-159|RULE-W8-003-160|RULE-W8-003-161|RULE-W8-003-162|RULE-W8-003-163|RULE-W8-003-164","extracted","AI workflow 默认规则：已逐项提取 17 条独立规则"
"SEG-W8-003-015","SRC-W8-003","261","276","rule-bearing","RULE-W8-003-165|RULE-W8-003-166|RULE-W8-003-167|RULE-W8-003-168|RULE-W8-003-169|RULE-W8-003-170|RULE-W8-003-171","extracted","需要人判断的关键点：已逐项提取 7 条独立规则"
"SEG-W9-001-001","SRC-W9-001","1","4","rule-bearing","RULE-W9-001-001","extracted","W9 Maintain 核心规范：已逐项提取 1 条独立规则"
"SEG-W9-001-002","SRC-W9-001","5","12","rule-bearing","RULE-W9-001-002|RULE-W9-001-003|RULE-W9-001-004|RULE-W9-001-005|RULE-W9-001-006","extracted","W9 核心入口：已逐项提取 5 条独立规则"
"SEG-W9-001-003","SRC-W9-001","13","30","rule-bearing","RULE-W9-001-007|RULE-W9-001-008|RULE-W9-001-009|RULE-W9-001-010|RULE-W9-001-011|RULE-W9-001-012|RULE-W9-001-013|RULE-W9-001-014|RULE-W9-001-015|RULE-W9-001-016","extracted","适用范围：已逐项提取 10 条独立规则"
"SEG-W9-001-004","SRC-W9-001","31","40","rule-bearing","RULE-W9-001-017|RULE-W9-001-018|RULE-W9-001-019|RULE-W9-001-020|RULE-W9-001-021|RULE-W9-001-022","extracted","W9 最小产出：已逐项提取 6 条独立规则"
"SEG-W9-001-005","SRC-W9-001","41","55","rule-bearing","RULE-W9-001-023|RULE-W9-001-024|RULE-W9-001-025|RULE-W9-001-026|RULE-W9-001-027|RULE-W9-001-028|RULE-W9-001-029|RULE-W9-001-030","extracted","人工判断点：已逐项提取 8 条独立规则"
"SEG-W9-001-006","SRC-W9-001","56","78","rule-bearing","RULE-W9-001-031|RULE-W9-001-032|RULE-W9-001-033|RULE-W9-001-034|RULE-W9-001-035|RULE-W9-001-036|RULE-W9-001-037|RULE-W9-001-038|RULE-W9-001-039|RULE-W9-001-040|RULE-W9-001-041|RULE-W9-001-042|RULE-W9-001-043|RULE-W9-001-044|RULE-W9-001-045|RULE-W9-001-046","extracted","触发型专项：已逐项提取 16 条独立规则"
"SEG-W9-001-007","SRC-W9-001","79","95","rule-bearing","RULE-W9-001-048|RULE-W9-001-049|RULE-W9-001-050|RULE-W9-001-051|RULE-W9-001-052|RULE-W9-001-053|RULE-W9-001-054|RULE-W9-001-055|RULE-W9-001-056","extracted","W9 出口：已逐项提取 9 条独立规则"
"SEG-W9-001-008","SRC-W9-001","96","102","rule-bearing","RULE-W9-001-057|RULE-W9-001-058|RULE-W9-001-059|RULE-W9-001-060|RULE-W9-001-061","extracted","W9 完成检查：已逐项提取 5 条独立规则"
"SEG-W9-002-001","SRC-W9-002","1","4","rule-bearing","RULE-W9-002-001","extracted","W9 Maintain 触发专项：知识管理、文档与上下文恢复规范：已逐项提取 1 条独立规则"
"SEG-W9-002-002","SRC-W9-002","5","10","rule-bearing","RULE-W9-002-002|RULE-W9-002-003|RULE-W9-002-004","extracted","W9 触发定位：已逐项提取 3 条独立规则"
"SEG-W9-002-003","SRC-W9-002","11","16","rule-bearing","RULE-W9-002-005|RULE-W9-002-006","extracted","目标：已逐项提取 2 条独立规则"
"SEG-W9-002-004","SRC-W9-002","17","28","context","","reviewed-context","核心依据：仅提供标题、目的、说明或依据，不单独形成规则"
"SEG-W9-002-005","SRC-W9-002","29","43","rule-bearing","RULE-W9-002-007|RULE-W9-002-008|RULE-W9-002-009|RULE-W9-002-010|RULE-W9-002-011|RULE-W9-002-012|RULE-W9-002-013","extracted","范围：已逐项提取 7 条独立规则"
"SEG-W9-002-006","SRC-W9-002","44","68","rule-bearing","RULE-W9-002-014|RULE-W9-002-015|RULE-W9-002-016|RULE-W9-002-017|RULE-W9-002-018|RULE-W9-002-019|RULE-W9-002-020|RULE-W9-002-021|RULE-W9-002-022|RULE-W9-002-023|RULE-W9-002-024|RULE-W9-002-025|RULE-W9-002-026|RULE-W9-002-027|RULE-W9-002-028|RULE-W9-002-029|RULE-W9-002-030|RULE-W9-002-031|RULE-W9-002-032|RULE-W9-002-033|RULE-W9-002-034|RULE-W9-002-117|RULE-W9-002-118|RULE-W9-002-119","extracted","最小工件：已逐项提取 24 条独立规则"
"SEG-W9-002-007","SRC-W9-002","69","96","rule-bearing","RULE-W9-002-035|RULE-W9-002-036|RULE-W9-002-037|RULE-W9-002-038|RULE-W9-002-039|RULE-W9-002-040|RULE-W9-002-041|RULE-W9-002-042|RULE-W9-002-043|RULE-W9-002-044|RULE-W9-002-045|RULE-W9-002-046|RULE-W9-002-047|RULE-W9-002-048|RULE-W9-002-049|RULE-W9-002-050|RULE-W9-002-109|RULE-W9-002-110|RULE-W9-002-111|RULE-W9-002-112|RULE-W9-002-113|RULE-W9-002-114|RULE-W9-002-115|RULE-W9-002-116|RULE-W9-002-051|RULE-W9-002-052|RULE-W9-002-053|RULE-W9-002-054","extracted","governance/knowledge/docs-map/<target>.json：已逐项提取 28 条独立规则"
"SEG-W9-002-008","SRC-W9-002","97","113","rule-bearing","RULE-W9-002-055|RULE-W9-002-056|RULE-W9-002-057|RULE-W9-002-058|RULE-W9-002-059|RULE-W9-002-060|RULE-W9-002-061|RULE-W9-002-062|RULE-W9-002-063|RULE-W9-002-064|RULE-W9-002-065|RULE-W9-002-066","extracted","governance/knowledge/context-packs/<target>.md：已逐项提取 12 条独立规则"
"SEG-W9-002-009","SRC-W9-002","114","126","rule-bearing","RULE-W9-002-067|RULE-W9-002-068|RULE-W9-002-069|RULE-W9-002-070|RULE-W9-002-071|RULE-W9-002-072","extracted","governance/knowledge/glossary/<target>.md：已逐项提取 6 条独立规则"
"SEG-W9-002-010","SRC-W9-002","127","141","rule-bearing","RULE-W9-002-073|RULE-W9-002-074|RULE-W9-002-075|RULE-W9-002-076|RULE-W9-002-077|RULE-W9-002-078|RULE-W9-002-079|RULE-W9-002-080|RULE-W9-002-081|RULE-W9-002-082","extracted","governance/knowledge/how-to/<target>.md：已逐项提取 10 条独立规则"
"SEG-W9-002-011","SRC-W9-002","142","151","rule-bearing","RULE-W9-002-083","extracted","governance/knowledge/freshness/<target>.jsonl：已逐项提取 1 条独立规则"
"SEG-W9-002-012","SRC-W9-002","152","160","rule-bearing","RULE-W9-002-084|RULE-W9-002-085|RULE-W9-002-086|RULE-W9-002-087|RULE-W9-002-088","extracted","Diátaxis 裁剪规则：已逐项提取 5 条独立规则"
"SEG-W9-002-013","SRC-W9-002","161","172","rule-bearing","RULE-W9-002-089|RULE-W9-002-090|RULE-W9-002-091|RULE-W9-002-123|RULE-W9-002-124|RULE-W9-002-092|RULE-W9-002-093|RULE-W9-002-094|RULE-W9-002-095|RULE-W9-002-120|RULE-W9-002-121|RULE-W9-002-122","extracted","Codex 上下文恢复规则：已逐项提取 12 条独立规则"
"SEG-W9-002-014","SRC-W9-002","173","181","rule-bearing","RULE-W9-002-096|RULE-W9-002-097|RULE-W9-002-098|RULE-W9-002-099|RULE-W9-002-100|RULE-W9-002-101|RULE-W9-002-102|RULE-W9-002-103","extracted","文档风格默认规则：已逐项提取 8 条独立规则"
"SEG-W9-002-015","SRC-W9-002","182","192","rule-bearing","RULE-W9-002-104|RULE-W9-002-105|RULE-W9-002-106|RULE-W9-002-107|RULE-W9-002-108","extracted","需要人判断的关键点：已逐项提取 5 条独立规则"
"SEG-W9-003-001","SRC-W9-003","1","4","rule-bearing","RULE-W9-003-001","extracted","W9 Maintain 触发专项：维护、依赖升级、技术债与弃用治理规范：已逐项提取 1 条独立规则"
"SEG-W9-003-002","SRC-W9-003","5","10","rule-bearing","RULE-W9-003-002|RULE-W9-003-003|RULE-W9-003-004","extracted","W9 触发定位：已逐项提取 3 条独立规则"
"SEG-W9-003-003","SRC-W9-003","11","16","rule-bearing","RULE-W9-003-005","extracted","目标：已逐项提取 1 条独立规则"
"SEG-W9-003-004","SRC-W9-003","17","32","context","","reviewed-context","核心依据：仅提供标题、目的、说明或依据，不单独形成规则"
"SEG-W9-003-005","SRC-W9-003","33","48","rule-bearing","RULE-W9-003-006|RULE-W9-003-007|RULE-W9-003-008|RULE-W9-003-009|RULE-W9-003-010|RULE-W9-003-011|RULE-W9-003-012|RULE-W9-003-013","extracted","范围：已逐项提取 8 条独立规则"
"SEG-W9-003-006","SRC-W9-003","49","61","rule-bearing","RULE-W9-003-014|RULE-W9-003-015|RULE-W9-003-016|RULE-W9-003-017|RULE-W9-003-018|RULE-W9-003-019","extracted","最小工件：已逐项提取 6 条独立规则"
"SEG-W9-003-007","SRC-W9-003","62","93","rule-bearing","RULE-W9-003-020|RULE-W9-003-021|RULE-W9-003-022|RULE-W9-003-023|RULE-W9-003-024|RULE-W9-003-025|RULE-W9-003-026|RULE-W9-003-027|RULE-W9-003-028|RULE-W9-003-029|RULE-W9-003-030|RULE-W9-003-031|RULE-W9-003-032|RULE-W9-003-033|RULE-W9-003-034|RULE-W9-003-035|RULE-W9-003-036|RULE-W9-003-037|RULE-W9-003-038|RULE-W9-003-039|RULE-W9-003-040|RULE-W9-003-041|RULE-W9-003-042|RULE-W9-003-043|RULE-W9-003-044|RULE-W9-003-045|RULE-W9-003-046|RULE-W9-003-047|RULE-W9-003-048|RULE-W9-003-049|RULE-W9-003-050|RULE-W9-003-051|RULE-W9-003-052|RULE-W9-003-053|RULE-W9-003-054","extracted","maintenance/dependency-inventory/<target>.json：已逐项提取 35 条独立规则"
"SEG-W9-003-008","SRC-W9-003","94","113","rule-bearing","RULE-W9-003-055|RULE-W9-003-056|RULE-W9-003-057|RULE-W9-003-058|RULE-W9-003-059|RULE-W9-003-060|RULE-W9-003-061|RULE-W9-003-062|RULE-W9-003-063|RULE-W9-003-064|RULE-W9-003-065|RULE-W9-003-066|RULE-W9-003-067|RULE-W9-003-190|RULE-W9-003-191|RULE-W9-003-192","extracted","maintenance/update-policy/<target>.md：已逐项提取 16 条独立规则"
"SEG-W9-003-009","SRC-W9-003","114","129","rule-bearing","RULE-W9-003-068|RULE-W9-003-069|RULE-W9-003-070|RULE-W9-003-071|RULE-W9-003-072|RULE-W9-003-073|RULE-W9-003-074|RULE-W9-003-075|RULE-W9-003-076|RULE-W9-003-077|RULE-W9-003-078","extracted","maintenance/upgrade-plans/<target>.md：已逐项提取 11 条独立规则"
"SEG-W9-003-010","SRC-W9-003","130","145","rule-bearing","RULE-W9-003-079|RULE-W9-003-080|RULE-W9-003-081|RULE-W9-003-082|RULE-W9-003-083|RULE-W9-003-084|RULE-W9-003-085|RULE-W9-003-086|RULE-W9-003-087|RULE-W9-003-088|RULE-W9-003-089|RULE-W9-003-090|RULE-W9-003-091|RULE-W9-003-092|RULE-W9-003-093|RULE-W9-003-094|RULE-W9-003-095|RULE-W9-003-096|RULE-W9-003-097|RULE-W9-003-098|RULE-W9-003-099|RULE-W9-003-100|RULE-W9-003-101|RULE-W9-003-102|RULE-W9-003-103|RULE-W9-003-104|RULE-W9-003-105|RULE-W9-003-106|RULE-W9-003-107|RULE-W9-003-108|RULE-W9-003-109|RULE-W9-003-195","extracted","maintenance/debt-register/<target>.jsonl：已逐项提取 32 条独立规则"
"SEG-W9-003-011","SRC-W9-003","146","161","rule-bearing","RULE-W9-003-110|RULE-W9-003-111|RULE-W9-003-112|RULE-W9-003-113|RULE-W9-003-114|RULE-W9-003-115|RULE-W9-003-116|RULE-W9-003-117|RULE-W9-003-118|RULE-W9-003-119|RULE-W9-003-120|RULE-W9-003-121|RULE-W9-003-122|RULE-W9-003-123|RULE-W9-003-124|RULE-W9-003-125|RULE-W9-003-126|RULE-W9-003-127|RULE-W9-003-128","extracted","maintenance/deprecation-plans/<target>.md：已逐项提取 19 条独立规则"
"SEG-W9-003-012","SRC-W9-003","162","170","rule-bearing","RULE-W9-003-129|RULE-W9-003-130|RULE-W9-003-131|RULE-W9-003-132|RULE-W9-003-133|RULE-W9-003-134|RULE-W9-003-193|RULE-W9-003-194|RULE-W9-003-135|RULE-W9-003-136|RULE-W9-003-137|RULE-W9-003-138|RULE-W9-003-139|RULE-W9-003-140|RULE-W9-003-141","extracted","Go / Kratos / sqlc / gRPC 默认规则：已逐项提取 15 条独立规则"
"SEG-W9-003-013","SRC-W9-003","171","178","rule-bearing","RULE-W9-003-142|RULE-W9-003-143|RULE-W9-003-144|RULE-W9-003-145|RULE-W9-003-146|RULE-W9-003-147|RULE-W9-003-148|RULE-W9-003-149|RULE-W9-003-150|RULE-W9-003-151|RULE-W9-003-152|RULE-W9-003-153","extracted","Vite / npm 默认规则：已逐项提取 12 条独立规则"
"SEG-W9-003-014","SRC-W9-003","179","186","rule-bearing","RULE-W9-003-154|RULE-W9-003-155|RULE-W9-003-156|RULE-W9-003-157|RULE-W9-003-158|RULE-W9-003-159|RULE-W9-003-160|RULE-W9-003-161|RULE-W9-003-162|RULE-W9-003-163|RULE-W9-003-164|RULE-W9-003-165|RULE-W9-003-166|RULE-W9-003-167|RULE-W9-003-168|RULE-W9-003-169|RULE-W9-003-170|RULE-W9-003-171|RULE-W9-003-172|RULE-W9-003-196|RULE-W9-003-197","extracted","AI workflow 默认规则：已逐项提取 21 条独立规则"
"SEG-W9-003-015","SRC-W9-003","187","194","rule-bearing","RULE-W9-003-173|RULE-W9-003-174|RULE-W9-003-175|RULE-W9-003-176|RULE-W9-003-177|RULE-W9-003-178|RULE-W9-003-179|RULE-W9-003-180|RULE-W9-003-181|RULE-W9-003-182|RULE-W9-003-183","extracted","Dependabot / 自动化默认规则：已逐项提取 11 条独立规则"
"SEG-W9-003-016","SRC-W9-003","195","206","rule-bearing","RULE-W9-003-184|RULE-W9-003-185|RULE-W9-003-186|RULE-W9-003-187|RULE-W9-003-188|RULE-W9-003-189","extracted","需要人判断的关键点：已逐项提取 6 条独立规则"
